-10.6689125631680745698304	3.1291808721605800513998	0.8483856856261844381351	0.5185351452873760980111	-340.752302	-335.048520	0.000000	1.000000
-10.8334181104968685360745	3.1291808721605800513998	0.8339759417929250018275	0.5207396144503719792596	-312.804787	-307.101004	0.692000	1.000000
-10.9947281268906369433580	3.0154184481723866895209	1.0424289917416325046418	1.2633921658914135655039	-310.341399	-304.637617	0.692000	1.000000
-10.9754144859370761366790	3.1288215970288160150403	2.6722220164104544259942	0.4176795470236606688808	-310.618925	-304.915142	0.692000	1.000000
-10.8110712729024864842131	2.8477483374961920503665	2.8389342691448291589040	0.4413811495781368443581	-311.068046	-305.364264	0.692000	1.000000
-11.0011907432604481016369	2.7674516357534906241256	2.9455127088671448909452	0.4126291363471889517278	-310.110374	-304.406592	0.692000	1.000000
-10.9742449523076004425093	2.8762351985685783439806	1.1420924170824759968923	0.3609387205142671195546	-310.736817	-305.033035	0.692000	1.000000
-10.5759918304519704435052	3.7157609401791562575568	1.9023901593232646067833	0.7287891311867075172515	-309.729584	-304.025801	0.692000	1.000000
-10.5759918304519704435052	1.1771417864843103373573	1.9818443583413898334555	0.7287891311867075172515	-309.729584	-304.025801	0.692000	1.000000
-10.5759918304519704435052	3.7737711378174578769062	1.7220274597093176982554	0.7287891311867075172515	-309.729584	-304.025801	0.692000	1.000000
-10.5625285671702595635679	3.7902061910113755693885	2.0374259171525128664371	0.8049352728580184690443	-309.891031	-304.187249	0.692000	1.000000
-10.5793186205025637747212	3.4601276741326252306408	2.0499157739958726587304	1.2767410099604952211649	-309.822079	-304.118296	0.692000	1.000000
-8.2363924659804048644673	3.4920284198954179011309	2.2534623858523463724168	1.2767410099604952211649	-284.585687	-278.881904	0.692000	1.000000
-8.2170043619624664188450	3.5508636053487325767719	2.3582794517103002895908	1.2328079359295800454532	-283.843616	-278.139834	0.692000	1.000000
-8.2315844583614659057957	3.7287559738727198421770	2.7597794632016232618810	1.2784152923849705363324	-284.050843	-278.347061	0.692000	1.000000
-8.2182032356550251961380	3.7067676036208005996286	2.8004932511490783220154	1.5742391209029142906672	-283.831868	-278.128085	0.692000	1.000000
-8.2292256923935660495317	3.7516854858943720074649	2.6686456433290626222288	1.6960884941497729183624	-283.803523	-278.099741	0.692000	1.000000
-8.2249209320489491403805	3.9810131377115718365189	2.8632488610690871588815	1.6744544457961079153563	-283.675816	-277.972033	0.692000	1.000000
-8.2249209320489491403805	3.9810131377115718365189	2.8359538520399505401315	1.9659219071219766750147	-283.675816	-277.972033	0.692000	1.000000
-8.2249209320489491403805	1.7055546243598831424038	2.8359538520399505401315	1.9779199309850152843637	-283.675816	-277.972033	0.692000	1.000000
-8.2162223672313299260850	1.8698924794434514939923	2.8535144281429740686917	1.8146911794720652633117	-284.060700	-278.356918	0.692000	1.000000
-8.2185934040908463771302	2.0289321214115272340450	2.7542172219232683438861	0.9670150718147587642903	-283.831357	-278.127574	0.692000	1.000000
-8.2185934040908463771302	3.5557581666532662723057	2.9287434640867404667119	1.1474137434700200088855	-283.831357	-278.127574	0.692000	1.000000
-8.2185934040908463771302	3.7861161481775837955865	2.5976874944439405368257	1.1474137434700200088855	-283.831357	-278.127574	0.692000	1.000000
-3.6827769975171520400181	1.7346786675586223225309	2.5016899690359251096083	1.1474137434700200088855	-267.572658	-261.868876	0.692000	1.000000
-3.6804117673219636230897	1.6896451068919224880460	1.2797424729401982723687	1.0152769597406428037090	-267.524442	-261.820659	0.692000	1.000000
-3.4779793655795065987490	1.7057160144931124978740	1.1407984367795269697865	1.2283199020704063109122	-261.662669	-255.958886	0.692000	1.000000
-3.4201658209042378189224	0.5844605669766771427476	1.8262387712155674357462	1.2547703067150073330538	-261.394723	-255.690941	0.692000	1.000000
-3.1836548811453111440528	0.6426158681795544058701	1.7224680782617538543633	1.0497878759490948397115	-256.426277	-250.722495	0.692000	1.000000
-2.7113889039049552387439	-1.7406260637168016192078	2.0245754409042637789184	0.7516492189323769057552	-255.563234	-249.859452	0.692000	1.000000
-2.8310635122019496279222	1.3780651034950985867056	2.2880974892208523208126	0.8502633938241795918955	-254.484981	-248.781198	0.692000	1.000000
-2.9512232358349352878690	1.3046232693874908470377	2.6823084658136160385311	1.2141453408783993150877	-255.015483	-249.311700	0.692000	1.000000
-2.8250710825326250663636	1.1605100942021919774305	2.8564025852278254191674	0.2821215454403916966797	-254.600315	-248.896533	0.692000	1.000000
-2.9591800900595162104878	1.0670752820816198358500	2.1847397085434692165506	0.1340096198235419810985	-254.921802	-249.218020	0.692000	1.000000
-3.0410320433214503843544	-0.7903855219930254749627	2.3435967477583234952476	0.1560095327085266603273	-255.889159	-250.185377	0.692000	1.000000
-2.9348560636063281137353	-0.8488666424783399833132	2.2599010860341435247278	0.1738657918691360326768	-255.156840	-249.453058	0.692000	1.000000
-2.8903884940444433127027	-1.0648899113554746165278	0.6382272240712985045263	0.2722648347291106718515	-254.565988	-248.862205	0.692000	1.000000
-2.7955536507070286589283	-0.9974216385682699304027	0.7221834386904155689280	1.9477838420990607470884	-255.356012	-249.652230	0.692000	1.000000
-2.8675075143712263070483	2.6843816604617014576206	2.9409028352111454829299	1.5346159812896118523895	-254.709382	-249.005599	0.692000	1.000000
-2.9211208641214021497490	2.3042391637109687074769	2.1456176014986687583530	1.2172656671978916431698	-255.162774	-249.458992	0.692000	1.000000
-2.9147650893212211364869	2.0727912572643059085920	1.7405563717182614968948	0.1869748776851402061183	-254.976064	-249.272282	0.692000	1.000000
-2.8934576312367399353320	2.1012843857256902069253	1.4772955543222014984650	0.3839850480626744166912	-254.555524	-248.851742	0.692000	1.000000
-2.9486637303176039814900	-0.8453157014084270448606	1.8649738465734748693592	0.5407445007211542087333	-255.086657	-249.382875	0.692000	1.000000
-2.7154941560220353657940	-0.5545658446427687016111	1.9493667468800786046756	0.7326501123736660625596	-255.400227	-249.696445	0.692000	1.000000
-2.8160906665967773143677	-0.8348354966712947522467	1.9148379216049331574823	0.9780244401932722819737	-254.883914	-249.180131	0.692000	1.000000
-2.8978556736169971408401	-0.5203445702814040174644	2.0310334101193601163970	1.1302319884307929775957	-254.595098	-248.891316	0.692000	1.000000
-2.9419949392170123836365	-0.2165836720572885953917	2.5798699566669447413858	1.2682744252631568127043	-255.163498	-249.459715	0.692000	1.000000
-2.9441559534230905548213	-0.3592960663238013996335	2.5780523375618114023666	1.2604136750661067978285	-255.150673	-249.446891	0.692000	1.000000
-3.0847050461810701094123	0.9889149524418596737263	2.6381292674931851038878	1.0659094072690871168874	-256.264261	-250.560479	0.692000	1.000000
-2.8705153897697397447075	1.0255500819733609496609	0.5252439792032566057145	0.9516373583944769398713	-254.658706	-248.954924	0.692000	1.000000
-2.8002887199901294046356	1.3878785892712677263461	0.6369530089385658788714	0.6698496010381576049042	-255.301509	-249.597727	0.692000	1.000000
-2.9010260817282671474970	1.7512234662792769412931	0.7011590127301199348864	0.3077902718838534945611	-254.625238	-248.921456	0.692000	1.000000
-2.8657856396654857178419	-0.1868830748821012910366	0.5188140961934836203895	1.5296120585835768501681	-254.693985	-248.990203	0.692000	1.000000
-2.9543874727114873834921	-0.5928430128253254771664	2.4389791416196531237404	1.6093805506111384939771	-254.974795	-249.271012	0.692000	1.000000
-2.8590916186843227109193	-0.8016733821968035078598	2.2893689305440694248261	0.6793995342566386819172	-254.622604	-248.918821	0.692000	1.000000
-2.8019665869002063907089	-0.8539696321768330822266	2.1564613860912289489136	0.7712525465407951141827	-255.246198	-249.542416	0.692000	1.000000
-2.8282995509614203832882	-0.5687852463288900484173	2.0094320915307912756020	1.1028493393245069054132	-254.533444	-248.829662	0.692000	1.000000
-2.7313254602318690622553	0.7165879277392495083632	1.9709694614855237659867	1.0866456453040389540377	-255.266376	-249.562594	0.692000	1.000000
-2.7313254602318690622553	-0.1878096363410848290698	1.9345032138504631991083	0.8225320003507573529689	-255.266376	-249.562594	0.692000	1.000000
-2.8307053134125470528204	0.0697339200583881185791	2.2058126295143236639262	1.4778314685689100116406	-254.478119	-248.774337	0.692000	1.000000
-2.9814774063415940830168	0.1030288031366802664612	2.0483615812468198846830	1.6916783230904055557176	-255.140855	-249.437073	0.692000	1.000000
-2.8329875554916283952878	-0.2068113896417233810165	2.3060701610687264206945	1.8258977489482248746100	-254.427629	-248.723847	0.692000	1.000000
-2.9624984296179452947229	-0.4292428650486952435017	1.9641675848133473003543	1.6441381239873740227608	-254.967699	-249.263917	0.692000	1.000000
-2.8397942943023566364502	-0.5577656585748111961465	2.7620429624043523197940	1.3409703186080901282651	-254.364276	-248.660493	0.692000	1.000000
-2.8806589627300409617305	-0.6836736640159958300345	2.8477467119222135139012	1.4212202579034241001210	-254.584256	-248.880473	0.692000	1.000000
-2.8712506259240075934258	-0.6011853126170030314768	2.7763869353738508394258	1.4148101725185326937861	-254.631918	-248.928136	0.692000	1.000000
-2.9433870982325895937493	-0.5428862108961437504817	2.9727595943648386089819	1.3728388879303576874946	-255.147788	-249.444006	0.692000	1.000000
-2.9495531205258971318983	-0.4321350000897041243597	2.9186841929864550948537	1.6681620929282003906735	-255.012869	-249.309087	0.692000	1.000000
-2.9722965081093355443898	3.1376043145066341288896	2.6098465518083324710119	1.5103978894195511095688	-254.980218	-249.276436	0.692000	1.000000
-3.0026432775771025873723	3.1682355359479199563566	2.6418680066097826042437	1.7902931881624937204833	-255.487217	-249.783435	0.692000	1.000000
-3.0606537819188903704060	3.0390065683632911941459	2.7645495181908743553834	1.4577865851475075853472	-256.010615	-250.306832	0.692000	1.000000
-3.2801418919354654590848	3.0171419032077859689878	2.2926354871995884288083	1.1703863774327154523291	-258.420287	-252.716505	0.692000	1.000000
-2.9592829951708221614126	3.0228515463761884696225	1.1116548154818177707170	1.0464312370628254811322	-254.924068	-249.220286	0.692000	1.000000
-2.8991146587769449638472	3.2556154898499078953478	2.6905704039656819226423	0.9169253765033192893341	-254.584900	-248.881118	0.692000	1.000000
-2.9772780346420186781131	0.6999399243409851756326	2.7598803569534018365061	1.2315030387187093641188	-255.077187	-249.373404	0.692000	1.000000
-2.8255860336981371006004	-1.2797225129872757953819	0.8160011709829914083869	1.3207197657527620648921	-254.600214	-248.896432	0.692000	1.000000
-2.9743198112462776450116	-1.4996186286367623186067	0.6144757929243678251652	0.0307120924039804878147	-255.040744	-249.336961	0.692000	1.000000
-2.9111858171183024879269	-1.6724627056257501678260	0.5055268153443469580921	0.0218465953857729586196	-254.892245	-249.188462	0.692000	1.000000
-2.8631887812017673411447	-1.8666000221788185964300	0.6948134681628934661290	0.1873267431115700765165	-254.669785	-248.966003	0.692000	1.000000
-2.8375829787198032505557	3.0449486689726574795145	0.6902894661473661930273	0.1873267431115700765165	-254.385503	-248.681720	0.692000	1.000000
-2.9742766842494017254239	3.0310221489391451221707	0.7110423170250372848500	0.2081683375598968321896	-255.041474	-249.337692	0.692000	1.000000
-2.9435187790253234396687	2.7764406507169323568007	0.9515508907284111472791	0.5787122157876654071629	-255.147788	-249.444006	0.692000	1.000000
-2.7336300612474544458053	2.9567265706277363612742	1.2037797253297553012885	0.6339446294895573208450	-255.311406	-249.607624	0.692000	1.000000
-2.8353770693942750291683	-0.1545385252418091104332	0.7599543823094598860024	0.3863482144989257571766	-254.469575	-248.765792	0.692000	1.000000
-2.8965643500981776981007	-0.0958397783021235349921	2.7622472512280831224984	0.3581917483310390615259	-254.561588	-248.857805	0.692000	1.000000
-2.8526706023177266224877	2.5229265157428857335731	2.6325782035235287814601	0.3053054899127207733045	-254.530846	-248.827064	0.692000	1.000000
-2.8526706023177266224877	2.5831650828786405504900	2.5990778227573354541846	1.6089545876953554870425	-254.530846	-248.827064	0.692000	1.000000
-3.0669224739221081499352	2.1038081982393417312949	1.1380161540710511669516	1.6864227852015918340811	-256.087958	-250.384176	0.692000	1.000000
-3.0155009255241163046435	1.9790066408769961814329	1.2186424206027604011382	1.4304550547100109980647	-255.685227	-249.981445	0.692000	1.000000
-2.8393963925105807355465	2.9358366094448404837181	2.7815737707623822139169	1.5121488922174117774944	-254.358640	-248.654857	0.692000	1.000000
-2.9391979120449476248211	3.0291158830971833815227	2.1804167655776445222671	1.1643856768052205374886	-255.192066	-249.488284	0.692000	1.000000
-2.7959392757574281773714	3.1998628164577884724906	1.8561070787872979703792	0.6955171084147520055296	-255.351148	-249.647365	0.692000	1.000000
-2.8413207878389412641695	3.3724882870683474678231	1.6162676504318518322378	0.8929056363024461262512	-254.403503	-248.699721	0.692000	1.000000
-2.8133802167016748185802	3.2771087296508669695072	1.3509575633741142119959	1.0675097137580806805346	-254.965148	-249.261365	0.692000	1.000000
-2.8403180898860851399945	3.0707474711344748818931	1.4538024010686223519428	1.5257766130487631084378	-254.360512	-248.656730	0.692000	1.000000
-2.8942499189939643322589	3.0134160905476901071154	1.3975544501978676148468	1.5804394222588706853116	-254.592602	-248.888820	0.692000	1.000000
-2.9299325826050344190321	-0.8266133467501595166738	2.5746057346896975559503	1.7089631839055297035657	-255.232362	-249.528579	0.692000	1.000000
-2.8826484440471711323539	-1.1999804798350219847691	2.3456356409775991345157	0.3200157446234946911900	-254.585164	-248.881382	0.692000	1.000000
-2.7061960713149351143159	-1.2301456108183146387347	2.6916929693762123854128	1.5108388803479788631279	-255.742804	-250.039022	0.692000	1.000000
-2.8743471906888893308007	-1.0569213220727653457232	2.3720532643943772477257	0.9508240390308568823485	-254.593728	-248.889946	0.692000	1.000000
-2.8487591403464413986057	-1.5879642977300065798119	2.2839694965014745164922	0.5973064872799512814439	-254.395090	-248.691308	0.692000	1.000000
-2.8522410993148898938898	-1.5929109123919538149039	2.2497971690937679234423	0.6788146529218371805214	-254.531438	-248.827656	0.479000	1.000000
-2.8522410993148898938898	-1.5929109123919538149039	2.2497971690937679234423	0.0676842112626725445068	-254.531438	-248.827656	0.479000	1.000000
-2.8628497504776939663884	-1.6079820002080140728395	2.1456827024459919073252	0.3160190434792707891987	-254.673927	-248.970145	0.479000	1.000000
-2.9067539268675934849284	-1.6192131232620508018982	2.5141023581081025639605	0.4377587911408038490180	-254.743260	-249.039478	0.479000	1.000000
-2.9067539268675934849284	-1.6192131232620508018982	2.5141023581081025639605	0.4377587911408038490180	-254.743260	-249.039478	0.479000	1.000000
-2.9022397760371836383797	-1.5886456440513654353452	2.1646361544106782481833	1.2709661257337052653327	-254.618028	-248.914245	0.479000	1.000000
-2.8749661215897286403731	-1.6004957015968215294777	2.1982470155105637843462	1.5288734434083663948911	-254.592781	-248.888999	0.479000	1.000000
-2.9178747612301965119741	-1.5987146986443527829636	1.3254511340974579614027	1.4218448186806851296637	-255.057289	-249.353506	0.479000	1.000000
-2.8871874665668304515975	-1.6126179342831121754642	2.0405808071197877318070	1.9793142247315147486120	-254.591069	-248.887286	0.479000	1.000000
-2.8361216795145089974994	-1.5400717689647336339220	2.5417460449346376272217	0.7839300552425106927146	-254.386434	-248.682651	0.479000	1.000000
-2.8082142022652147872464	2.0890959187878181957387	1.1671243819383776418874	0.4803235489283669834570	-255.108952	-249.405170	0.479000	1.000000
-3.0815583889648734405853	2.0211645790481203022182	1.0669417755363754807263	1.6320614326380971093045	-256.276583	-250.572800	0.479000	1.000000
-3.0412664038820427236942	2.1028150519496264791997	1.0644375682201299149199	1.1760283441747003685407	-255.893992	-250.190210	0.479000	1.000000
-2.9858745791405172376187	0.7746868900204102459384	1.7835821989551272626073	1.6040750905381511159931	-255.205894	-249.502111	0.479000	1.000000
-2.9463836410328654302759	0.8185065166253555624110	2.2595804217629136267931	0.8972427143434753560314	-255.096577	-249.392794	0.479000	1.000000
-2.9460971568812102105994	0.8183767216495870799875	2.2662565826935749946358	1.8220958544568077730474	-255.116821	-249.413039	0.479000	1.000000
-2.9349596013537739835897	1.2129505566139071603970	1.7962554424473129444095	1.5613800536671109675524	-255.160169	-249.456387	0.479000	1.000000
-2.8957154448083306519379	-0.7138285037689475753808	2.7107922612266754924804	1.9453973724169510983728	-254.562663	-248.858880	0.479000	1.000000
-2.8957154448083306519379	-0.7138285037689475753808	2.7107922612266754924804	1.9453973724169510983728	-254.562663	-248.858880	0.479000	1.000000
-2.8955102846491000967433	-0.7135370447767842572162	2.7128057255425326310672	1.3484306674171662177031	-254.591143	-248.887360	0.479000	1.000000
-2.8956387904353921847189	-0.7137196054021041069504	2.9749376162273284407433	1.3514388220249482497337	-254.590286	-248.886504	0.479000	1.000000
-2.8959217691369651959121	-0.7135913986112520923655	2.9683431455009872124151	1.3486697799099638395148	-254.562663	-248.858880	0.479000	1.000000
-2.8546256384941504080643	-0.6549244105248168690281	1.9722888844116286399810	0.3819806582678796358366	-254.507448	-248.803666	0.479000	1.000000
-2.9660805813236992278803	-0.5033231901591239676463	1.9792159763057537436026	1.9964735440154743884023	-255.002465	-249.298682	0.479000	1.000000
-2.9660805813236992278803	-0.3842279455400667842468	1.9792159763057537436026	1.7527442157568866587525	-255.002465	-249.298682	0.479000	1.000000
-2.9889577183328221998693	-0.3124490061715441413526	1.0039430648883285179807	0.4408855109855212006664	-255.223621	-249.519838	0.479000	1.000000
-2.9889577183328221998693	-0.3124490061715441413526	1.0039430648883285179807	1.5471006068113610787407	-255.223621	-249.519838	0.479000	1.000000
-2.9483142444971566220602	-0.0231262669155434114066	1.4028225771066158422684	0.5956893387070271161932	-255.080013	-249.376231	0.479000	1.000000
-2.9934847289284078897253	-0.8017104322560465456959	0.5724250502483334557269	0.4865958974768740397110	-255.231695	-249.527913	0.479000	1.000000
-2.9650661121894494876017	-0.8341787371848300436383	0.8453166270853605945845	0.5515340545289986184940	-254.959005	-249.255222	0.479000	1.000000
-2.9469365066493731220021	-0.8084230710806383779499	1.0232425653005552401709	0.1271433868696061897374	-255.092201	-249.388419	0.479000	1.000000
-2.9469365066493731220021	-0.8084230710806383779499	0.8564455911592107062447	0.6836259827072210804033	-255.092201	-249.388419	0.479000	1.000000
-2.8650935901853240572734	-0.4850758669338398609838	1.8431570645479995462779	0.9555823817030270062034	-254.704714	-249.000932	0.479000	1.000000
-2.6810631208334188002596	-0.1956311155033343407439	2.6184644629748081712250	1.3060578982377264445347	-256.510748	-250.806965	0.479000	1.000000
-2.7115508926071636430777	-0.1818182760295078415069	1.9079844255876996506061	0.1899409595308909626254	-255.563234	-249.859452	0.479000	1.000000
-2.7251019643807747883102	2.1457740797173010527388	1.9529014373557578299057	0.0573391480315682544600	-255.323062	-249.619279	0.479000	1.000000
-2.8941327911384746585099	2.5638913151776141496896	1.3287499466191405872451	0.2466189708102700384185	-254.592602	-248.888820	0.479000	1.000000
-2.8893727617321776079962	2.5706536094682266302414	1.3754653975524280262732	0.1351928256935915617643	-254.610504	-248.906721	0.479000	1.000000
-2.8985445323327119204748	2.3611881920470620954688	1.1617285601235520786645	0.3846576601805578032867	-254.599268	-248.895485	0.479000	1.000000
-3.0856703661950053430019	-0.5831486968225045863790	1.4890890753106766908331	0.7014399156564303794426	-256.213304	-250.509522	0.479000	1.000000
-3.2532773877727390043901	2.2728888542844902787010	1.7826295597065278109028	0.7518266690299453269830	-258.122084	-252.418301	0.479000	1.000000
-2.8207250650243520517790	2.8615567624974351801370	2.1667189738458216829997	1.1953374932807721009453	-254.795717	-249.091935	0.479000	1.000000
-2.9945647494468561333747	2.7476281231366406210270	1.5034510753991525700002	0.9536129100745009967710	-255.292993	-249.589210	0.479000	1.000000
-2.9644851701965966306318	2.7340002200315054459168	0.8613300648939860026942	1.1596773875233126194217	-254.954110	-249.250328	0.479000	1.000000
-2.9361509742018108148898	0.2665404738249810279171	1.6456776472182630399743	1.7421970452290669317819	-255.179948	-249.476165	0.479000	1.000000
-2.9382764463702804036416	0.2780317538274760802430	1.5203479185594066525056	1.5348817028417829355647	-255.152561	-249.448779	0.479000	1.000000
-2.8966965430630513544941	3.7839616951498014074673	1.9284176523703211447724	0.5615498293622188663576	-254.592756	-248.888974	0.479000	1.000000
-2.9039669853678216071557	0.8589023104049124945902	1.8570647337722765435331	0.7317415004981387971483	-254.669198	-248.965415	0.479000	1.000000
-2.9546811016083465162296	3.4727043255866965054679	0.5831743638243351846029	0.5753133136763721733331	-254.922903	-249.219120	0.479000	1.000000
-2.8799339193788560109510	2.5573546323563625115582	1.8460401722531094570456	0.2211383283145423872540	-254.582158	-248.878376	0.479000	1.000000
-2.8820254065647210595102	2.5410071053661167361781	1.9218161197898526726391	0.2498447582034875047441	-254.581402	-248.877620	0.479000	1.000000
-2.8666714149534571198785	2.4896815134081187181891	2.3554666684666956122385	1.2068543675785590174598	-254.697171	-248.993389	0.479000	1.000000
-3.0040382115207222568642	2.0790196402692950883306	1.6125700732894345801327	0.1071050335754775151287	-255.506605	-249.802823	0.479000	1.000000
-3.0040382115207222568642	2.0790196402692950883306	1.6125700732894345801327	0.1071050335754775151287	-255.506605	-249.802823	0.479000	1.000000
-2.9797028787830313056872	2.0679942348332263080124	2.1796750831803732850744	0.5325010188626850826665	-255.079041	-249.375259	0.479000	1.000000
-3.0050611086737890609299	2.0794830757173956570227	1.5887327127585453290237	1.8753508352391317082208	-255.520036	-249.816254	0.479000	1.000000
-2.9687217141331050385133	1.8843756958849140481504	1.9453715184694899686946	1.0246925085939238009303	-255.024547	-249.320765	0.479000	1.000000
-3.1664209249412840208038	-0.2775475600608483528475	2.3820884167960194588431	0.6940740334100896635761	-256.484734	-250.780951	0.479000	1.000000
-2.6990286983937261666711	-0.2152263020615068356278	1.7285841739646841119793	0.9290154967426741405845	-255.996743	-250.292960	0.479000	1.000000
-2.6857453282491965396162	-1.2260823900936967945086	1.8589486262083168011117	0.6180689451510101850573	-256.362620	-250.658838	0.479000	1.000000
-2.6666680425909623508574	-1.2347255761667585982622	2.3035213135235292902792	0.8047466248972064972733	-257.247854	-251.544072	0.479000	1.000000
-3.0080780914492151190132	1.6164417404273656586611	2.3247404602206453994029	0.7570701975697885499628	-255.543349	-249.839566	0.479000	1.000000
-2.9699647612892410286634	1.6467595371490542088821	1.6246142953887174886773	0.2870095958542868697094	-254.990428	-249.286645	0.479000	1.000000
-3.2006777989100720915872	1.1792266373041397908850	1.5420982721741403054239	0.2547915243347100844318	-256.877836	-251.174054	0.479000	1.000000
-2.8972671481769207701973	0.7728275607683948722482	1.5686417003199317754536	0.4196694976233783513919	-254.592014	-248.888232	0.479000	1.000000
-2.8633671022287887630853	0.7574687508064240626382	2.3586405920524824431084	0.7513928902620621297359	-254.673591	-248.969809	0.479000	1.000000
-2.8827232851737671914805	0.7299705582020405980614	1.0069162115097283205500	1.2044961519517916048727	-254.585164	-248.881382	0.479000	1.000000
-2.8827232851737671914805	0.7299705582020405980614	1.0069162115097283205500	1.2044961519517916048727	-254.585164	-248.881382	0.479000	1.000000
-2.8983840484089413713775	0.7077222314014204318511	2.2627381127428978224714	1.5710944075365256278332	-254.599707	-248.895924	0.479000	1.000000
-2.8927487867079584304975	0.7051691105683749460908	2.3940609582992453674422	1.6262373454758176638535	-254.599772	-248.895989	0.479000	1.000000
-2.9368481336131293524261	2.8170564912151880854196	2.2733253907423596196224	1.3815739156486284144876	-255.199616	-249.495833	0.479000	1.000000
-2.7383048298610574988743	3.2330683676525464598228	2.7264439413818983837245	1.9406467216956735377664	-255.402351	-249.698569	0.479000	1.000000
-2.7383048298610574988743	3.2330683676525464598228	1.9214791829306407944244	1.9406467216956735377664	-255.402351	-249.698569	0.479000	1.000000
-2.9583792730490694466994	2.7698516012567666599864	2.2162483368080900802966	1.6460591300909248602125	-254.918140	-249.214358	0.479000	1.000000
-2.9520926930673163646190	3.4673888215276780222496	2.3627493541215058847627	1.7075754372614890819193	-254.955845	-249.252063	0.479000	1.000000
-2.9520926930673163646190	3.4673888215276780222496	2.3627493541215058847627	1.8245898193206240289754	-254.955845	-249.252063	0.479000	1.000000
-2.9520926930673163646190	-1.4301778997545424587656	2.3627493541215058847627	1.8245898193206240289754	-254.955845	-249.252063	0.479000	1.000000
-2.9729352591039210906843	-1.4207349328817002742653	1.8770389779475944447285	1.4146439221542594921743	-254.998928	-249.295145	0.479000	1.000000
-2.8718677970796568921230	-1.1797029062638499929960	1.5602716679014096978761	0.3053654827650402747707	-254.623882	-248.920099	0.479000	1.000000
-2.9869478148385755211791	-1.6329240710260031210765	1.8205261127096654671931	0.3937781770507173817464	-255.184628	-249.480846	0.479000	1.000000
-2.9611597626695735918645	-1.6278697144047800104971	1.5471518986281331820010	0.3495979753957783042750	-254.938030	-249.234248	0.479000	1.000000
-2.8586786472661689373354	-1.4168620741348105784851	2.4438734836503002156860	0.3509439969285070293203	-254.642741	-248.938959	0.479000	1.000000
-2.8603847941632514206844	-1.4170866604450260695103	2.4112958425641193294098	0.3519215777537645917228	-254.617509	-248.913726	0.479000	1.000000
-2.6684773967913577585875	-0.1886870837698590985809	2.4850576521014433595269	0.2135211431185914388031	-257.055645	-251.351863	0.479000	1.000000
-2.6918715804062673946362	-0.2219218268332887045169	1.7268398876066413105690	0.7611487890555668212045	-256.178434	-250.474651	0.479000	1.000000
-2.7239718765258844612731	-0.2073784144562516584820	0.9787819528892566234290	0.4470365559984765813084	-255.310470	-249.606688	0.479000	1.000000
-2.9947546474537727334564	0.6346789813168585148162	1.6821119157417920852993	0.8068913687079972696381	-255.294875	-249.591093	0.479000	1.000000
-2.9871728689633636477652	3.8803101890857134570467	2.9155498177212262334024	0.6294117192761498058573	-255.196916	-249.493134	0.479000	1.000000
-2.9871728689633636477652	3.8803101890857134570467	2.9155498177212262334024	0.6294117192761498058573	-255.196916	-249.493134	0.479000	1.000000
-2.8255995363305155265721	3.7931049990589813525332	1.8248315360388687178528	0.7175541841552091071321	-254.600214	-248.896432	0.479000	1.000000
-2.9212437548456211544590	3.5426082798139466589760	2.4425823189769637622248	1.1257687763979409290016	-255.166653	-249.462871	0.479000	1.000000
-2.7541417786804127665334	0.1541479412371944968108	2.0811164882973551826240	1.7587864608405747723907	-255.752381	-250.048598	0.479000	1.000000
-2.7912156006674049280036	3.9508257715011083632817	1.2171566480415187960773	0.2477412236980152115962	-255.411563	-249.707781	0.479000	1.000000
-2.7390765037132007719833	3.9272035474211284267199	2.4321941991049871312214	0.7579398870635128959705	-255.431919	-249.728137	0.479000	1.000000
-2.7478588241059127561527	3.3910950413345095633133	2.2994760771162274792800	1.8108439755110707913843	-255.617300	-249.913518	0.479000	1.000000
-2.6960095279853852900942	3.4647542919820586426738	2.9010771759630582522504	0.5971188699306608782535	-256.087005	-250.383222	0.479000	1.000000
-2.9105047562603254540647	3.0825290445668960259695	2.1779340431631450947236	1.1518694437619592108035	-254.852233	-249.148451	0.479000	1.000000
-2.8419414556484037248651	3.2276076939843023616561	2.0736232096362763321906	1.3999959885679771343092	-254.338187	-248.634404	0.479000	1.000000
-2.8356485522296592804992	1.3335033739574668754102	2.2202715868742992633145	1.4615741727039919251041	-254.469022	-248.765239	0.479000	1.000000
-2.9070169958803675491765	1.8279210444665363599626	2.7195683436743047778350	0.1655020134032969547633	-254.746123	-249.042340	0.479000	1.000000
-2.9163699332787613727191	1.8177677037032913265335	1.8830339912171354388448	0.2926316944735265490607	-255.016195	-249.312413	0.405333	1.000000
-2.8314622080311684371168	1.7675829879553053292085	2.6687629235062262367251	0.7116147935188987805333	-254.474049	-248.770267	0.405333	1.000000
-2.8209975313650916817210	1.7863216605086362775978	2.8367116226850823679229	0.1652265354264964014597	-254.793296	-249.089514	0.405333	1.000000
-2.8445595392816938051794	-1.7691561864033751305669	2.4290374745727767447079	0.9314586961796011976844	-254.344613	-248.640831	0.405333	1.000000
-2.9084218458209210034227	2.3631680188499117889478	1.0185872349657012492230	0.8164496695470315756893	-254.807858	-249.104075	0.405333	1.000000
-2.9121358265810841636778	2.3591362039622651991522	0.9543272640895307246112	0.9372276402924702987107	-254.910465	-249.206683	0.405333	1.000000
-2.8245256473325999202473	0.0872275917873115425039	2.7110224539986687020132	1.8732230601639165978867	-254.613173	-248.909390	0.405333	1.000000
-2.8937078339466015819426	0.0379978453829111564866	1.3238318844243537331096	1.1341056383887824221546	-254.575830	-248.872048	0.405333	1.000000
-2.8836255406421842373277	-1.8511641207618179105765	1.4982775576643070358784	0.8062313158210991925756	-254.600718	-248.896936	0.405333	1.000000
-2.8636056072171411912564	-1.8603989042895869854277	1.8997026095447093752000	1.0201170326716977321269	-254.677157	-248.973375	0.405333	1.000000
-2.8724463733082115091122	-0.5669581602803194231299	1.7224340386946597192264	0.9256654901639815857806	-254.631127	-248.927344	0.405333	1.000000
-2.8710735606121775553845	-0.5675914105415910126951	1.7499606740748865352231	0.9403321237315820368963	-254.640407	-248.936624	0.405333	1.000000
-2.8872541622994445376094	-0.5851567117605823709070	2.2151213639069156080552	1.4665223124881185956525	-254.591069	-248.887286	0.405333	1.000000
-2.8923475936276155096039	-0.5828072166483569960249	2.1129916069416587731666	1.4121059371822757277926	-254.596715	-248.892933	0.405333	1.000000
-2.8861056526559334400872	-0.5879988288818933650504	2.2422599345309643936730	1.5433756411881907055772	-254.616934	-248.913152	0.405333	1.000000
-3.0964740054336101771071	-1.0962711703632890269944	0.7435562602513741126131	0.1004157755767329796015	-256.247196	-250.543413	0.405333	1.000000
-2.8607662522029748686236	-0.7605022316587687347678	2.7773137758556765142259	0.1131250334839351279204	-254.621627	-248.917845	0.405333	1.000000
-2.8866922569431370249049	-0.7974341822507158283884	2.7785019756584614647466	0.1117271147636982875362	-254.622369	-248.918587	0.405333	1.000000
-2.9556954704153435287139	-0.8194002318321305100568	0.8168123739887512835267	0.2996625216123085522213	-254.912141	-249.208359	0.405333	1.000000
-2.7328692346836476190219	0.5967589416952245873205	0.6598342460437702783338	0.5164682218154440507263	-255.255682	-249.551899	0.405333	1.000000
-2.6985264621733646706048	0.5660675083429314025096	0.7007372188601813656206	0.3328370190238801873406	-255.996952	-250.293169	0.405333	1.000000
-2.7069400903747493636331	0.5569338607469819235618	0.5551630928487758520617	0.6064466595663461356835	-255.720035	-250.016253	0.405333	1.000000
-2.7833487748381324777824	3.8682294644506383107796	0.7242873998418110081943	0.2913434245766088892537	-255.613777	-249.909994	0.405333	1.000000
-2.8859686895334375478228	3.1847466052781778778069	1.8598178745028137726081	1.2350128957880255331503	-254.612596	-248.908813	0.405333	1.000000
-2.8859686895334375478228	-1.0442311717498347078958	1.8598178745028137726081	1.2350128957880255331503	-254.612596	-248.908813	0.405333	1.000000
-2.8334474239861457967038	-1.0684581513124635776535	2.9129358494493593489949	0.6074695617958727478225	-254.432123	-248.728341	0.405333	1.000000
-2.9973491316612799195696	-1.0657852774896876546507	2.9468803406189860716324	1.1578731065001797162495	-255.382528	-249.678746	0.405333	1.000000
-2.8522105322844648611635	-0.6132459647293981852556	2.3981636189671009518065	1.3563772629532273583663	-254.531438	-248.827656	0.405333	1.000000
-2.8532604796501450650226	-0.6127616456044666648495	2.5885821660383094844349	1.3451600056229455759649	-254.502632	-248.798849	0.405333	1.000000
-2.8500135573774083574961	1.9707370212215020721658	2.2516714399102331078950	1.2395706909243668913945	-254.475787	-248.772004	0.405333	1.000000
-2.8562936781764389770899	0.8833333312096464107199	2.0957560817667837405054	0.7011509457311404514002	-254.566771	-248.862989	0.405333	1.000000
-2.9031170797936916017079	0.8833333312096464107199	1.7112680748222517390644	0.7011509457311404514002	-254.665141	-248.961359	0.405333	1.000000
-2.8906097291146939376461	0.8969110328535252474325	1.9276725319996694807401	0.2944142036849496935069	-254.566468	-248.862686	0.405333	1.000000
-2.9027079576583227904507	-1.8056697617250501153308	1.7506437408941026845355	1.1954114925323473528351	-254.669740	-248.965957	0.405333	1.000000
-2.8595416050678759134485	-1.4390458142581121769865	2.6161838483568047308836	1.6565851673700588975180	-254.631610	-248.927827	0.405333	1.000000
-2.9625955637319614233149	-1.4660298341578634762072	0.6822600257063393680568	1.9855985648466472071050	-254.967699	-249.263917	0.405333	1.000000
-2.9625955637319614233149	3.8436605344544698681375	1.2275316259170938604228	1.9520530489971463783405	-254.967699	-249.263917	0.405333	1.000000
-2.9837504890489054965030	3.8534188663979578315377	0.7859519100651166656490	1.7260414899039759895061	-255.135286	-249.431504	0.405333	1.000000
-2.9740667510247367211207	3.8538985239267176119426	0.9713320618956553520462	1.6913422863502893811471	-255.041474	-249.337692	0.405333	1.000000
-2.9740667510247367211207	3.0259774057930783897064	0.9713320618956553520462	1.9114012033288381164908	-255.041474	-249.337692	0.405333	1.000000
-2.9738095892408336062829	2.1953918637850691197855	0.9757815218716771044072	0.6972820709633403835070	-255.001083	-249.297301	0.405333	1.000000
-2.9738095892408336062829	2.1953918637850691197855	0.9757815218716771044072	1.2032864388854966897213	-255.001083	-249.297301	0.405333	1.000000
-3.0113255693794704903610	2.1419498337162306000891	0.9775008951668983092631	1.2012635938127813606258	-255.579676	-249.875894	0.405333	1.000000
-2.8546857716379405722762	0.7498924462688377756692	1.5125895309465096083557	0.8891979692782916444571	-254.507448	-248.803666	0.405333	1.000000
-2.8546857716379405722762	0.8236062102920547189910	1.5125895309465096083557	0.8891979692782916444571	-254.507448	-248.803666	0.405333	1.000000
-2.8284462584286949038415	0.8520912420769237716200	1.9665903628078502674015	0.0358938292154512006427	-254.528739	-248.824956	0.405333	1.000000
-2.8284462584286949038415	0.8520912420769237716200	0.5887011447393470930933	0.0358938292154512006427	-254.528739	-248.824956	0.405333	1.000000
-3.1189626431641208625933	-0.6581674965725952120010	1.1778233723143378686160	0.7004867900398846769505	-256.156520	-250.452738	0.405333	1.000000
-2.7272067885166517697826	-0.1103780947633642428585	1.6856389054006535310748	0.0873043105384112005929	-255.261884	-249.558101	0.405333	1.000000
-2.7186925807683040012819	-0.1143055236811891667292	1.8563595673797597118693	1.2294554374247730343939	-255.348014	-249.644231	0.405333	1.000000
-2.8431586724528683518542	-0.0268151596631129827963	1.8631405256331154962623	1.9928443821461860885336	-254.344639	-248.640857	0.405333	1.000000
-2.8270748092148441088511	0.0315417852395675421540	2.0687446034471856926018	0.3275634455785305654274	-254.542646	-248.838864	0.405333	1.000000
-2.8321947502223552284306	2.9446105666974258241453	2.2606334623371715508711	0.1948999173480069346809	-254.508488	-248.804705	0.405333	1.000000
-2.8321947502223552284306	2.9446105666974258241453	1.5877789019432975159418	1.7670369305170499085733	-254.508488	-248.804705	0.405333	1.000000
-2.7794505743392541319281	2.9214923296901522675739	2.1859252788610841200523	1.9080131097481185520337	-255.663082	-249.959299	0.405333	1.000000
-2.8275849352979389728091	2.9331107346476930075596	2.3237479952282305006861	1.9704556304678846334610	-254.535407	-248.831625	0.405333	1.000000
-2.9532862139149367308733	0.2527798145929973649970	2.3629234950759996358727	1.6282161318668371130514	-254.954258	-249.250476	0.405333	1.000000
-2.8381673777691429627623	0.4167681811519510781672	2.3576475499476949870825	1.6344232886467935372821	-254.434286	-248.730503	0.405333	1.000000
-2.8381673777691429627623	0.4167681811519510781672	2.3576475499476949870825	1.6344232886467935372821	-254.434286	-248.730503	0.405333	1.000000
-2.8381673777691429627623	1.8076354397717682154223	2.6033771057527155257105	1.6344232886467935372821	-254.434286	-248.730503	0.405333	1.000000
-2.8633156238362329482072	1.8271899733554921585466	2.0849866811600690219564	1.0580543494324186060140	-254.673591	-248.969809	0.405333	1.000000
-2.8633156238362329482072	1.8271899733554921585466	2.7562640199339516478005	1.0580543494324186060140	-254.673591	-248.969809	0.405333	1.000000
-2.7218805632096820801280	-1.5892219640364506627606	2.4962761520151470762130	1.5387912209398799667781	-255.341486	-249.637704	0.405333	1.000000
-2.7256518884832443561095	-1.5706258467640534792764	2.3906988316361266200261	1.0277011065453558469329	-255.306596	-249.602813	0.405333	1.000000
-2.7086452454786602572767	-1.5784706613968995103647	2.7317035895184336169450	1.2093939200542946910133	-255.696004	-249.992222	0.405333	1.000000
-2.7012816183184966689623	-1.8988153475650906276684	2.8591104064655197269929	0.8558822675965276349785	-255.927409	-250.223627	0.405333	1.000000
-2.7058375107502241618818	-1.8967138080899306196159	2.7677589860117435272002	0.7423302873917330124698	-255.737295	-250.033513	0.405333	1.000000
-2.8034133739509807803358	-1.8873617439995449274193	2.1982100973569074220393	1.1656616053569908153520	-255.225528	-249.521745	0.405333	1.000000
-2.8445215627746782693919	3.3315423556131427140770	2.8992629273791257205062	1.1273405597531909183573	-254.344501	-248.640718	0.405333	1.000000
-2.8445215627746782693919	3.3315423556131427140770	2.8992629273791257205062	1.1273405597531909183573	-254.344501	-248.640718	0.405333	1.000000
-2.8445215627746782693919	3.3315423556131427140770	2.8992629273791257205062	0.9067734404876630627257	-254.344501	-248.640718	0.405333	1.000000
-2.8630829724519992751652	3.3185305095327670699135	2.4089183808078082904558	0.8300761161349303751678	-254.674160	-248.970378	0.405333	1.000000
-3.0121873575011393064926	3.2493881675540730036289	0.8890265045167057289532	0.0145238507794601418716	-255.617125	-249.913342	0.405333	1.000000
-2.9895970245176584079161	3.2617720337829236854077	1.3014633155820736210018	1.1302852312747333485277	-255.189053	-249.485271	0.405333	1.000000
-2.9997905059314069475818	3.2507062171363410030267	1.1250938454436463231900	1.4617753706931864154939	-255.391260	-249.687477	0.405333	1.000000
-3.0387075087064836509398	3.5271072213963918784430	0.8080272946253168608877	1.4722374809244189730606	-255.958915	-250.255133	0.405333	1.000000
-2.8199178181034376677871	3.5650839944063710262867	0.8465750238153745277359	1.7285993294882844306670	-254.788126	-249.084343	0.405333	1.000000
-2.8114458984469843372267	3.5611760721155740760935	1.0164477559276750007200	1.8191102502965701415150	-255.047506	-249.343723	0.405333	1.000000
-2.8114458984469843372267	2.0866923029140025391825	0.7392290485712034175947	1.8191102502965701415150	-255.047506	-249.343723	0.405333	1.000000
-2.8128219848930835489398	2.0876595888828965996709	0.6955448185933837956796	1.8191401126107251684516	-254.983371	-249.279588	0.405333	1.000000
-2.8128219848930835489398	2.0876595888828965996709	0.6955448185933837956796	1.8801082737684737811179	-254.983371	-249.279588	0.405333	1.000000
-2.8128219848930835489398	2.0876595888828965996709	0.6955448185933837956796	1.8801082737684737811179	-254.983371	-249.279588	0.405333	1.000000
-2.8128219848930835489398	2.0876595888828965996709	0.6955448185933837956796	1.8801082737684737811179	-254.983371	-249.279588	0.405333	1.000000
-2.7831679355891485450059	2.1052597701276778430213	1.0670193445800644216348	1.1809016072479769920989	-255.614305	-249.910523	0.405333	1.000000
-2.7667497193816594780458	3.4856316947957775020939	1.3962253990133275394214	1.3563078820038281246951	-255.698403	-249.994621	0.405333	1.000000
-2.7478526309000983474107	3.5061459536444923301701	1.7231862622721396682834	0.7417780426786106939829	-255.617300	-249.913518	0.405333	1.000000
-2.7763044595389607671621	3.4752592814470038007357	1.1039725314067725392420	1.6670262733258596199448	-255.668616	-249.964834	0.405333	1.000000
-3.1598681692484991145875	3.7446840644315786406082	1.1089066401660450100763	1.6668506477401821008755	-256.618787	-250.915005	0.405333	1.000000
-2.8124028147742339278636	2.0457897410084866507418	2.8103839708939180042080	0.4784882345605389053489	-255.011537	-249.307754	0.405333	1.000000
-3.0037965374512034522070	-0.7899319777007554055359	2.6501556740831300196248	0.5423141400715005833177	-255.525192	-249.821410	0.405333	1.000000
-2.9233822277400931533009	-0.8548790734472461183557	2.8744349845708883073314	1.1022423046034224292100	-255.217225	-249.513442	0.405333	1.000000
-3.0130962538890666557734	2.3904140126717470238304	1.0755549964785147132318	0.1877818023337771702330	-255.635053	-249.931271	0.405333	1.000000
-3.0345470045766060884773	-1.9571304263641735587953	0.7044102050895625355409	0.8853562665842684697992	-256.012280	-250.308497	0.405333	1.000000
-2.6763873557545516668199	-1.4483036511241627053437	0.7026658931843376976190	0.9124274614390015525345	-256.648240	-250.944458	0.405333	1.000000
-3.0514086441737453547773	-1.9731368133096762740308	1.8544947429873437361181	1.3884411865607808600487	-255.826994	-250.123211	0.405333	1.000000
-3.0669425541944859148202	-1.9900000804425501677031	1.6937979042622752778868	1.8936010813484180914656	-256.087958	-250.384176	0.405333	1.000000
-2.8060027802701550392328	-0.2770443737018987717668	0.7762929300745458061073	0.9293255403776397027826	-255.147789	-249.444007	0.405333	1.000000
-2.8158920659321622359528	-0.2877799622078877628262	2.6520468280828199958421	0.6063040576363307732066	-254.908447	-249.204665	0.405333	1.000000
-2.8669981696314779107126	-0.2791072710791870359337	0.9103958537026930475378	0.4765013707273714760326	-254.711518	-249.007736	0.405333	1.000000
-2.8702244648553691952486	-0.2826096653982832496155	0.8545739067101418839911	0.5814198975939924851630	-254.662095	-248.958312	0.405333	1.000000
-2.8555593707154596216924	0.8928043856202503292252	0.9447818358963812057638	1.1814656004482650963894	-254.589487	-248.885705	0.367500	1.000000
-2.7078316184295014856787	1.0283473071704380963354	0.9239372261415577103350	1.1894977929535073268852	-255.710785	-250.007002	0.367500	1.000000
-2.6821402304113850512124	3.2766134464118490399187	1.8517136856530553856715	0.0941689348740015752526	-256.460257	-250.756474	0.367500	1.000000
-2.6821402304113850512124	3.2766134464118490399187	0.8696884111838427688923	0.0941689348740015752526	-256.460257	-250.756474	0.367500	1.000000
-2.6858520592239529811707	3.2750353593327319323691	2.9754633764833759990154	0.0796811214080675733751	-256.369418	-250.665636	0.367500	1.000000
-2.6858520592239529811707	3.2750353593327319323691	2.9754633764833759990154	0.0796811214080675733751	-256.369418	-250.665636	0.367500	1.000000
-2.6858520592239529811707	0.9194679375500172113789	2.9754633764833759990154	0.0796811214080675733751	-256.369418	-250.665636	0.367500	1.000000
-2.7234266778889524296403	0.8649600012411939875534	2.6856411780245448284177	0.9384439391182491929655	-255.316213	-249.612430	0.367500	1.000000
-2.7253831304376894273389	0.8641282138275034885311	2.9755626057367923209540	0.5357924829803510924364	-255.324729	-249.620947	0.367500	1.000000
-2.7253831304376894273389	0.8641282138275034885311	2.9755626057367923209540	0.5357924829803510924364	-255.324729	-249.620947	0.367500	1.000000
-2.7253831304376894273389	0.8641282138275034885311	2.9755626057367923209540	1.8531991792790305506600	-255.324729	-249.620947	0.367500	1.000000
-2.7253831304376894273389	0.8641282138275034885311	2.9755626057367923209540	1.1002080702713423754346	-255.324729	-249.620947	0.367500	1.000000
-3.0564734273942253395262	1.1959786597195563029317	2.8538473156605088654203	1.3818466570274117177775	-255.902551	-250.198768	0.367500	1.000000
-3.0564734273942253395262	-0.4600085613773194914700	2.2759955706810961473252	0.9540759390936779382741	-255.902551	-250.198768	0.367500	1.000000
-2.8422450775917416088134	-0.8156848091676459633348	2.5018278026783433709568	0.0676323613151076363792	-254.344113	-248.640331	0.367500	1.000000
-2.8422450775917416088134	-0.8156848091676459633348	2.5018278026783433709568	0.0676323613151076363792	-254.344113	-248.640331	0.367500	1.000000
-2.8647085357024937302128	-0.8482716134381935724207	1.1412210552330601665005	0.5810316523283660661292	-254.714557	-249.010774	0.367500	1.000000
-2.8658937279643725837275	-0.8541009736558083931257	1.1466776201910853227872	0.6818428706723109744559	-254.696188	-248.992405	0.367500	1.000000
-2.8703170388996377404567	-0.8605176868334766249191	1.1125595440728648366502	0.7829370426782397140997	-254.661572	-248.957789	0.367500	1.000000
-2.7263562195804151855327	0.0749097194410197064762	2.8770128531352456846548	0.6389951735406413924068	-255.275259	-249.571476	0.367500	1.000000
-2.7263562195804151855327	3.8900410549987318731269	2.8770128531352456846548	0.6389951735406413924068	-255.275259	-249.571476	0.367500	1.000000
-2.9370085876396365698326	3.3352875784915418932997	2.6905139261992041532778	1.8848268562039143247944	-255.199851	-249.496068	0.367500	1.000000
-2.9361345577974846676739	3.3365554972266004973847	2.6972555315533273123663	1.8648510226046157711721	-255.179948	-249.476165	0.367500	1.000000
-2.9361345577974846676739	3.3365554972266004973847	2.5019948160149474425396	1.8648510226046157711721	-255.179948	-249.476165	0.367500	1.000000
-2.8889015313577126597977	3.4050744839342494962864	2.8663146693895402705721	0.7853466040492942390472	-254.600492	-248.896710	0.367500	1.000000
-2.8910906598148748969379	3.4018988063424511203436	2.8494293876566763046299	0.8353788382806697221383	-254.584003	-248.880220	0.367500	1.000000
-3.1897350483667943343846	3.1278871037170654645365	1.5220647213900533323283	0.8191410685837743343995	-256.502813	-250.799031	0.367500	1.000000
-2.8496588709006789308376	-1.2591067392403076929952	2.1219923185973792456593	1.0545331756442899440174	-254.479358	-248.775576	0.367500	1.000000
-2.8159520513112252793064	-1.2102096581618411175185	2.3819812394049897363857	0.2841683816656527250544	-254.908447	-249.204665	0.367500	1.000000
-2.8159520513112252793064	-1.2102096581618411175185	2.3819812394049897363857	0.2841683816656527250544	-254.908447	-249.204665	0.367500	1.000000
-2.8933584094514230855566	-1.2233621061548414221676	1.4328057906154434419932	1.3484398818792964203084	-254.554558	-248.850775	0.367500	1.000000
-2.8070241003212101915665	-1.1866570034675674172320	2.4131907728741528451621	1.6854153808984722040520	-255.125694	-249.421911	0.367500	1.000000
-2.8689300884577639827455	3.7252588453135011548056	2.5943165072044087615666	1.7536793349241692752116	-254.668220	-248.964438	0.367500	1.000000
-2.8461280595428046780171	3.7502202864170790519438	2.7990226721099840112572	1.1782472516810846840940	-254.367329	-248.663546	0.367500	1.000000
-2.8389962670652129084203	3.7532523738672667334981	2.8800090413999845928572	1.2060836860401409342813	-254.356160	-248.652378	0.367500	1.000000
-2.9469025827898422953410	3.7073759147957727755340	1.6546592066345615634759	0.7849094743627722525758	-255.089724	-249.385942	0.367500	1.000000
-3.1321309896188900268044	3.2288008973221384856345	0.8583422640876324782866	1.3866948765232585127904	-256.301254	-250.597472	0.367500	1.000000
-3.1135876162148838908195	3.2360070310841924090539	1.5500542611163865558410	1.5228299787183288138692	-256.045390	-250.341607	0.367500	1.000000
-2.8132107404383788207269	3.2346107055643127381472	1.0164371302830816912177	1.5100108485591381413116	-254.964768	-249.260985	0.367500	1.000000
-2.8132107404383788207269	3.2346107055643127381472	1.0164371302830816912177	0.0332119217492503615574	-254.964768	-249.260985	0.367500	1.000000
-2.8365273950753375764577	3.2007862045835469011479	0.8365900859833772518215	0.5661109037490743567389	-254.386033	-248.682251	0.367500	1.000000
-2.8365273950753375764577	-0.7776811522118178832130	0.8365900859833772518215	0.5661109037490743567389	-254.386033	-248.682251	0.367500	1.000000
-2.9229512091888114611038	-1.5633478107414784386009	0.9838062512738028342341	1.4240171257815550376336	-255.196362	-249.492580	0.367500	1.000000
-2.9319885537564838173807	-1.5801656608757717048519	0.8594755549821418982859	1.4878771006658277897827	-255.179437	-249.475655	0.367500	1.000000
-2.9415891846465851422465	-1.5702097801650765074299	2.7122282942266666694309	1.0841290476375009532717	-255.162575	-249.458793	0.367500	1.000000
-3.2181835184025633367355	1.3689338092314984329789	2.6919446863566336425322	1.2420875151564676475147	-257.690942	-251.987159	0.367500	1.000000
-2.8582546627421248075507	2.2856952316806644631697	2.8564006293710226813687	0.9689042381684651594753	-254.644782	-248.941000	0.367500	1.000000
-2.8582546627421248075507	-0.9068435945869488534754	2.8564006293710226813687	0.9689042381684651594753	-254.644782	-248.941000	0.367500	1.000000
-3.1331117691513252765390	-0.6046427450146091286953	2.8792659539051626005346	0.9837762983716349385332	-256.312303	-250.608521	0.367500	1.000000
-3.1331117691513252765390	-0.6046427450146091286953	1.2877604289200632603496	1.3863918857894699243616	-256.312303	-250.608521	0.367500	1.000000
-2.7572812289055184109543	1.0795748500803890035371	1.4150592241504160728738	0.8466475558911941146079	-255.799625	-250.095842	0.367500	1.000000
-2.8168575931190913408386	1.0049781408320348496943	0.9135201709463954822255	1.8996293460849746903563	-254.887652	-249.183870	0.367500	1.000000
-2.8434196489574072863604	0.9664456713271617482874	0.7086405556060054733436	1.1682699720865410419890	-254.349954	-248.646172	0.367500	1.000000
-2.8500795711590871661656	0.9567843992214508652694	2.1110006800629239620548	1.3204815914947423127757	-254.475787	-248.772004	0.367500	1.000000
-2.8464016241733625101062	0.8621200491332261517385	1.0639493262745938206848	0.7273851560165239815703	-254.428058	-248.724276	0.367500	1.000000
-2.8464016241733625101062	0.8621200491332261517385	1.0639493262745938206848	0.7273851560165239815703	-254.428058	-248.724276	0.367500	1.000000
-2.7920973197817442468249	0.8771181866665935800143	1.7093439396186527190480	1.1504146892970088522645	-255.433073	-249.729291	0.367500	1.000000
-3.1728842697981209930447	1.0473712123930818407302	2.0936177628828112062820	1.1477431609833566028556	-256.396334	-250.692552	0.367500	1.000000
-3.2070208749710618079121	1.0328580065669030751963	1.7059733212464045504220	1.0145029731731689537355	-257.080873	-251.377090	0.367500	1.000000
-3.1438252434139601909635	1.3285341448293508381795	0.5647949383392824040939	0.2224056446556909871770	-256.452713	-250.748931	0.367500	1.000000
-2.9917479504747053198344	0.0985085083576753284262	2.2755524847382284647779	0.2243493203703953442485	-255.246981	-249.543199	0.367500	1.000000
-2.7282887750980799879130	-0.5753218495428673584513	1.7805175187863933050636	0.1101385614685957137215	-255.296624	-249.592842	0.367500	1.000000
-2.7282887750980799879130	-0.5753218495428673584513	1.7939135374067154415911	0.1101385614685957137215	-255.296624	-249.592842	0.367500	1.000000
-2.7320397654058794500997	-0.5807632551527397435365	1.7649812342715454072106	0.1958669366424977686947	-255.268930	-249.565148	0.367500	1.000000
-2.7320397654058794500997	-0.5807632551527397435365	1.8037042257131861155983	0.1958669366424977686947	-255.268930	-249.565148	0.367500	1.000000
-2.7502902395957664616333	-1.1922844930154872233885	1.9216725337346476365497	0.7606042457457822258959	-255.645012	-249.941230	0.367500	1.000000
-2.9583851446884303904028	-0.1567120642863839008463	0.9000476136051882569689	0.5678634762764425136794	-254.918140	-249.214358	0.367500	1.000000
-3.0128318347459988046921	-0.1616988806446442161757	1.9473254957128813824596	0.6800128355179211325776	-255.613003	-249.909221	0.367500	1.000000
-2.9712653774372150827787	-0.7571727650855866187385	2.7398059627491124778942	1.6191669014187377584335	-255.021048	-249.317266	0.367500	1.000000
-2.9712653774372150827787	-1.3561558087473264411216	2.7398059627491124778942	0.5304732987982083702860	-255.021048	-249.317266	0.367500	1.000000
-3.0255897098012094481589	-1.3797853654817326951587	1.4018321437803364926111	0.3323583450733706978752	-255.837380	-250.133598	0.367500	1.000000
-3.0296195030203669773528	-1.3856312188777686333907	1.3707493657880069903854	0.4244587230047203174621	-255.945697	-250.241915	0.367500	1.000000
-3.1193331797351655509942	-1.3382448651639822223558	0.9936816682837709135967	1.8331646892625301781266	-256.144721	-250.440939	0.367500	1.000000
-3.1374824859787184827553	-1.3404683373886054909008	0.7680746524258060814461	1.6190067163097938696126	-256.401245	-250.697462	0.367500	1.000000
-2.7825350171924339015561	-1.5449010169640460254925	0.8257044376190483259137	1.0346812242120377867138	-255.614626	-249.910843	0.367500	1.000000
-2.8021693598360655208523	-1.5589229165806737231748	0.6228974357743968237600	1.5917946964456040070957	-255.246773	-249.542990	0.367500	1.000000
-2.7137672527856890880571	2.7382632413284326844405	2.0474032779717599161984	0.7338138505542011191807	-255.493336	-249.789554	0.367500	1.000000
-2.7050393941882364678975	2.7419738976050274104068	2.7148227939762072935537	0.7678799655886030528507	-255.816788	-250.113006	0.367500	1.000000
-2.7102299288774291952109	2.7344442048416839341485	2.6747869339130447841058	0.8865089325211540360883	-255.600711	-249.896929	0.367500	1.000000
-2.9801814617450217426153	2.9384855263229199273667	1.8454196928815196354634	1.6938567099056303089100	-255.129212	-249.425430	0.367500	1.000000
-2.9303296156508120695605	2.9876725365104794818194	2.1842547550782276388759	1.1580438447439473925726	-255.234976	-249.531194	0.367500	1.000000
-2.8752330138063451059338	3.0110969021977158632808	2.8099142589995951269088	0.1097764488042751729324	-254.596646	-248.892863	0.367500	1.000000
-2.8952823197750197081746	2.9820122080183817381283	2.6552690719061158297620	0.5680006197612110785400	-254.587972	-248.884190	0.367500	1.000000
-2.7340136963529952929264	2.6727208335635079805570	2.1001647806960921371910	1.7553357032777998636419	-255.308139	-249.604357	0.367500	1.000000
-2.8467223243486237116429	2.4908758226633382903970	2.2440373280709109415909	1.4961102955746314879804	-254.429332	-248.725549	0.367500	1.000000
-2.8084594522672055028067	2.5463821795741363729348	2.5391681930000973288486	1.9086031324241106155171	-255.113161	-249.409379	0.367500	1.000000
-2.8566937979119177981602	2.5670862106673451030758	1.8450597763538070239520	1.0900241889453363697271	-254.566681	-248.862898	0.367500	1.000000
-2.8482569853910453261392	2.5793251436459403436174	2.6074497138741494772773	0.8972019820850981597360	-254.391204	-248.687421	0.367500	1.000000
-2.8392165360365440029966	2.5831686981405455050265	2.7101101841937262904025	0.1277349608291661053894	-254.356160	-248.652378	0.367500	1.000000
-2.8392165360365440029966	2.5831686981405455050265	2.7101101841937262904025	0.8652502964657391437697	-254.356160	-248.652378	0.367500	1.000000
-2.9064376911079570220409	2.5510106261112626135912	1.9594799359104539959731	0.6962596484317071787729	-254.742066	-249.038284	0.367500	1.000000
-3.2323309549716707778089	1.2457629060599886283711	0.5237664490595483890445	0.8120844153322970271347	-257.822096	-252.118314	0.367500	1.000000
-3.2153476140181687092934	1.2703999323265204868250	0.6547631001820465312946	0.4239324593166368670971	-257.622514	-251.918731	0.367500	1.000000
-3.4229117386674334788665	2.2923336152944213672811	0.7294076878412881770331	1.5284204563124559328458	-261.465333	-255.761551	0.367500	1.000000
-2.6680561503944275614231	2.9789521765591389090844	0.6519374930163459591625	1.8262233661820388430641	-257.088625	-251.384843	0.367500	1.000000
-2.7504844333705280590152	2.9439077241108058125008	1.8342117693073931583569	1.5044936613983719286836	-255.647560	-249.943777	0.367500	1.000000
-2.7504844333705280590152	0.6704020688197820376786	1.8342117693073931583569	0.3312034396064835739537	-255.647560	-249.943777	0.367500	1.000000
-3.0153717969496494077930	0.9599170534161572954091	0.8888110440215905017070	0.3410605640573078356503	-255.695279	-249.991496	0.367500	1.000000
-3.0153717969496494077930	0.9599170534161572954091	0.8888110440215905017070	0.3410605640573078356503	-255.695279	-249.991496	0.367500	1.000000
-3.0484971048231970236486	0.9118635471948584036994	0.6294552458196154276493	1.0981349865717509040053	-255.822720	-250.118938	0.367500	1.000000
-3.0484971048231970236486	0.9118635471948584036994	2.6052737435716575298272	1.0981349865717509040053	-255.822720	-250.118938	0.350400	1.000000
-3.1713710739312084285757	1.3926136404481159747348	2.0478274834228789025303	0.5303160407185589786394	-256.412483	-250.708701	0.350400	1.000000
-2.8239746434089054716310	0.8311970009469223930054	2.0182204204891260879151	0.5081028281038345584264	-254.706608	-249.002826	0.350400	1.000000
-2.8443128369067114391555	0.7263690858679429096512	2.2957677736943900015376	0.4598304525199314873873	-254.399156	-248.695374	0.350400	1.000000
-2.8858492207654200534250	0.7226109671629277197979	1.7265020459839477418029	1.1276448075802101289611	-254.613834	-248.910052	0.350400	1.000000
-2.9065227677120257787635	-0.9762893714058722416382	0.8129863054714107084564	1.8841336805603461357350	-254.744003	-249.040221	0.350400	1.000000
-2.9047980243926536658705	-0.9723909578453340252224	2.9662056821198827805119	1.7890989587642158742398	-254.670277	-248.966494	0.350400	1.000000
-3.0013682421123135668495	1.4925673895808433400134	1.5843935031573699312446	0.8835524224338056065164	-255.477990	-249.774208	0.350400	1.000000
-3.0013682421123135668495	0.6168861106673864114214	1.5843935031573699312446	1.1251234435807133671403	-255.477990	-249.774208	0.350400	1.000000
-2.9360163954921403295373	-1.2364039806777160634965	1.3260510579513535844853	0.1852453514618970786820	-255.179948	-249.476165	0.350400	1.000000
-3.1689760214796232062895	-0.6894522519233037272102	2.6767403446430004798628	0.0717617290634783161485	-256.440214	-250.736432	0.350400	1.000000
-3.1713212511152328865194	-0.6947531421551119690250	2.6527867086818850417274	0.2009857379144470157506	-256.412483	-250.708701	0.350400	1.000000
-3.2282354416684744258248	-0.5895760082763852327759	1.5826004336610155487364	0.5851492643071264376786	-257.707909	-252.004127	0.350400	1.000000
-2.8360496157929078187010	0.3205205956262224820108	1.5970605853226242931697	0.6121906772675447250265	-254.385265	-248.681482	0.350400	1.000000
-2.8315759702006775277994	0.3306323151185717734712	1.6427533722072202859721	0.3656892648562714009941	-254.475868	-248.772086	0.350400	1.000000
-2.8315759702006775277994	0.3306323151185717734712	1.6427533722072202859721	0.3656892648562714009941	-254.475868	-248.772086	0.350400	1.000000
-2.8519674328409925223582	3.5744140453803465717897	1.3597643234413698820617	0.3128768997198231871515	-254.453869	-248.750087	0.350400	1.000000
-2.9297761277559470904919	3.5310460193278223606228	1.4700262642113475219929	0.2981978725467738788879	-255.223622	-249.519839	0.350400	1.000000
-2.9840018917654735908229	0.4667208376508393818938	0.9587997717379739270882	0.9537897304758247152279	-255.160096	-249.456314	0.350400	1.000000
-2.7912286816889997353996	1.7828687313480160447909	1.4946632692125030317243	0.3672115766987021356904	-255.411563	-249.707781	0.350400	1.000000
-2.9227834034419393205440	2.6055854685115935609474	1.5047660498201373968641	1.7461566639541896694965	-255.194413	-249.490631	0.350400	1.000000
-2.7817780273848300431894	2.3761838474075114291395	1.3318056755885887554314	1.7699098202399636825533	-255.613689	-249.909906	0.350400	1.000000
-2.8402529440237525015789	1.4721177161532972288427	1.7702644441371750971825	1.7118946033198636502703	-254.355627	-248.651844	0.350400	1.000000
-2.8207219740785602901667	1.5162632984144990277997	2.7719135407012478466982	0.6357227032451274739699	-254.795717	-249.091935	0.350400	1.000000
-2.8499443485320021807183	1.3300503579802001041799	2.4526995269548734768250	1.9192923629274087904406	-254.476517	-248.772735	0.350400	1.000000
-2.8385441383445213503478	-0.0407350040460397813669	1.9048781588699728040126	1.6828618089254576695168	-254.432447	-248.728664	0.350400	1.000000
-3.0179003947512801353525	0.2547904141014851187030	2.4279135542418530668840	1.6064325828242467242291	-255.754957	-250.051174	0.350400	1.000000
-3.0044641582018205561155	0.2851601544441125235529	2.5651481832548639339109	0.8660853160032631059551	-255.530464	-249.826681	0.350400	1.000000
-2.9931410556528503796869	0.3107536071210822425925	2.6807997477285998577656	0.8539880276617892729263	-255.230417	-249.526634	0.350400	1.000000
-3.0595182320272593656796	2.6824863205576146008013	1.9556018903219460902676	0.6978228686144828385451	-255.996374	-250.292591	0.350400	1.000000
-3.0624682394415030373125	2.6758184594456420057895	2.2685615795695150964661	0.8603706116671845371968	-256.039316	-250.335533	0.350400	1.000000
-2.8241675359669486944370	2.8518534044734189514259	1.1127205439121665708768	0.7555265222569778060802	-254.624580	-248.920798	0.350400	1.000000
-2.8448649910626611081454	2.8522007037174987864603	0.8254849869183459309951	0.7019216595165814753798	-254.347973	-248.644190	0.350400	1.000000
-2.8448649910626611081454	1.8449188276215062742835	2.8752856215571260811714	0.7019216595165814753798	-254.347973	-248.644190	0.350400	1.000000
-2.8879797141360921131081	0.6667210236978737825098	1.7493085316470289303226	1.1224016604794677665069	-254.604406	-248.900624	0.350400	1.000000
-2.8784010103406711955643	0.6512657050050615348269	1.7487063349182234706092	1.4242357698171288493683	-254.583310	-248.879527	0.350400	1.000000
-3.0475431898864369095747	3.7400546958456715174179	2.6834916694710417850445	1.5883993615547107314256	-255.815829	-250.112047	0.350400	1.000000
-2.9332429606840118019306	3.5556303199891470256944	2.6763058095052785212431	1.5815764764799491448599	-255.200799	-249.497017	0.350400	1.000000
-2.9340362021332087039127	3.5538373672711416340064	2.6682038238341010405463	1.6252847080729411199940	-255.209485	-249.505702	0.350400	1.000000
-2.8757671091120879935943	3.4598196983029159135015	2.6645405455913229175735	1.6218064707337174201740	-254.599382	-248.895599	0.350400	1.000000
-3.0714379137909557648811	2.0976200928240253951174	1.6003167190667559882655	0.0817536462993657675469	-256.120360	-250.416577	0.350400	1.000000
-3.0714379137909557648811	1.6599797093288066740513	1.6003167190667559882655	0.0817536462993657675469	-256.120360	-250.416577	0.350400	1.000000
-3.0967395430986321969158	1.5077838836451968873575	1.3418916981405399901917	1.4758934439355770873448	-256.220771	-250.516988	0.350400	1.000000
-3.0859321008351412451987	1.5322117964838817272266	1.5836945700305884443537	0.9106601020311750893654	-256.208965	-250.505182	0.350400	1.000000
-3.1053035678514930850724	1.4884267364950389822553	1.5868920219740465515912	1.9780432645020371573708	-256.068212	-250.364430	0.350400	1.000000
-3.1053035678514930850724	1.4884267364950389822553	1.5868920219740465515912	1.5253599136526909685330	-256.068212	-250.364430	0.350400	1.000000
-3.1314425533772505261254	2.7042227727873062725905	1.2255690018987741574108	1.1288850397104390754777	-256.313273	-250.609491	0.350400	1.000000
-2.7398807303516106159691	2.9476455905177587624166	1.1954989052907440960638	1.1404028055962800447531	-255.427539	-249.723757	0.350400	1.000000
-2.7325229037066822712632	3.0257633578246596606220	1.3563225596493557745248	0.7349807347460751705270	-255.277390	-249.573608	0.350400	1.000000
-2.8896298238053201856701	2.9524234079126303598173	0.8366305024054160321967	0.6327881677641988833471	-254.614030	-248.910248	0.350400	1.000000
-2.8896298238053201856701	2.9524234079126303598173	1.7459724118055577335440	0.6327881677641988833471	-254.614030	-248.910248	0.350400	1.000000
-2.8747780678522620867454	2.7719956484279735242637	1.9604440618137701779489	1.4011026199280429693772	-254.588824	-248.885041	0.350400	1.000000
-2.9729615559407931435487	2.7919056551064849180932	0.5684848981111536581068	0.6841240887984882945716	-254.995497	-249.291714	0.350400	1.000000
-2.9729615559407931435487	2.7919056551064849180932	0.5684848981111536581068	0.6841240887984882945716	-254.995497	-249.291714	0.350400	1.000000
-2.9729615559407931435487	2.7919056551064849180932	0.5684848981111536581068	0.8033116769270862711494	-254.995497	-249.291714	0.350400	1.000000
-2.7864357369301715472432	3.2710770926759318300014	1.4801483532952344202016	0.5470345880830063123312	-255.475794	-249.772012	0.350400	1.000000
-2.8264464790949741512804	3.0510850614553444160038	1.3577331863141668399919	0.6943195244400119925388	-254.626668	-248.922886	0.350400	1.000000
-2.9729057837907975070380	3.9371404956265925179082	1.2675832361108330115229	1.1895152265176573980199	-254.998928	-249.295145	0.350400	1.000000
-2.9552129401511595396812	1.1741584604354204923737	1.4482938706797461314579	0.2146255405048344000463	-254.918524	-249.214742	0.350400	1.000000
-2.9210413405338733205951	-0.7873472469733393541702	0.6073814222031499454602	0.3031274311302114554678	-255.152840	-249.449058	0.350400	1.000000
-2.9210413405338733205951	-1.9339136331530317747252	0.6073814222031499454602	0.3031274311302114554678	-255.152840	-249.449058	0.350400	1.000000
-2.9809863272063763517394	2.1668246950863450095426	0.6202527762018902324215	0.1828126110855406993849	-255.089509	-249.385727	0.350400	1.000000
-2.7301772810404085767289	3.3443971675057930781350	0.6775787142115881067639	1.3948954684448251484241	-255.240980	-249.537197	0.350400	1.000000
-2.6781763241157228172540	3.3536879828783003887338	1.3828846359500857055025	1.5410519156116737615747	-256.602893	-250.899111	0.350400	1.000000
-2.6785940140037856060928	3.3527438841794183765899	0.8331028550608160498925	1.5640669589884297341342	-256.601889	-250.898107	0.350400	1.000000
-2.6714822021556954290133	3.3747909266309834563913	0.8961311570024022010728	0.6618914031937810360517	-256.891076	-251.187294	0.350400	1.000000
-2.6824831059214488959697	3.3499257354243288098417	0.7837704567762914242834	1.2680499063993115882454	-256.459765	-250.755982	0.350400	1.000000
-2.8381674278279467316111	2.6335721590021377025437	1.4527002895501865964434	0.0555034578578623705170	-254.434286	-248.730503	0.350400	1.000000
-2.7600728302286992033032	2.6322617469448332805371	2.5364830607119803751459	1.2563062741285466739072	-255.803656	-250.099874	0.350400	1.000000
-2.8695840325568058304384	1.6118855441758022095655	2.5131104140916806777284	1.1442950437690742049313	-254.663994	-248.960212	0.350400	1.000000
-2.8695840325568058304384	1.6118855441758022095655	2.5131104140916806777284	1.1442950437690742049313	-254.663994	-248.960212	0.350400	1.000000
-2.7810126929099143744395	0.4287800457887707139548	2.0115229568880685917520	0.2259704776733001962974	-255.629183	-249.925401	0.350400	1.000000
-2.7249378522455298679006	-0.7226525113145670919934	2.7969338564244239364598	0.4847905921737314383080	-255.325797	-249.622015	0.350400	1.000000
-2.9887630382731660283468	-0.3432911851342681508470	2.6906321011236200568817	1.1587202300676340271934	-255.222654	-249.518872	0.350400	1.000000
-2.8341959937695073712405	0.0747202293597928335345	1.6715197815082762922145	0.1058966901729134491017	-254.427310	-248.723528	0.350400	1.000000
-2.8188960789352059954638	0.0744634997844964841018	1.8838492461243809827920	0.1455223267953772714467	-254.805815	-249.102032	0.350400	1.000000
-3.1807771194051137619851	2.6240234252475498344381	1.6270547770482635119293	0.5174219412290064212812	-256.400754	-250.696972	0.350400	1.000000
-2.9322935553297386768179	1.1301963638348384577625	1.5977052723257689770264	0.2271431618692477949484	-255.184059	-249.480276	0.350400	1.000000
-2.9334295965681955742355	1.1276285854764076521661	1.5861020084706523025631	0.2897399331296850455431	-255.201523	-249.497740	0.350400	1.000000
-2.9315330798358751884791	1.1275967622969649273301	1.6124215263745211856872	0.2946517698096426385312	-255.187637	-249.483854	0.350400	1.000000
-2.9531737585228672315907	1.0786826344351267970012	1.3913886128598715874460	1.4870702911038218285711	-254.954258	-249.250476	0.350400	1.000000
-3.0853040322120093286173	-1.5070046572985726918148	1.9599844126621961404311	1.7186947326323691598304	-256.227539	-250.523756	0.350400	1.000000
-3.1255510802503270184616	0.4677094928819698349542	0.8410702808950427655788	1.7816309302173096718036	-256.235025	-250.531242	0.350400	1.000000
-3.1255510802503270184616	0.4677094928819698349542	2.8155137876365654570066	1.7816309302173096718036	-256.235025	-250.531242	0.350400	1.000000
-3.1255510802503270184616	0.4677094928819698349542	0.5091914855132613215716	1.7816309302173096718036	-256.235025	-250.531242	0.350400	1.000000
-3.1255510802503270184616	3.4317108736793278112032	0.5091914855132613215716	1.7816309302173096718036	-256.235025	-250.531242	0.350400	1.000000
-3.1175258332695490182118	3.4498502288547530092444	0.5911595119089506633614	0.0740356856542275232336	-256.111636	-250.407853	0.350400	1.000000
-3.1928138710039095649051	3.2615614985547201065685	0.6048397067415044459082	0.2796841240184932964041	-256.613580	-250.909798	0.350400	1.000000
-3.1220024536118371472071	2.9742548581944139307609	1.2610909685089370935174	0.3908298160791057185293	-256.194369	-250.490586	0.350400	1.000000
-2.9433843892048994206334	0.9604813434149721551591	0.8808068142538154621235	0.9994028069401212910350	-255.147788	-249.444006	0.350400	1.000000
-2.9699050059464155992828	0.9613875438022592145870	0.5120163629829695972617	0.9190318982380505374863	-254.991670	-249.287888	0.350400	1.000000
-2.9782761884911757022110	1.2051355128919225556672	1.3317710146232162315982	1.2239207625753558694726	-255.051044	-249.347261	0.350400	1.000000
-2.9710271001693042691727	1.2215205273448612732778	1.3712339708442802255206	0.8244902593771161747327	-254.995857	-249.292075	0.350400	1.000000
-2.7046274853252278980165	1.5632473400386053263844	1.8556068584553004896520	0.3944978028607201148148	-255.816354	-250.112571	0.350400	1.000000
-3.1745780501584044408503	-1.0939779464714729506625	1.5606040344454088497628	0.5530758630764247563150	-256.382772	-250.678990	0.350400	1.000000
-2.9339360332027299982371	-0.9443776678256821099922	1.5421238653576923027799	0.9261962078075731685800	-255.201585	-249.497803	0.350400	1.000000
-3.0947007979412077816050	-0.6332555583555649070249	2.0038464120510486310422	1.0216283784123210143235	-256.236303	-250.532521	0.350400	1.000000
-2.7859614770168779074311	-0.2053658910894369249434	1.3972119841941821327680	1.1673181816547328892852	-255.538124	-249.834341	0.350400	1.000000
-2.7709267003591739886303	-0.2077149218008005893132	1.5991987682815056448504	1.2699504534480536843688	-255.683358	-249.979575	0.350400	1.000000
-3.0917039854990622238518	-0.6438546658015652512930	2.2502831627081771870280	0.6122989102720380882872	-256.206634	-250.502852	0.350400	1.000000
-3.1092721007441919134351	-0.6811781060834258827441	1.5265014700369625710863	1.4990461187293657729924	-256.061260	-250.357477	0.332500	1.000000
-2.9530846798586911639006	-0.7852948158257750943534	1.6715060562376300445919	1.6436289850410337187725	-254.949299	-249.245517	0.332500	1.000000
-2.9595209588080368945384	2.6354576707847332528445	1.6039406673190703678245	1.9684989162516248750734	-254.943937	-249.240155	0.332500	1.000000
-2.9639461782251457222515	2.9939899917350123459414	1.8141943909031410520072	0.8515821033403465634137	-254.942951	-249.239168	0.332500	1.000000
-2.8594155950908266561328	3.0046691081541205825545	2.9105008839070212189881	1.4600290691408119858608	-254.631610	-248.927827	0.332500	1.000000
-2.7922797295394663485979	2.2734654313941691228251	2.5677886631384243543152	1.3807608474914796481414	-255.387406	-249.683623	0.332500	1.000000
-2.7236017716329672389008	-0.7839120945306783383444	2.8839291078974271798074	1.0071966091700050860425	-255.320308	-249.616525	0.332500	1.000000
-2.7429976422425648152625	-0.7955629799183201456003	2.6804608206158038186118	0.1454557651673560325634	-255.525862	-249.822080	0.332500	1.000000
-2.8526379060062758696859	-0.8565181509507995283315	2.8213443504953379381561	0.1563511492030220106919	-254.530846	-248.827064	0.332500	1.000000
-2.8606233131132987601575	-0.8734831390059603073439	2.7375168562078391332193	0.5594130236127354827147	-254.621627	-248.917845	0.332500	1.000000
-2.9428549268553392259662	-0.8925477179303726860127	2.0720035701266414918109	0.3776039550391401822260	-255.201826	-249.498044	0.332500	1.000000
-2.9555899353666639228777	-1.7043037966965590701562	1.9383167287512688137241	1.0204010388201292247601	-254.909526	-249.205744	0.332500	1.000000
-3.1633783363197984783710	3.8134151294342921723057	2.2241709351878009570669	0.2049705853665462762514	-256.556552	-250.852769	0.332500	1.000000
-2.9543255098555603055388	0.9661949137373511131699	2.6782369194126127709410	0.9222230717064099358993	-254.974639	-249.270857	0.332500	1.000000
-2.9543255098555603055388	0.9661949137373511131699	2.3447791509453308478328	0.9222230717064099358993	-254.974639	-249.270857	0.332500	1.000000
-2.8755081743446275766019	0.7866587956782218338248	2.3175145227088060906340	1.0347417860156524760384	-254.602531	-248.898749	0.332500	1.000000
-2.8876058331383558375194	0.7609573337263928483054	2.5126655751352022782896	1.6453687664586358341268	-254.590315	-248.886533	0.332500	1.000000
-2.8117506983150777344349	-1.6798840018804535034747	2.4488478623621618979200	0.5115841943820813586541	-255.018651	-249.314869	0.332500	1.000000
-2.7871071048825633020840	-1.6741706307012240717569	2.7073227530937509222042	0.4162215385497094466416	-255.457497	-249.753714	0.332500	1.000000
-2.9424266768560576323921	-1.8631340312428394945243	2.8326738839148797310941	0.4550598720134764185730	-255.195186	-249.491404	0.332500	1.000000
-3.1331876624558949728794	-1.9703504733781200819465	2.6140356680655396637292	1.0592462153000439251116	-256.311975	-250.608192	0.332500	1.000000
-3.0340794203453222976918	-1.8606557108941568223770	2.6222388502419393674359	0.8473257024763264366740	-256.001415	-250.297633	0.332500	1.000000
-2.9993418058799843350926	-1.8247013496888795369699	2.9867187102428212064353	0.1474570227473814831853	-255.393405	-249.689622	0.332500	1.000000
-2.9993418058799843350926	-1.8247013496888795369699	1.3904820405039990394158	0.1474570227473814831853	-255.393405	-249.689622	0.332500	1.000000
-2.9975287125205882787782	-1.8208494349683395086004	1.4095151431611960823886	0.0559414872056447354254	-255.381950	-249.678168	0.332500	1.000000
-2.9975287125205882787782	-0.7128666617240673186728	0.8043939753260627156806	0.0559414872056447354254	-255.381950	-249.678168	0.332500	1.000000
-2.9897149262751692155859	-0.5333251222871200347697	1.7057106741429768348439	0.4687952027965267554066	-255.189053	-249.485271	0.332500	1.000000
-2.9219397237199777883632	-0.2860843544106461688870	0.5207772334670321967565	0.1878163110318590012238	-255.188000	-249.484218	0.332500	1.000000
-2.8251210386405714025670	1.1358810981545290896833	1.5362622160125558590238	0.4018765021649917112967	-254.600315	-248.896533	0.332500	1.000000
-2.7029940041483180301896	1.6414269261184311066160	1.5324116394418343389816	0.3924422497762923844888	-255.836659	-250.132876	0.332500	1.000000
-2.7031722774709012746541	2.4681711244485065037679	1.5305418156395058648656	0.1416163023656007713402	-255.836277	-250.132495	0.332500	1.000000
-2.8928167021166060202120	2.3164056885126473872560	1.3828074348679959548747	0.1880828429147119451592	-254.557566	-248.853784	0.332500	1.000000
-2.8928167021166060202120	2.3164056885126473872560	1.3828074348679959548747	0.1880828429147119451592	-254.557566	-248.853784	0.332500	1.000000
-2.9522954800684355625151	2.3026161274790113431266	0.7589629182779848992624	0.0565789026753711898898	-254.955845	-249.252063	0.332500	1.000000
-2.9597310694505543082755	2.2868192265370685944958	0.6809071825966354074566	0.4318888340953985771620	-254.943937	-249.240155	0.332500	1.000000
-2.9676141596069363082222	2.2700716107238232410737	0.5981537692520869642365	0.8297862802729079056974	-254.968675	-249.264892	0.332500	1.000000
-2.9022664924158689814249	3.9010443007815842619834	0.8580202644107784992755	1.6110761518634089117796	-254.618028	-248.914245	0.332500	1.000000
-2.9055755787685635382900	1.1686357036178915969060	0.8232828473186190043620	1.7781016434914687085467	-254.725504	-249.021722	0.332500	1.000000
-2.8393556814989722170139	1.0262473453125635636241	1.8262650626789735941458	1.3099543219500271451494	-254.358686	-248.654903	0.332500	1.000000
-2.8115783413056707473743	1.0326872444015766649983	2.1176083276512400743741	1.3713683222132151406925	-255.018651	-249.314869	0.332500	1.000000
-2.9251374548870008318602	3.6689755489942648125634	2.2330936465860711237497	1.4916050769233926143187	-255.247124	-249.543342	0.332500	1.000000
-2.9061694720922992551948	3.6733730864931746218360	2.4320397659369374920857	1.5335421267719189231116	-254.738256	-249.034473	0.332500	1.000000
-2.8791100907268751818435	3.7308607105418891691784	2.7160979368520377086327	0.1677251023745960356592	-254.580510	-248.876727	0.332500	1.000000
-2.8303116181142700114037	3.3944150408654341077863	2.2880667784134529618711	0.8344744466915505753946	-254.474740	-248.770957	0.332500	1.000000
-2.8303116181142700114037	2.0587090052941938722597	2.4269921689865103786587	0.8344744466915505753946	-254.474740	-248.770957	0.332500	1.000000
-2.8303116181142700114037	2.0587090052941938722597	2.2130699743050423755619	0.8344744466915505753946	-254.474740	-248.770957	0.332500	1.000000
-2.8303116181142700114037	-0.7126465738401224214726	2.2130699743050423755619	0.8344744466915505753946	-254.474740	-248.770957	0.332500	1.000000
-2.8082219679789801602965	-0.7075253089244419868464	2.9240246109434306909236	0.8833133121042147095636	-255.108952	-249.405170	0.332500	1.000000
-2.9960213006666451818205	-0.7844489137821841762133	0.9541271781822717734656	1.3974130572196377109151	-255.296805	-249.593022	0.332500	1.000000
-3.0033172684575597521928	2.0711400413330096625941	0.8777516587468540132377	0.7409018781472238579511	-255.518034	-249.814252	0.332500	1.000000
-2.9834906166022268081406	2.0757366526835858699940	2.7110826607778752972422	0.7847373927713054975186	-255.180970	-249.477188	0.332500	1.000000
-2.9834906166022268081406	3.8000724663242602119340	1.4355671043811444320681	0.7847373927713054975186	-255.180970	-249.477188	0.332500	1.000000
-2.9989494644369947273788	3.7672301621876633781483	2.3704677441402237647594	1.5650197379276757914113	-255.393802	-249.690020	0.332500	1.000000
-2.9595401015247433385014	3.7763668296493810849768	2.7838137442047332648087	1.6521514289903334038456	-254.943937	-249.240155	0.332500	1.000000
-2.9047098335870882301890	3.1415400442069176811799	2.3062487989333098070688	1.4743753328536657321024	-254.671185	-248.967402	0.332500	1.000000
-3.0552518165138247141499	0.4284160572531310329225	2.0751512170142749624802	1.5537341106090165609999	-255.902058	-250.198276	0.332500	1.000000
-3.1072914355828000765314	0.7289518358863602554010	2.0072103413924269332824	1.9258279443952084353242	-256.106481	-250.402698	0.332500	1.000000
-2.8051405341492161582551	2.9608592836286278249247	1.8011982328125135666141	1.4826942348174685371021	-255.179123	-249.475341	0.332500	1.000000
-2.8327520833216364160023	1.7962117050897190573266	2.4490394701943030142388	1.8899160513703741059999	-254.503656	-248.799874	0.332500	1.000000
-2.8531895092471426522707	1.7914734918668713259393	2.2346810631139280012292	1.8447301526330071030912	-254.501841	-248.798059	0.332500	1.000000
-2.8438938365425352472471	1.8112221376509616277417	2.3322631826102075969231	1.3755328764010639197579	-254.400216	-248.696433	0.332500	1.000000
-2.8021526986763154454252	1.9601041640842593594130	2.6395530133497762115269	1.1358361733440269780715	-255.246773	-249.542990	0.332500	1.000000
-2.8967857890263188913593	1.8694083328512702824042	1.6466624598837793502781	1.4070740547539160036905	-254.595046	-248.891264	0.332500	1.000000
-2.7943250103091510361253	1.9056135930033317738008	2.7213842890452784040178	1.2870183136634931742037	-255.412943	-249.709161	0.332500	1.000000
-2.8274953302717982239756	1.9199121928737303832690	2.3735819239773672251204	0.0873187475333229989882	-254.535407	-248.831625	0.332500	1.000000
-2.9903564734578482742222	2.3319404375065264645173	2.6518164718022005921227	0.1593008637510614222688	-255.209859	-249.506077	0.332500	1.000000
-2.9903564734578482742222	2.3319404375065264645173	2.6518164718022005921227	0.1593008637510614222688	-255.209859	-249.506077	0.332500	1.000000
-2.9522562794947582176519	-1.6914572289461040632830	2.1967866769112402991482	0.4517133547785861513724	-254.955845	-249.252063	0.332500	1.000000
-3.1434554670201344528380	-0.2362427715511629389145	1.4411378900357478816119	1.6042715985067401707198	-256.444549	-250.740766	0.332500	1.000000
-2.9022594405320236710111	1.2477087370716020142680	2.0246794626053019605649	1.6057498663367884006448	-254.618028	-248.914245	0.332500	1.000000
-2.8780277390803616910375	0.0058433843154688247523	2.2787762330550718203881	1.9963972719572684599854	-254.589045	-248.885262	0.332500	1.000000
-2.8781873562133437616239	0.0055042779032162597250	1.1881190803183006021726	1.8612668592307886061832	-254.588512	-248.884730	0.332500	1.000000
-2.8890726535457544876806	0.0137898907339843584952	1.0740001503969180962628	1.5363038851174188881288	-254.607338	-248.903555	0.332500	1.000000
-2.7274339013453188229619	0.0891241102545446695071	2.9483854995326521652999	1.5390071220638033011596	-255.269257	-249.565475	0.332500	1.000000
-2.8038426552823900728129	0.0714095032602207330230	2.1469705444082940459793	1.3700720403840696004494	-255.197779	-249.493997	0.332500	1.000000
-3.0010867177974525077389	1.8969242566621069556732	2.7682122326348812535457	1.9448653087332969935375	-255.470987	-249.767205	0.332500	1.000000
-2.8300651551437825403923	1.3004209208886070570088	1.7089780139296721905851	1.8249972482478566959685	-254.472490	-248.768707	0.332500	1.000000
-2.8303019177552037888290	1.2999179189976783899141	1.7064925781603497156880	0.2623241815332510995518	-254.474740	-248.770957	0.332500	1.000000
-2.8446487426497597539310	1.2694381062963857598191	2.8834568219480152251322	0.9864773845355255810219	-254.344613	-248.640831	0.332500	1.000000
-2.8446487426497597539310	1.2694381062963857598191	2.8834568219480152251322	0.9864773845355255810219	-254.344613	-248.640831	0.332500	1.000000
-2.8409145352850599941519	1.2773714254733017359200	2.9226569832343964883137	0.3551243922344274883685	-254.407731	-248.703949	0.332500	1.000000
-3.0269900750533889066674	1.2699366487792878022134	2.8198610431858472935573	1.0227908594771606409779	-255.905165	-250.201383	0.332500	1.000000
-3.1719197215338086337511	1.2363361567291049070150	1.2997631467333965460398	0.7023602752256624670579	-256.406036	-250.702253	0.332500	1.000000
-2.7132266959730708677512	3.9808313586101764514069	1.8223310126313614354387	0.5263022904049242667313	-255.494955	-249.791172	0.332500	1.000000
-2.8529635853203609840989	2.2710667261107202463677	2.1196025762110970447338	1.1730348919413922104127	-254.530140	-248.826357	0.332500	1.000000
-3.0745106479610244676337	1.3646744623754247793812	2.5732053729574340117381	1.8147087994700963342609	-256.134954	-250.431171	0.332500	1.000000
-3.0745106479610244676337	-1.0207298537911524416444	2.5732053729574340117381	1.8147087994700963342609	-256.134954	-250.431171	0.332500	1.000000
-2.7352616557846327616232	-1.6901632352899547129255	1.7309900931180191019365	1.1657427587275055458349	-255.326456	-249.622674	0.332500	1.000000
-3.1592470897240825244978	-1.8157458083857569430819	1.8854270018128922448142	1.3916161081430988843977	-256.640688	-250.936906	0.332500	1.000000
-3.1222127934106684854498	-0.6286145349804062032462	2.2738620617867884021734	0.4137280648336450483704	-256.194369	-250.490586	0.332500	1.000000
-2.9186836295415856668001	-1.0095587020203489192482	2.5688165046867803553710	0.7853974443485023382294	-255.080012	-249.376229	0.332500	1.000000
-2.8270870769501694752535	0.0088544249139890229827	2.3989000884352731368665	0.2022119719698629580762	-254.542646	-248.838864	0.332500	1.000000
-2.8450346680998683801533	-0.8768259062321349661673	2.2103924205293052906995	1.6969790480884758832048	-254.347973	-248.644190	0.332500	1.000000
-2.8450346680998683801533	-0.8768259062321349661673	2.2103924205293052906995	1.6969790480884758832048	-254.347973	-248.644190	0.332500	1.000000
-2.9568793657659981910513	-1.1498211992308331463875	2.9123953988877979703886	0.8570905764334768583979	-254.952309	-249.248526	0.332500	1.000000
-2.9080821269010184160209	-0.5064568163979086268256	1.9963178869071207532926	1.0811683799047269172178	-254.762087	-249.058305	0.332500	1.000000
-2.8898479009490496416390	2.7132450876090441482802	2.1877332338443289394547	0.1607993627575381445638	-254.613726	-248.909943	0.332500	1.000000
-2.7824970092538632293611	1.2974740925712970884831	1.7570477158870119183121	0.3149555266926692409513	-255.610416	-249.906633	0.332500	1.000000
-2.8432306725294536065007	1.5666036677419752365381	1.1177888345078232923413	0.8891535769048168891260	-254.349230	-248.645448	0.332500	1.000000
-2.8624270492861971781906	1.5258209877839159496205	0.9162732271818804230534	1.8580869692478976240579	-254.687172	-248.983389	0.332500	1.000000
-2.9066582528314452993357	2.7468327323912817838902	1.0705740745712546413415	1.6349000163663336415709	-254.740676	-249.036893	0.324000	1.000000
-2.9061602719745760481374	2.7480019543585245678230	1.0759704187835155142494	1.6084736470778491224110	-254.738256	-249.034473	0.324000	1.000000
-2.8741122341901506054285	2.8079423361049600238459	2.5219570181416037790711	0.3192724083388072120471	-254.597048	-248.893265	0.324000	1.000000
-2.9863352554758813006686	2.6398479001604520099988	2.0551226291313096083968	1.1854370829218918714787	-255.215682	-249.511899	0.324000	1.000000
-2.9863352554758813006686	2.6398479001604520099988	2.2519410201815066585596	0.0933618222398706620879	-255.215682	-249.511899	0.324000	1.000000
-2.9863352554758813006686	2.6398479001604520099988	2.6423806103766112052256	0.0933618222398706620879	-255.215682	-249.511899	0.324000	1.000000
-2.6611529359552088536134	3.6876056038506876966210	2.7398431083366188154571	1.2635020461150805459738	-257.460876	-251.757093	0.324000	1.000000
-2.6105179943434007050485	1.8067544153042327526038	2.3455462533745521369610	0.7348259350930219646614	-259.108619	-253.404837	0.324000	1.000000
-2.6069752003416768459942	1.8077912224454237843929	2.3829505531327157541455	0.7425766395335618996754	-259.264838	-253.561055	0.324000	1.000000
-2.8463951869541777028871	1.1472933924620880574707	2.4289785690119045646895	0.7182406394532769855488	-254.428058	-248.724276	0.324000	1.000000
-2.7042315145608304405300	1.2016967640806617279026	2.4410413112169453420108	0.5877672298273626250165	-255.832165	-250.128383	0.324000	1.000000
-2.8214215316395523380777	2.4660828754665371498334	1.0361466278259610085399	0.5574691075074962309799	-254.700069	-248.996287	0.324000	1.000000
-2.8190413539693213174075	2.4716713553841613837392	1.0619393020176035591362	0.4311601275174437031268	-254.782654	-249.078871	0.324000	1.000000
-2.8190413539693213174075	2.4716713553841613837392	1.1416045728354866639620	0.4311601275174437031268	-254.782654	-249.078871	0.324000	1.000000
-2.8366346650691482977891	2.4485865734696696804917	0.9887712643569580572844	1.1798516653843185153505	-254.386033	-248.682251	0.324000	1.000000
-2.8324136021967873944050	2.4584973147509825430745	0.5260834753311844913526	1.5965629392990876578295	-254.505360	-248.801578	0.324000	1.000000
-2.8324136021967873944050	2.4584973147509825430745	0.5260834753311844913526	1.5965629392990876578295	-254.505360	-248.801578	0.324000	1.000000
-2.8324136021967873944050	2.4584973147509825430745	0.5260834753311844913526	1.5965629392990876578295	-254.505360	-248.801578	0.324000	1.000000
-2.8834678423990096618468	0.0963835411129928265606	0.9837515066618187642433	1.4848696469283684251650	-254.597118	-248.893336	0.324000	1.000000
-2.8422066907024743365184	0.1140698351715057623501	1.4201412946546736471021	1.4242866777969966918249	-254.344646	-248.640863	0.324000	1.000000
-2.8460830821242808497118	0.1049683567883755996863	1.3781349762892753929577	1.6299952905002914604893	-254.365013	-248.661231	0.324000	1.000000
-3.1907243294451590465144	3.3762599235999171121136	2.1217730167218609160784	1.5775504349774844836674	-256.533556	-250.829773	0.324000	1.000000
-2.9224413881341284593418	-1.4287287026675763446093	2.8915065508016346562670	1.6551474990044146018420	-255.192118	-249.488335	0.324000	1.000000
-3.2188543825881623661189	-1.9356404086020515542543	2.7970279430159208367002	1.0525330457722834598400	-257.670108	-251.966326	0.324000	1.000000
-2.7231804263002232779911	-1.8623703209691009341498	2.5671740655598740410426	1.0091113681563372850292	-255.357185	-249.653402	0.324000	1.000000
-2.8817978070985024174888	-1.7692430457121774978191	0.8559893745866268277567	0.8313300708830568819252	-254.581804	-248.878021	0.324000	1.000000
-2.7908633640295810174337	-1.5033394005699358686456	0.8525717867646408487659	0.5480431093230180294995	-255.404733	-249.700951	0.324000	1.000000
-2.8186366220506187119099	-1.7527803880183721041419	2.1098594740001224145942	0.2285771962360533815506	-254.792230	-249.088447	0.324000	1.000000
-2.8438518007056274861100	-1.7601596703822919298688	1.8436413138675527001453	0.1734129961512342332774	-254.402444	-248.698661	0.324000	1.000000
-2.8757849748112476184758	1.7576742157043396819205	1.5064955425088193408101	0.1035515833170296273735	-254.599382	-248.895599	0.324000	1.000000
-2.8757849748112476184758	1.7576742157043396819205	1.5064955425088193408101	0.1035515833170296273735	-254.599382	-248.895599	0.324000	1.000000
-2.8758597030582873088633	1.7574987593453115231057	1.5056857536628407423507	0.1075171900774172240034	-254.599382	-248.895599	0.324000	1.000000
-2.8758597030582873088633	1.7574987593453115231057	2.5007361605399904824765	0.1075171900774172240034	-254.599382	-248.895599	0.324000	1.000000
-2.9600634183328695669957	1.8519759376243960513619	2.0101251885454849421819	0.1028881782385978604921	-254.950676	-249.246894	0.324000	1.000000
-2.6669987617988892836252	1.9543405505099673558078	1.8843014979468093450521	1.3005549466137793501730	-257.246226	-251.542443	0.324000	1.000000
-3.1721682251986922373987	1.7021106562131804729177	1.7405199255204415464959	1.2914589323460587966252	-256.399875	-250.696093	0.324000	1.000000
-2.6869739544815605114536	-0.1511505291633086223158	1.1163634076846242759729	0.8943137082556990025139	-256.337713	-250.633930	0.324000	1.000000
-2.6933117323907151963169	-0.1660311597190246013511	1.0476843999137679386280	1.2306408123710450563948	-256.169434	-250.465651	0.324000	1.000000
-2.6881643357407951633320	2.5420313567093093531923	1.1034639017497169799498	0.9574837163327094557985	-256.286125	-250.582342	0.324000	1.000000
-2.6881643357407951633320	3.6414854203011621791575	1.1034639017497169799498	1.0439388746494051574132	-256.286125	-250.582342	0.324000	1.000000
-2.9556459557347052324872	-1.0584639618393341109481	0.7401774184472037498850	0.2713780230777560475985	-254.912141	-249.208359	0.324000	1.000000
-2.8753788149232977211511	1.9809569706438989733499	0.5616283153599213040508	0.4047219708931651394046	-254.595032	-248.891249	0.324000	1.000000
-2.8738957520660042277427	1.9844390917889789260897	2.8257044343012576170793	0.3260202171927029657361	-254.602124	-248.898341	0.324000	1.000000
-2.8738957520660042277427	1.9844390917889789260897	2.8257044343012576170793	0.3260202171927029657361	-254.602124	-248.898341	0.324000	1.000000
-2.8950601377321403262499	-0.8911130935144149223248	2.9511921245149581594092	0.3520230565470249262106	-254.583674	-248.879892	0.324000	1.000000
-2.8223186714455690271564	-1.1066404925317934182516	2.9293210669049729588664	0.3393917615224124606499	-254.688560	-248.984777	0.324000	1.000000
-2.8505549423034710621039	0.9796345094588408963787	2.5598264279281570665603	1.8404460305726979552077	-254.443529	-248.739747	0.324000	1.000000
-2.8156226811295379519606	0.9651853364132627621785	2.7381822068096006717042	0.9656804052735322718704	-254.896066	-249.192283	0.324000	1.000000
-2.8908193317586716730716	0.7266047189679815110352	1.9550266319918376822784	0.7703965165467924203213	-254.580619	-248.876837	0.324000	1.000000
-2.9021395881907539049394	0.7000255998861245609888	1.8323552492751837839080	1.3711290001110796321626	-254.618307	-248.914525	0.324000	1.000000
-2.9021395881907539049394	0.7000255998861245609888	2.0870634508485679248224	1.3711290001110796321626	-254.618307	-248.914525	0.324000	1.000000
-2.8657691518359902360658	-0.4479589411284710109840	1.2650263762870683770245	1.5494447085372171635242	-254.693985	-248.990203	0.324000	1.000000
-2.8553793015649793218813	-0.4235643464253666667929	1.3776154599894279151329	0.1632043949191435139312	-254.590280	-248.886497	0.324000	1.000000
-2.8716904831018159605094	-0.4283378527287045045568	1.2054043962592695393710	0.1275198061153620665564	-254.632898	-248.929115	0.324000	1.000000
-2.9294040760541282253371	-0.4924349300819299557475	0.5896737467157099343851	1.2703907769335751609674	-255.219154	-249.515371	0.324000	1.000000
-2.9241360937765201732930	-0.4908932424640683467310	0.6452923314080387662273	1.2819157410189485624130	-255.233563	-249.529781	0.324000	1.000000
-2.8332179147372258398718	-0.4581851630322865687184	1.6060200928518892915520	1.4089866949262388473585	-254.434086	-248.730304	0.324000	1.000000
-2.8016713720808481546953	-0.4060258135702952686508	1.9449027164256045274726	0.3239310125091312553280	-255.238081	-249.534298	0.324000	1.000000
-2.8016713720808481546953	2.3817654397892429329886	1.9449027164256045274726	0.5731514758816842469713	-255.238081	-249.534298	0.324000	1.000000
-2.8584885284737708843750	2.9270553261032987713008	2.4101985670846075571205	1.4595634260777403667930	-254.643825	-248.940042	0.324000	1.000000
-2.8584885284737708843750	2.9270553261032987713008	2.4101985670846075571205	1.5324883248910008415322	-254.643825	-248.940042	0.324000	1.000000
-3.1966106328291505889183	2.6378826868550486750564	2.6347172038195778576153	1.9680405280152102331925	-256.703416	-250.999634	0.324000	1.000000
-3.0804872903025941610622	2.3918879644101056491934	2.6355271598373599672982	1.9556450872966320009283	-256.210522	-250.506739	0.324000	1.000000
-2.9354343801611415543107	1.9754865181041887378655	2.6365388985189177617485	1.9401615961259879306056	-255.163074	-249.459291	0.324000	1.000000
-2.9282281083042205338529	1.9924063077724261106027	2.7146292967554206398972	0.0660653550029948744005	-255.268633	-249.564850	0.324000	1.000000
-3.1761848026350505413973	1.7120583948371554949830	1.1812805094585212550840	0.2562440114900553234101	-256.367553	-250.663771	0.324000	1.000000
-3.1924352923302454776433	1.6739034552084934848182	1.0051829048951945733137	1.1186093732908339859478	-256.568272	-250.864489	0.324000	1.000000
-3.0613313412009897085397	1.8803819465713502712134	1.1659022177667226483067	0.5248611134899848762458	-256.003992	-250.300210	0.324000	1.000000
-3.0613313412009897085397	1.8803819465713502712134	1.1659022177667226483067	0.5248611134899848762458	-256.003992	-250.300210	0.324000	1.000000
-3.0724030410196654372612	1.8607178110922315550368	1.0590629789055256981811	1.0481502693608644172230	-256.128686	-250.424903	0.324000	1.000000
-3.0143974275020659625568	1.8776932926739868801036	1.6714777438093988415346	1.1750513440630241390750	-255.632566	-249.928783	0.324000	1.000000
-2.9168102398450552747988	2.4085554526465373648136	2.0016361824109498712687	1.7069416169856841403174	-255.021380	-249.317598	0.324000	1.000000
-2.8378408759059725596785	2.0897661581080222426010	2.8421929854358709555129	0.5290896589200968502809	-254.435133	-248.731351	0.324000	1.000000
-2.8378408759059725596785	2.0897661581080222426010	1.7878551939774385282078	0.5290896589200968502809	-254.435133	-248.731351	0.324000	1.000000
-2.7572392078714091923075	2.1223554239273738630800	2.6400558900946164975210	0.4634386703515493421968	-255.799625	-250.095842	0.324000	1.000000
-2.8601652535654649156527	2.0997047525051626415404	1.5543904773175301059496	0.0374133161272995895530	-254.618622	-248.914840	0.324000	1.000000
-2.8413963316168668882256	2.3157638886178473214272	1.8425938109728703384604	1.9378388228587943853398	-254.403503	-248.699721	0.324000	1.000000
-2.8275270373253831301952	2.3483279587664647181100	1.9928877127274928771072	0.5578466143448151948192	-254.535407	-248.831625	0.324000	1.000000
-3.0186013578662294065680	1.1331100384113181878121	2.4749562563134865911252	0.8517770952855827637507	-255.755246	-250.051464	0.324000	1.000000
-2.7534906638988165816784	0.3573965082307904994607	2.1523229137911408237471	0.2165348611406410495039	-255.713341	-250.009558	0.324000	1.000000
-2.7201833585905172974151	1.7468230460393829872601	1.9656394212484775696481	0.2687208311858779175019	-255.374900	-249.671118	0.324000	1.000000
-2.7019412969677194524820	-0.7998041923597549729408	1.5381334852877333041477	0.2777917768378451723876	-255.912245	-250.208463	0.324000	1.000000
-2.6979017884561518059172	-0.7903197271972121074057	0.7414531412244889096996	0.0634270232571838843416	-256.018215	-250.314432	0.324000	1.000000
-2.7149590562018506290087	-0.8303689216076124424148	0.5566129273753600559260	0.9686057069002957931048	-255.420996	-249.717214	0.324000	1.000000
-2.9444662639644754165147	-0.1715256543005699851889	0.5550121230925415538593	1.1454495106513362667755	-255.158670	-249.454887	0.324000	1.000000
-2.7249373575455391183198	-0.5297570259140882420468	1.8234250592596052964467	1.3192836811206893887771	-255.325797	-249.622015	0.324000	1.000000
-2.7739321043180154013896	3.2988565431343586098478	0.9035194619397868276423	1.1299703581563969034818	-255.706543	-250.002761	0.324000	1.000000
-2.7261493803768317434333	2.9280621036503378107341	2.6111375023527716443539	1.3402733541498073055465	-255.276077	-249.572295	0.324000	1.000000
-3.0648664680374642088623	3.7938074445247833565986	0.6208380350539628445006	0.9654914973797134036815	-256.032959	-250.329176	0.324000	1.000000
-2.9936551588155850822659	-0.0617695495628268684274	1.3726765994781096047461	1.1212831720675842106516	-255.234306	-249.530524	0.324000	1.000000
-2.7472216070414243738185	-1.1460414397402016728478	1.3805052206801611269782	0.8056092259006726319370	-255.586257	-249.882474	0.324000	1.000000
-2.8570752277304301003369	-0.8313960734685561515533	1.3782657306965058197079	1.4618689592931983778357	-254.570646	-248.866863	0.324000	1.000000
-2.7037900570902286823127	-0.9565751714527759297368	2.3799692679195345590415	0.9146694995060957733557	-255.827808	-250.124025	0.324000	1.000000
-3.2451059630227709895678	1.8088838566933749252286	2.3437776103502834246228	1.2170317899007914164144	-258.065208	-252.361425	0.324000	1.000000
-3.2381440426179484148861	1.8252299273489627218225	1.8954765838833707025657	0.8475832919574752821745	-257.970354	-252.266572	0.324000	1.000000
-2.8615456537968189110188	0.7314500896268938401334	1.9904733641505250041348	0.7162404990118919068109	-254.699370	-248.995588	0.324000	1.000000
-2.8511759918520125367536	0.7031893067441966627129	0.7042745194244408590833	1.5802869175981162364053	-254.446142	-248.742360	0.324000	1.000000
-3.0532188346375011001044	2.1029680483302919391519	1.5114646306880976656117	0.2809374430397803545922	-255.847042	-250.143259	0.324000	1.000000
-3.0192599603261820462308	3.6855899860844711923846	0.6262628466819468719962	0.2822980529871084165450	-255.757142	-250.053359	0.324000	1.000000
-2.9017889933967921933800	1.1118079729615224504613	0.6070472977024592431405	0.2440180976782527766389	-254.617626	-248.913843	0.324000	1.000000
-2.9017889933967921933800	1.1118079729615224504613	0.6070472977024592431405	0.2440180976782527766389	-254.617626	-248.913843	0.318000	1.000000
-2.9105655364602780466043	1.0879831571913816112840	0.5022582892225390116536	0.8300327542573762151790	-254.852233	-249.148451	0.318000	1.000000
-2.9102896260070010292509	3.1370020704124490507070	0.5055525683731094677142	0.8116100599967732698303	-254.853703	-249.149921	0.318000	1.000000
-2.9102896260070010292509	3.1370020704124490507070	2.9365889745594286885932	0.8116100599967732698303	-254.853703	-249.149921	0.318000	1.000000
-2.9102896260070010292509	3.1370020704124490507070	2.9365889745594286885932	0.8116100599967732698303	-254.853703	-249.149921	0.318000	1.000000
-2.9075498736542697564289	3.1444394058858207152696	2.9693007074645740850372	0.6286752732038429769545	-254.760060	-249.056277	0.318000	1.000000
-2.9075498736542697564289	3.1444394058858207152696	2.9693007074645740850372	0.6286752732038429769545	-254.760060	-249.056277	0.318000	1.000000
-2.9229742804096821018334	3.1025682902708004995418	2.7851384150222129321151	1.6585714820329831020729	-255.196362	-249.492580	0.318000	1.000000
-2.8708817949335134755984	3.1055078808677034629682	2.7189286474287923667248	1.3842127186867121402258	-254.640407	-248.936624	0.318000	1.000000
-2.8533000405057333814796	3.1092929958916184496331	2.8836841984432646235348	1.4140909091530728947106	-254.502632	-248.798849	0.318000	1.000000
-2.8533000405057333814796	3.8501180333984663661795	2.8836841984432646235348	1.4140909091530728947106	-254.502632	-248.798849	0.318000	1.000000
-2.8397103063243882559163	1.5474011770915643282365	1.9057660904100681698026	1.3230926669252358607309	-254.362089	-248.658306	0.318000	1.000000
-2.9637803739896493304684	1.5206905618872066376923	0.7431271486276316284858	1.1122497087833738138585	-254.942951	-249.239168	0.318000	1.000000
-2.9145595127123549161752	1.3297617573831972404008	0.6434823639087926538949	1.0257496483880073068207	-254.981883	-249.278101	0.318000	1.000000
-2.7097661865249120793919	2.0090098835664749188368	1.5692846876173600634274	0.5509489071994378983632	-255.605568	-249.901785	0.318000	1.000000
-2.7097661865249120793919	2.0090098835664749188368	1.5692846876173600634274	1.0714835042326040781546	-255.605568	-249.901785	0.318000	1.000000
-2.9712995936065094149114	3.3069600120479547555874	1.7307613003195640999365	1.1582956045186385551915	-255.021048	-249.317266	0.318000	1.000000
-2.8619906296040804605241	3.3473312712148053371664	1.7618120667319421279728	0.9176371429815806113339	-254.686866	-248.983084	0.318000	1.000000
-2.9682634132188159270527	2.7052017185166850055111	0.7811489018875952261567	0.3318834711445422525067	-255.024368	-249.320586	0.318000	1.000000
-2.9682634132188159270527	-1.3402933834948289604228	0.7811489018875952261567	0.3827151695914352558248	-255.024368	-249.320586	0.318000	1.000000
-2.9764159298761394545352	0.1398135832104729636693	1.9420880506393909392671	0.8354866093688738670764	-255.032933	-249.329151	0.318000	1.000000
-2.8990639138761449267179	0.1564664308596862840606	2.6669402871160263757133	0.9669375562296209647428	-254.584900	-248.881118	0.318000	1.000000
-2.7336386618390471348050	-0.0058703048225749870914	2.6416628974923401784736	0.1849187243209957642875	-255.311406	-249.607624	0.318000	1.000000
-2.8983697407924569056092	-0.0679157388620414970148	1.0706762188605851715550	0.6331777757895338254457	-254.599707	-248.895924	0.318000	1.000000
-2.9130883219418373109022	-1.4239348624057206471605	0.9303641761862484482748	0.9130160592584335432775	-254.940087	-249.236304	0.318000	1.000000
-2.8490398015072635473643	-1.3974303152270206584973	1.5436211768095926544220	0.6735047349670514327258	-254.399534	-248.695752	0.318000	1.000000
-2.8265806870562331098995	-1.3524187064335273511517	1.8012216443706028368155	0.9119966017874800989773	-254.623431	-248.919649	0.318000	1.000000
-2.7394219749447623613037	-1.2656099746671232164630	2.4741464212763348839985	0.4796992265745956274259	-255.432199	-249.728417	0.318000	1.000000
-2.8138998583752723448015	-1.2374820016171805825422	1.9629689426939640473080	0.6197704555556843297737	-254.970662	-249.266879	0.318000	1.000000
-2.9113856434763558667100	-1.2584693786915208679744	0.9174915808482635437571	0.4541044597657152293024	-254.894731	-249.190949	0.318000	1.000000
-2.8385763263630678920890	-1.0666312316515940139539	2.0058891296954723948431	1.3585907275178903397261	-254.356989	-248.653206	0.318000	1.000000
-2.8999623935449068135028	-0.7928403988660247536657	2.4121663141251095119344	0.5197312546691581491842	-254.648601	-248.944818	0.318000	1.000000
-2.9500775414855704426031	-0.7979031461297678706757	1.9484316819762530492710	0.2776895985350573137218	-255.013567	-249.309785	0.318000	1.000000
-2.9736862243700494801146	-0.8619913088869826101046	1.6665518514910595548884	1.8540544716697742178013	-254.999360	-249.295577	0.318000	1.000000
-2.8031013936016266896445	-0.7344987395972721877513	1.8332828380606629448124	0.7756267597444899131176	-255.226052	-249.522270	0.318000	1.000000
-2.8051653626665054019895	-0.1341750891926545563582	1.8086397331072232574911	0.9134391209436177883063	-255.179123	-249.475341	0.318000	1.000000
-2.8689307010606630576888	0.6580526339430319282542	1.9095661915248172135762	0.6436968756492568166649	-254.668220	-248.964438	0.318000	1.000000
-2.8305175981198593682109	3.4828061416120719151479	0.8997523403750569137571	1.6811701136183176963357	-254.474740	-248.770957	0.318000	1.000000
-2.8305175981198593682109	2.8764154699947050985998	0.8997523403750569137571	1.6811701136183176963357	-254.474740	-248.770957	0.318000	1.000000
-2.8317124199172862830665	3.0583098725774755521911	2.0912794769100453429189	1.3643949036204414682061	-254.477534	-248.773752	0.318000	1.000000
-2.9499883296865641035822	3.0364246093386269009784	0.9866140585680387431466	1.0653788427563308793822	-255.014764	-249.310981	0.318000	1.000000
-2.9508825159095031231971	3.0339972501982890307204	0.9759377721281045081625	1.1250841536700919576219	-255.016061	-249.312278	0.318000	1.000000
-2.7374479727937712780772	3.2831673178084530562160	0.5650622814303940533165	1.2358062780914462752690	-255.377614	-249.673831	0.318000	1.000000
-3.0882843619438005156042	3.9745787655194040333129	1.9912572171372227014530	1.3949245938457175419956	-256.230168	-250.526385	0.318000	1.000000
-3.1082335459512653308423	-0.6667265014196566141891	1.8165126951438455016330	0.4411900839473230639953	-256.020359	-250.316576	0.318000	1.000000
-2.9237213705922999729125	-1.0152322025850533115943	1.8058411870855630709798	0.4699561155823029912071	-255.215214	-249.511432	0.318000	1.000000
-2.8541906585581715560807	-1.7429112562781314821336	1.3564306582042531257315	0.5177480895425362605877	-254.510138	-248.806356	0.318000	1.000000
-2.9132055299414472138153	-1.1280593243039387374438	2.3920786818156933861701	0.4876982241772804260727	-254.940087	-249.236304	0.318000	1.000000
-3.0290901303149988521568	-1.1435800907562843065080	2.8728416834474885810380	0.4525612870660180031557	-255.914783	-250.211001	0.318000	1.000000
-3.0668885673879922038054	1.4831781424855379203365	2.9064206930897573677441	1.0446491192194908848023	-256.087958	-250.384176	0.318000	1.000000
-3.0601312938103100158571	1.5015214465555086764681	1.7143392213564505599521	0.5934622081096707635339	-255.990051	-250.286269	0.318000	1.000000
-3.0601312938103100158571	1.5015214465555086764681	1.7143392213564505599521	1.2070961356618015170028	-255.990051	-250.286269	0.318000	1.000000
-2.8046214424617001981233	2.5870669804003934011405	2.9323845165804631740514	0.3442950475856089154192	-255.175107	-249.471324	0.318000	1.000000
-3.0500615650280540336325	2.3571352827829645804059	2.7953130109483983467555	0.7169179103968320587725	-255.824770	-250.120987	0.318000	1.000000
-2.8278141249185835270907	3.8297283279898328700597	2.6892866335032281632778	0.8243025674162950400259	-254.528889	-248.825106	0.318000	1.000000
-2.8883744381179159432804	1.3052537886794981503158	2.1217865121842880427039	1.8545900855290509134932	-254.602728	-248.898946	0.318000	1.000000
-2.9595164430864961957468	1.6030405928148301342162	2.9330140195099652089539	1.8263334421138261998152	-254.943937	-249.240155	0.318000	1.000000
-3.0543515348542311649283	1.9386173430371522741211	0.9632676518777653074110	1.8421348815961080536141	-255.858587	-250.154804	0.318000	1.000000
-2.9877948470942006231610	1.6662686647008797535818	2.2923252855282143514160	1.7334432810199129626483	-255.198152	-249.494369	0.318000	1.000000
-2.9247302637151069149013	2.0118279988551845960387	1.7544183314426551323351	1.8489684775913928227453	-255.247333	-249.543551	0.318000	1.000000
-2.9233378991402125812726	2.0121277562026578245025	2.0943866692372354876284	1.8513346427052435050342	-255.205157	-249.501375	0.318000	1.000000
-2.9082852623923240997783	2.0529896644482099610229	2.2741101512972834441939	0.8462617238331759939030	-254.804677	-249.100895	0.318000	1.000000
-2.9043533587043675048278	1.9202902985872316588001	1.9222017557594897052553	1.5778595934040504644713	-254.671587	-248.967805	0.318000	1.000000
-2.9141592979781765215819	1.9181792118796248125534	1.8303120109159292105971	1.5611955157360388746213	-254.974626	-249.270844	0.318000	1.000000
-3.0260634955809311286146	-1.6143477657278120229734	0.8213244193175446294930	1.2332066993950496769372	-255.838152	-250.134369	0.318000	1.000000
-2.9325391646456986372016	-1.5845891800033615748333	1.1797576740725341792881	1.0231302300967979324042	-255.187021	-249.483239	0.318000	1.000000
-2.7613863780688303606325	1.7934636118868350074251	0.9062084896348867602001	1.0470791099976310967179	-255.743693	-250.039911	0.318000	1.000000
-2.7481024469951944588786	1.8295241892967892827215	1.0648142135346843062393	1.0803661777901192309059	-255.617665	-249.913883	0.318000	1.000000
-3.0027107141180859883889	2.7098487112992821757018	1.0659248400354370822640	1.1125417733525191366084	-255.489610	-249.785828	0.318000	1.000000
-2.8990847917284923163095	2.9716845137667609044740	1.9123048980350534353789	0.4241428008894643220117	-254.584900	-248.881118	0.318000	1.000000
-2.8717384970005546129812	2.9775718028566129369494	2.1685622513391487053980	0.4706147161802135547859	-254.632898	-248.929115	0.318000	1.000000
-2.9719781627578045757332	2.9559915523526871794502	1.2292338451109576791254	0.2874484309983046381731	-255.028379	-249.324596	0.318000	1.000000
-2.9919844248338232084450	2.7651216423045812398129	2.0052189794502615072247	0.9084978018929252829849	-255.258142	-249.554359	0.318000	1.000000
-2.8298173787207256957288	2.9165194206658249242992	1.3710103431326836620485	0.7324975216784080922494	-254.549200	-248.845417	0.318000	1.000000
-2.8389264569682137739903	2.8917919044316597876332	1.2622509750289117036459	1.3407157372492450875257	-254.356632	-248.652850	0.318000	1.000000
-2.8387230336691602339272	2.1968242986636683511392	2.3144835153844360853270	1.6368862108896335971764	-254.357336	-248.653554	0.318000	1.000000
-2.8387230336691602339272	2.1968242986636683511392	2.3144835153844360853270	1.6368862108896335971764	-254.357336	-248.653554	0.318000	1.000000
-2.8364326177628558234289	2.2182388517823303786258	1.2320677807116537927357	1.0676250399964990478452	-254.386673	-248.682890	0.318000	1.000000
-2.8472339507870900732200	2.1889175384232055776579	1.1031034527657266330891	1.8160551819597472444912	-254.426196	-248.722413	0.318000	1.000000
-2.8457653542289791381847	2.1929041926428176623176	1.1206380077799553696138	1.7179961738253211045446	-254.360955	-248.657172	0.318000	1.000000
-2.8434649420444912948369	2.1991488946962753914249	1.1481041650316088365003	1.5643963741625519503486	-254.349954	-248.646172	0.318000	1.000000
-2.8224163770597967548781	2.1263721222906641905581	1.1480123491045810535383	1.2443828792512823255834	-254.690710	-248.986927	0.318000	1.000000
-2.8730469915279610582104	2.2210218485047406034028	0.9429843612302769573219	0.5854325962218187573427	-254.623372	-248.919589	0.318000	1.000000
-2.7845009297210672194467	0.2984896113947582696468	1.2064736249261998057847	0.0331969421131539377257	-255.528294	-249.824512	0.318000	1.000000
-2.7038005252737713490774	0.2593089052783882353381	1.9730759244392435114435	0.1228651316081192379492	-255.827808	-250.124025	0.318000	1.000000
-2.7690924328765156303689	0.8627552665604418802303	1.4159519303013983204664	0.0077674659942221224718	-255.691212	-249.987429	0.318000	1.000000
-2.7690924328765156303689	-1.8540583899530000966394	1.4159519303013983204664	0.0077674659942221224718	-255.691212	-249.987429	0.318000	1.000000
-2.7859073103547506988775	-1.8550207909919838034085	1.2120088394371117956894	0.6447516617649605707996	-255.538124	-249.834341	0.318000	1.000000
-2.7859073103547506988775	-1.8550207909919838034085	2.9392545569051198306454	0.6447516617649605707996	-255.538124	-249.834341	0.318000	1.000000
-2.7916556444292597305434	-1.8706252265105856036342	1.1581350871808551161735	1.0285711216830941694411	-255.435917	-249.732134	0.318000	1.000000
-2.9568381455265866364357	2.8340614901841756356760	1.2046657249079901763622	0.6678959347901196608177	-254.952309	-249.248526	0.318000	1.000000
-2.9708795136681396265033	2.8497060150938255951303	1.8149893948043920310909	0.1326305893094217869255	-254.991077	-249.287295	0.318000	1.000000
-2.9161749395851650490386	2.8614831734023939979750	2.0146479146376852220612	0.2255947864005668490606	-255.017104	-249.313322	0.318000	1.000000
-2.9403149071936560687845	3.2382850409740582264817	2.6629656741288387777900	0.7004698395652168008141	-255.151595	-249.447813	0.318000	1.000000
-2.9462975285894632548889	3.2220446087735243878569	2.8961185508526146037411	1.0999327940960101912538	-255.096577	-249.392794	0.318000	1.000000
-2.8539448744565389937122	2.9027293444895616580936	2.8957156994202790656345	1.0882619175684191681341	-254.506772	-248.802989	0.318000	1.000000
-2.9114505214219330575531	-0.3235825342190374875884	1.7375727007712848948273	1.7667098043436801901862	-254.895870	-249.192087	0.318000	1.000000
-3.0102737726008808039069	0.2901496741640239296345	0.5234638079186145764865	1.4567707972760810530843	-255.579345	-249.875562	0.318000	1.000000
-2.8120358138447207885235	-1.2037241126258355627954	1.8646480376399874323567	0.3724025847317588566732	-255.017061	-249.313279	0.318000	1.000000
-2.9681575401388968771244	-1.1304853390797040546545	0.7166056794184287870308	0.9571228313864710290915	-254.978483	-249.274700	0.318000	1.000000
-3.0422000660328065713145	-0.2160740790121750964925	2.4595631832668738425696	1.1702438149599421191027	-255.877745	-250.173962	0.312111	1.000000
-2.9940243973449955916522	2.4881946801263468138643	1.9213430050799165105246	0.4366845001623855804240	-255.238825	-249.535043	0.312111	1.000000
-2.9881217961659753967751	0.2678807513387613248312	1.9845542490521050904562	0.0049221383447621558371	-255.195375	-249.491592	0.312111	1.000000
-2.9671085162832544490641	0.2703357245330221814150	2.1733615770113345888603	0.0329587179351486098122	-254.971965	-249.268182	0.312111	1.000000
-2.8718331404439032539244	0.4541243888716852694643	2.1707367483890380732703	0.0156723061336223705442	-254.624451	-248.920668	0.312111	1.000000
-2.8718331404439032539244	0.4541243888716852694643	2.1707367483890380732703	0.0156723061336223705442	-254.624451	-248.920668	0.312111	1.000000
-2.9265783069001480853899	0.6932842259845232169013	2.1722449731384112503463	0.0256050666519480815686	-255.252779	-249.548997	0.312111	1.000000
-2.8542081552598728144687	1.2984361200752014831039	1.8642359582870973166990	0.0201999621361261816332	-254.510138	-248.806356	0.312111	1.000000
-2.8542081552598728144687	1.2984361200752014831039	2.2617903883954335597650	0.0201999621361261816332	-254.510138	-248.806356	0.312111	1.000000
-3.0201004749552566863713	2.2678548487822531853908	2.5935138494264240449638	0.0285085879471103087468	-255.762548	-250.058766	0.312111	1.000000
-3.0329783554254170496733	3.0154270529681577173164	2.7458723846982735494748	0.1742728288118602919532	-255.979978	-250.276195	0.312111	1.000000
-2.9755849812240735552393	2.8228542165935390784171	2.8611454833639293759973	0.1835110131314461323626	-255.037879	-249.334096	0.312111	1.000000
-2.9755849812240735552393	1.6254621067848020743440	1.4969788307416931338878	0.1835110131314461323626	-255.037879	-249.334096	0.312111	1.000000
-2.8142530107043857157123	2.6649476398454172709762	2.9188596986458956727972	0.7865545096970576466333	-254.973877	-249.270094	0.312111	1.000000
-2.8539660433928246696667	3.6812526273405312693399	2.7980017796807707952667	0.7099406629680838909380	-254.506772	-248.802989	0.312111	1.000000
-2.8472587699145788242561	3.6628453779803002987592	1.9772603413117810777777	1.5576494892117187518465	-254.426196	-248.722413	0.312111	1.000000
-2.8130438636730170642863	1.9307696195786014925488	1.6688989033765468938952	1.8363324533796137050246	-254.987768	-249.283986	0.312111	1.000000
-2.8205516770636318568677	1.6600774608984689706404	2.7616162678032210031631	0.3030436360607817736224	-254.797382	-249.093600	0.312111	1.000000
-2.8312582729621995625280	0.5691940033429215839433	2.0518834879237894952553	1.6331127579111979208903	-254.475044	-248.771261	0.312111	1.000000
-2.8410582035073428386340	0.6120059983483041587959	2.0521534751892795966910	1.6348908210627444148599	-254.405080	-248.701297	0.312111	1.000000
-2.7149794949960397438815	0.7358148363281372672517	2.1702523465157432802641	1.4396026398687871150628	-255.420996	-249.717214	0.312111	1.000000
-2.9983326332885487097712	3.8104295307057443054077	1.8731845761042744680225	1.9440297430440880432911	-255.367323	-249.663540	0.312111	1.000000
-3.0348554810286114680196	3.8062711021785360365755	1.5450822516479836288283	0.0803652848848490641842	-256.018528	-250.314746	0.312111	1.000000
-2.9636166568371757890077	2.4511911297390924779904	0.6615006622757000354085	0.2927611077782172332995	-254.932160	-249.228378	0.312111	1.000000
-2.8445393178273787881949	2.6691105306434925736880	0.5057078610198334489567	0.7911614472863122138335	-254.344613	-248.640831	0.312111	1.000000
-2.8445393178273787881949	2.6691105306434925736880	0.5057078610198334489567	0.7911614472863122138335	-254.344613	-248.640831	0.312111	1.000000
-2.8910882310851997445411	2.8103064061203557599811	0.7382687110784820205822	0.3648507436680339388602	-254.584003	-248.880220	0.312111	1.000000
-2.6858950560139889240929	1.7053895819865552141437	1.6775713037732888910369	0.3142375303556677046402	-256.369418	-250.665636	0.312111	1.000000
-2.6842633470794217132038	1.7106099707877555626823	1.6950453543530801248096	0.1948815918430397142735	-256.427520	-250.723738	0.312111	1.000000
-2.8728298845482602708046	2.4941015938092316872599	1.9779537601590071460578	0.6174593476217800080974	-254.625217	-248.921434	0.312111	1.000000
-2.8953871647560323054904	-0.7725205960781256209202	1.4185825725960112819735	1.5396272284701089105852	-254.588873	-248.885091	0.312111	1.000000
-2.8763165270321211508531	-0.7115071754265734904621	1.6228109623025743779579	0.1446518040232827040370	-254.601252	-248.897469	0.312111	1.000000
-2.7843613719523006011514	-1.1519693368161938451522	1.6556244940143391985998	0.2983737569667351818836	-255.522017	-249.818234	0.312111	1.000000
-3.1528920458246050273488	1.5463095808084152960049	1.7836247721248270625694	0.2293434419279850311479	-256.529218	-250.825436	0.312111	1.000000
-3.2984687899956006695845	0.4541062900099044341573	1.9399491027374073937040	0.6785093149428603753748	-259.298579	-253.594797	0.312111	1.000000
-3.2968987407781202847445	0.8608959769049520094342	1.9567628363989761908215	0.5636636498285109153628	-259.249146	-253.545364	0.312111	1.000000
-3.1951353220230922502765	-0.1732888863913946142503	2.3544446006883523736519	0.3614983153087666933878	-256.676793	-250.973010	0.312111	1.000000
-2.7789828334614501414990	1.8626323777380702217954	2.3064662995755780272589	0.3643379054291672192178	-255.664808	-249.961026	0.312111	1.000000
-2.7667381546090945576566	0.1556934048141199733450	2.5010990388088041314063	0.3550177828133297963653	-255.698403	-249.994621	0.312111	1.000000
-3.0507426802768016216305	-0.4123199448627351548780	0.6158837915483051927978	1.1795738625148364242534	-255.820396	-250.116613	0.312111	1.000000
-2.7504818262621850699645	-1.3069548853452601644420	1.1967203049075465504103	1.4748581978847410400846	-255.647560	-249.943777	0.312111	1.000000
-2.6458433583962213120344	0.2550458998129375709496	2.8043425028043245106346	1.2020311248565183070980	-257.672634	-251.968852	0.312111	1.000000
-2.6449470021826333443471	0.2579136465293829783008	2.8139416252225006864762	0.4892837089440413844699	-257.689095	-251.985312	0.312111	1.000000
-2.7513779036571763825236	3.7071665661154726834070	2.4495943903477872538588	1.3086052989652909861462	-255.684698	-249.980915	0.312111	1.000000
-2.7416912047597472579241	-1.8992248007491674410829	2.5367936823507259980204	1.3144907592314494237939	-255.467982	-249.764200	0.312111	1.000000
-2.7293724642935384139264	-1.9530404735115940439982	2.5364543020829337649502	1.3122556925240340675032	-255.261296	-249.557513	0.312111	1.000000
-2.7427647524174290083465	-1.6861489296474290178196	2.9401577256531523651972	1.5295249488480580080108	-255.499014	-249.795232	0.312111	1.000000
-2.9748098447029946989062	3.3515220894124198025565	2.9465505485051091127957	1.4288652942062878281604	-255.048928	-249.345145	0.312111	1.000000
-2.9286545737864564387110	3.1274516351271390846023	2.9134484941897751397732	1.6368123349466949800757	-255.230278	-249.526495	0.312111	1.000000
-2.9322154985667716609044	3.1160590322852579348023	2.8753143770051061700599	1.8972861916030647755349	-255.184059	-249.480276	0.312111	1.000000
-2.9222708365869953794913	3.1561370083937401176399	1.8624018725313400413057	0.9702315924772035860002	-255.187205	-249.483422	0.312111	1.000000
-2.9334313759096368734447	3.1204306680894120518133	1.2592259252999484786528	1.7866006255451047923799	-255.201523	-249.497740	0.312111	1.000000
-3.1260600344918128001837	1.5000847354981061698709	1.7654165087640421027970	1.1954591601743866924323	-256.224066	-250.520283	0.312111	1.000000
-3.0396267359097701721282	1.5101827036541837223638	2.5420320701166030374907	1.3107811883622728643672	-255.958692	-250.254909	0.312111	1.000000
-3.0396267359097701721282	1.5101827036541837223638	2.5420320701166030374907	1.3107811883622728643672	-255.958692	-250.254909	0.312111	1.000000
-3.0396267359097701721282	3.2525065414301135291453	2.6063804808573012294914	1.3107811883622728643672	-255.958692	-250.254909	0.312111	1.000000
-2.6802982540519968424064	3.4019630138201781832663	2.2784843286108467097506	1.1807464244694299004834	-256.534142	-250.830359	0.312111	1.000000
-2.9255575936260860281379	1.8349391032180286664754	2.9235978258499466519993	1.0271485680168572773852	-255.252706	-249.548924	0.312111	1.000000
-2.8492665157156658040094	2.0131166288012174447886	2.9202334697669307672641	1.0541719653167451742348	-254.399767	-248.695984	0.312111	1.000000
-2.9339961796100846314062	3.6388841759955177224128	1.3217609821000171343996	0.5139741464383431601703	-255.209485	-249.505702	0.312111	1.000000
-2.8183966992653375349676	3.6905008057080141981032	1.1987821913295531039978	0.5199838982872406756286	-254.793872	-249.090089	0.312111	1.000000
-2.9275402236175591674794	3.9059019074062306664530	1.2069754567806945111386	1.7503872460174110248232	-255.273071	-249.569289	0.312111	1.000000
-2.9683467040784874413362	3.0438252608649429831189	0.5729719920251136189293	1.3657364179289701588971	-255.024368	-249.320586	0.312111	1.000000
-2.7250612937725207096662	2.0667152806567878897681	0.9225177506417820971762	1.1131702014592885774391	-255.323062	-249.619279	0.312111	1.000000
-2.7313000118593349085927	2.1234530091236378801511	0.9273514343292327266610	1.0803263742912567746401	-255.266376	-249.562594	0.312111	1.000000
-2.7313000118593349085927	0.1943153930323062716923	2.6896616713790035824161	1.6894840306220733072706	-255.266376	-249.562594	0.312111	1.000000
-2.8989329680256705756847	1.7476837025328662011958	0.9447361265190488133214	1.7667579314049577376977	-254.585872	-248.882090	0.312111	1.000000
-2.7511727125919680503330	2.3740624658688318504574	0.9592576721441140596980	0.0582877600550169017168	-255.688528	-249.984746	0.312111	1.000000
-2.7916462664000265547770	2.3693339565533029222877	0.5955969970775181199230	0.0042866703165934938458	-255.437142	-249.733360	0.312111	1.000000
-2.7916462664000265547770	1.2926830531748052521834	0.5955969970775181199230	0.0042866703165934938458	-255.437142	-249.733360	0.312111	1.000000
-3.0647976863608592523747	2.5418788438438690846510	0.5180874658392108367266	1.2168131169628486620837	-256.049856	-250.346073	0.312111	1.000000
-3.0647976863608592523747	2.5418788438438690846510	0.5288641094961652466822	1.2168131169628486620837	-256.049856	-250.346073	0.312111	1.000000
-2.8595498387627311664971	2.1678490260016567425794	2.1944317735405514113722	0.5060200477083173220549	-254.614131	-248.910349	0.312111	1.000000
-2.8611513807829815903006	2.1627251513632042012603	2.1772807819178110477765	0.3637741224008306240023	-254.701201	-248.997418	0.312111	1.000000
-2.8400939721122591130609	0.8235887549594974599287	2.4541302589636062592149	0.1204313291723556611501	-254.355864	-248.652082	0.312111	1.000000
-2.8526600263077757091423	1.1770533564114051827687	2.3195597715751317124955	1.0396107000349208426826	-254.530846	-248.827064	0.312111	1.000000
-2.8457695137451950451180	1.1990984367895212159283	2.3933506067470626810234	0.5355847819823424948993	-254.360955	-248.657172	0.312111	1.000000
-2.8296835731062590646445	1.2009777508848678007070	2.7819193837112088374397	0.5570471504239590254670	-254.549200	-248.845417	0.312111	1.000000
-3.0749790249481829818023	1.1695965736660089984156	0.5763815567534553707674	0.2955713634172604242778	-256.144036	-250.440253	0.312111	1.000000
-3.0749790249481829818023	0.3971932770479793539664	0.5763815567534553707674	0.4360944173945828783445	-256.144036	-250.440253	0.312111	1.000000
-2.7151113727598370495286	-0.3586368742486921723511	1.1886472014992537360456	1.4053298506086164820772	-255.421322	-249.717540	0.312111	1.000000
-3.1779939823893603723093	0.4182789484510653355009	1.2007944751677956940483	1.6800928985080301192312	-256.365614	-250.661831	0.312111	1.000000
-2.8639000139651207277325	-0.8549872507114574249343	1.3782835395139063638936	1.4444639488042154695790	-254.722563	-249.018781	0.312111	1.000000
-2.8533113789397868131914	-0.7964047658114796757189	2.6142831249411710992092	0.6699284638026928861976	-254.502632	-248.798849	0.312111	1.000000
-3.0872320621873909907151	3.3875422386705800192885	1.4136206943051914386444	0.5093705683312730325696	-256.268307	-250.564524	0.312111	1.000000
-2.8322604447316663822676	1.4916815384688977275118	1.3931153472782522584339	0.0311099212928247492727	-254.505360	-248.801578	0.312111	1.000000
-2.8322604447316663822676	1.4916815384688977275118	1.3931153472782522584339	0.0311099212928247492727	-254.505360	-248.801578	0.312111	1.000000
-2.8635116816779331294640	1.8178159591205700351679	1.5002832388472886471220	1.7385873768365127656210	-254.677157	-248.973375	0.312111	1.000000
-2.8679500009928928783154	1.7798574548247234616838	1.4394658433111822137818	1.6918262145341516067276	-254.710936	-249.007153	0.312111	1.000000
-3.2047864210167986698252	2.8531582997778479615647	1.0872008390891250151356	1.7071809865422427066051	-257.033998	-251.330215	0.312111	1.000000
-3.2984039035488841307142	0.8370140581597554918503	0.8553037755874105529941	1.6130032043871003200053	-259.297946	-253.594164	0.312111	1.000000
-3.2834828621091101119589	0.8847515167127393276303	0.5746936035471545967113	0.5215616691341964372697	-258.499487	-252.795705	0.312111	1.000000
-2.9679763830023464521446	-0.3065596666336197206881	1.2630075962912690190620	0.3837137364831572639012	-254.973476	-249.269693	0.312111	1.000000
-2.8420131580747662880526	2.3362443703629209856842	1.9330346135950611241583	0.2424342918223144627277	-254.338187	-248.634404	0.312111	1.000000
-2.8813597338680332349270	2.9610683420896997120053	1.8176703224330577057799	0.5780777171966320349128	-254.583565	-248.879783	0.312111	1.000000
-2.8958557482623517032039	2.9146906888189567652603	1.6624317971265401006065	1.6384294540002424245273	-254.562663	-248.858880	0.312111	1.000000
-2.9255087718765437898583	3.5748297507825403940274	0.9685417498232010702353	1.6142284293830648778112	-255.252706	-249.548924	0.312111	1.000000
-2.6880166922057675549240	1.1260946520017718341933	0.9182158435143529251476	1.5977548811775659221013	-256.283721	-250.579938	0.312111	1.000000
-2.8053573590537097537378	0.0450318039486478083333	1.2612005667405625786159	0.9326284986008659405599	-255.178832	-249.475049	0.312111	1.000000
-2.7957727261961604625640	0.0461515728221145241084	0.7245400211372752252714	0.9454166175168605690260	-255.351124	-249.647342	0.312111	1.000000
-2.8020430371199873675891	-0.6040538460205888693366	0.6467508740816221290970	1.5320193344367383225801	-255.246435	-249.542653	0.309700	1.000000
-2.8020430371199873675891	-0.3388510867586937980178	0.6467508740816221290970	1.5320193344367383225801	-255.246435	-249.542653	0.309700	1.000000
-2.7686319869741562449406	1.0424462806003358394946	0.8724528475704050878292	0.9778911361864186524429	-255.724810	-250.021027	0.309700	1.000000
-2.6915960440862338742818	0.2073576052950992787416	0.8574455436785856088377	1.6240868705632793833615	-256.171549	-250.467767	0.309700	1.000000
-2.6944002905377884005134	-1.5331705070853574035539	1.5442622392394085295564	0.5220006479371961383151	-256.105080	-250.401298	0.309700	1.000000
-3.1741306370004851444833	2.2307411830933929763887	2.0184804513428016292664	0.2485220700046130715144	-256.384150	-250.680367	0.309700	1.000000
-2.7283556162705688841186	-1.7348433050411988798345	0.8841393830302264333909	0.5256461228754004677555	-255.296624	-249.592842	0.309700	1.000000
-2.7398865499702820258676	-1.9210583908074039261038	2.0441827956863090065553	0.5889491292128260502281	-255.427539	-249.723757	0.309700	1.000000
-2.8419783441717014760286	-0.6233740295575932455208	2.6177970294149632835001	0.6691989967405121975119	-254.338187	-248.634404	0.309700	1.000000
-3.2195186779528857101695	2.2676670331665818025613	1.6305318011946605682994	0.8822280068430684574210	-257.680838	-251.977056	0.309700	1.000000
-3.1524185778768867294275	2.2386225850081280519532	2.5807974731033942461522	1.9361146390138741502085	-256.532461	-250.828679	0.309700	1.000000
-2.8549309743308350917346	0.3194446605109931835997	2.8828346433575315899134	0.8141715737411803210932	-254.512515	-248.808733	0.309700	1.000000
-2.6966571064199387208760	-0.4159946813237747065273	2.9708842295014701306854	0.1175380733847558173411	-256.045500	-250.341717	0.309700	1.000000
-2.7146259230135276752094	-0.3252371461382916884020	0.6441594337652194468546	0.1211673053258239818319	-255.414192	-249.710409	0.309700	1.000000
-2.7633761476954044056242	-0.3278476766798681385495	1.4396230755439369808357	0.1986311579571165830682	-255.757449	-250.053667	0.309700	1.000000
-3.0548273655825197714364	-0.2766346489189520641006	1.5953607121048971606569	0.2668426625239724847560	-255.877793	-250.174011	0.309700	1.000000
-2.7613741246313519006605	1.5157002132818475637066	0.8352664271756429226201	0.3969689731696136036909	-255.743693	-250.039911	0.309700	1.000000
-2.7742160023195756579639	2.3468371386684188095728	0.6759507689737560554022	1.5983576178123490851846	-255.707073	-250.003290	0.309700	1.000000
-2.7663465923041430372109	2.3777985040554074913643	0.7735782551332635037511	0.8621553223140718813511	-255.722435	-250.018652	0.309700	1.000000
-2.7637684310519441410747	1.7044967850488541571963	0.8055627878329739699481	0.6209621161764637964353	-255.742989	-250.039207	0.309700	1.000000
-2.8382089851767946520056	1.8869350131244122525942	0.6722166830819952254572	0.6457935808599489790893	-254.434286	-248.730503	0.309700	1.000000
-2.8468791920954421570400	1.8528229966120428606757	0.5646545527202075920314	1.4569123589431367538083	-254.427350	-248.723568	0.309700	1.000000
-2.8468791920954421570400	1.8528229966120428606757	0.5646545527202075920314	1.4569123589431367538083	-254.427350	-248.723568	0.309700	1.000000
-2.8468791920954421570400	1.8528229966120428606757	0.5646545527202075920314	1.4569123589431367538083	-254.427350	-248.723568	0.309700	1.000000
-2.7949660634001798342751	1.4751176922199087382381	0.5905656804246327551411	0.9805825632131914826317	-255.409636	-249.705853	0.309700	1.000000
-2.9094171986942001240095	1.3894341330827759684041	0.5821578976603835053893	1.0424725554609672872886	-254.828847	-249.125064	0.309700	1.000000
-2.9094171986942001240095	1.3894341330827759684041	0.5821578976603835053893	0.8115830861067336865489	-254.828847	-249.125064	0.309700	1.000000
-2.9094276110816705838147	1.3893931666402603575250	0.5820287221298566793237	0.8125571900792629698174	-254.828847	-249.125064	0.309700	1.000000
-2.9045207313894234602003	1.3772054698439981645919	0.5320338283700943859955	1.0343475460250886044378	-254.673125	-248.969342	0.309700	1.000000
-2.6868335529250777504728	0.2777033598410891812591	0.5316273471924606308647	0.9903804179101696192333	-256.361374	-250.657592	0.309700	1.000000
-3.0614020269595583201294	-0.0922245743396000461356	1.9376200194734036763577	0.4489122283943729474487	-256.005804	-250.302021	0.309700	1.000000
-2.9331809967696806928927	0.1290137572945386779111	1.7941522382139112323785	0.2795916554271706822021	-255.200799	-249.497017	0.309700	1.000000
-2.9989988858048497455400	-0.2994258147725937235784	0.7158105530842668873248	0.1455538641826135404234	-255.393802	-249.690020	0.309700	1.000000
-3.0098098892879319166127	-0.3010580764270380238479	0.6275232973195119523524	0.1336619206742248877617	-255.551976	-249.848194	0.309700	1.000000
-2.8526820113812325629965	-0.7334315786305288797919	0.7073745179616347522611	0.9903838702925046311165	-254.530846	-248.827064	0.309700	1.000000
-2.8230426429372799113082	-1.3375807013089240360415	2.6614907181560401028264	1.2750268268432709550808	-254.691650	-248.987867	0.309700	1.000000
-2.8776176203950223353445	-1.9167055754122102051440	2.8021439564218533213591	0.7322210345028647981991	-254.581754	-248.877971	0.309700	1.000000
-2.9941261793939717428259	-1.9145662710040352028074	2.1415258260046345917260	1.1393972142535440106315	-255.238825	-249.535043	0.309700	1.000000
-2.9815932335649617535012	-0.1648135595086337445991	2.3633700744046000075116	1.3016513793919604058402	-255.139165	-249.435382	0.309700	1.000000
-2.7247595113878082528913	-0.9137900479983842583209	2.3292585551757598594236	0.6001051979309492967474	-255.325932	-249.622149	0.309700	1.000000
-2.7239775302377764454320	-1.7039831908673863658521	1.0333072078537188787095	0.7876100990473695606653	-255.310470	-249.606688	0.309700	1.000000
-2.6970368771186086220837	-1.6969391731106031606657	1.2257981756001570250447	0.7427797246576808287699	-256.049722	-250.345940	0.309700	1.000000
-2.8028540126914491814603	0.2037860012338524873243	2.1008280322168695342100	0.7072075315513446369664	-255.249229	-249.545446	0.309700	1.000000
-2.8022166588400390097036	0.2062936028756046091814	2.2712858459790430387670	0.6475815408439399289975	-255.243968	-249.540185	0.309700	1.000000
-2.8022166588400390097036	0.2062936028756046091814	2.2712858459790430387670	0.7852395390091235771735	-255.243968	-249.540185	0.309700	1.000000
-2.8705674887223642244294	0.0146163163516881411397	2.7677141726770195795382	1.5622523687264562308741	-254.660216	-248.956433	0.309700	1.000000
-2.8544084350187377552288	0.0781924122781696290252	2.9681825418060632237882	0.4385969737682338109863	-254.509083	-248.805300	0.309700	1.000000
-2.9452855759382146061398	0.2146483075175289467751	2.8364344374776466750632	0.5205308528348659979912	-255.148467	-249.444684	0.309700	1.000000
-2.8230632702374678366652	0.3125400735409412655841	2.6171575596468490410018	1.5888837244672817661240	-254.691650	-248.987867	0.309700	1.000000
-2.8763828186220696814246	-0.7279981186636449441707	1.3569771328730744208713	0.7900318056844660707938	-254.603376	-248.899594	0.309700	1.000000
-2.8763828186220696814246	-0.7279981186636449441707	1.3569771328730744208713	0.7900318056844660707938	-254.603376	-248.899594	0.309700	1.000000
-2.8367409228546218713518	-1.7519296587069286275096	1.4370532129817004118877	1.2161039031400378007675	-254.389356	-248.685574	0.309700	1.000000
-2.8220815723632202143278	-1.8815009833657989624101	1.6028673759262330733577	0.3105524774066180659915	-254.684246	-248.980463	0.309700	1.000000
-2.9699899896409740485126	-1.1870189968372126809726	0.9532740517610670538673	0.3001419901185457539405	-254.990428	-249.286645	0.309700	1.000000
-2.8442675714773799633406	2.6594705376223020110160	1.5411265845352561942860	0.9018257198951808994991	-254.399156	-248.695374	0.309700	1.000000
-3.0100405164199202090458	0.9358545599566583383933	1.6291504958630005361897	0.2753867407145050294481	-255.558013	-249.854230	0.309700	1.000000
-3.2045796174785792231887	2.9547966113009000999057	1.7823418687525847126096	1.0524035323914788797595	-257.065283	-251.361501	0.309700	1.000000
-2.7642017591748007099284	2.2060685420445649285170	2.8257723997690038508779	0.7296034784838959508235	-255.721568	-250.017786	0.309700	1.000000
-2.9676063619898465084646	0.0008661204459302941638	0.6416087553796561149255	0.6036373788987813293616	-254.968675	-249.264892	0.309700	1.000000
-2.9682555133011732095838	-0.0016878970600846354526	0.6335554184029736912720	0.6643670504481226091187	-255.024368	-249.320586	0.309700	1.000000
-2.6833119593692780213701	-0.0859020350968346946274	2.8266283636907338916444	0.6317820797893110018606	-256.452448	-250.748665	0.309700	1.000000
-2.6833119593692780213701	-0.0859020350968346946274	1.0611138109058457779099	0.6317820797893110018606	-256.452448	-250.748665	0.309700	1.000000
-2.6833119593692780213701	-0.0859020350968346946274	1.0611138109058457779099	0.6317820797893110018606	-256.452448	-250.748665	0.309700	1.000000
-2.8145926874467495082399	-1.5910349817210769352016	0.5545493145759852193777	1.0680102928937964534839	-254.956871	-249.253088	0.309700	1.000000
-2.9064663538057780023394	-1.1269962141277893863389	2.9375934076972423092400	1.5023947471577687728939	-254.742066	-249.038284	0.309700	1.000000
-2.9177653558674481182322	-1.1872748788401463748698	1.3797341892730383694499	1.3985148317721221022936	-255.060441	-249.356659	0.309700	1.000000
-2.7421220451762393643946	-0.7219110171437729261967	1.6236016604707146360198	1.4331454042475995080963	-255.504135	-249.800353	0.309700	1.000000
-2.8444534008519601897547	-0.5546343973786280745486	0.9590856717810022358250	0.0280711908184524475129	-254.344227	-248.640444	0.309700	1.000000
-2.8465507981342610399622	-0.5628863862178987709228	1.3413649227694235399611	0.2242877675089069433589	-254.428058	-248.724276	0.309700	1.000000
-2.8451618282259230063858	-0.5574216303138035399911	0.8481675645944585228975	0.1673553983433577752038	-254.358551	-248.654769	0.309700	1.000000
-2.7636370964422423135431	0.1994662983061696870379	0.9507372713488144722049	0.7024680877181862515002	-255.742989	-250.039207	0.309700	1.000000
-2.7636370964422423135431	3.5300189469001237441148	0.9507372713488144722049	1.6599195327434672631028	-255.742989	-250.039207	0.309700	1.000000
-2.9388637530862316005198	3.4212975505397578146471	1.2611671812472073916922	0.2639535519933491336531	-255.166966	-249.463184	0.309700	1.000000
-2.8426211526400910756252	3.4499844884541466250027	2.0629878867299975553351	1.6831506564829166183728	-254.348920	-248.645137	0.309700	1.000000
-2.8219695036147318667474	2.9337804664805413601414	2.0881145397631759585977	1.4896485665106524720613	-254.682841	-248.979058	0.309700	1.000000
-2.8053499566573560919380	2.3311009018322099706211	1.7817834679550403897963	1.5185070608514228407415	-255.178832	-249.475049	0.309700	1.000000
-2.8542218776695746917937	2.5779449311953386292373	1.7818747251257494035315	0.0163697934019142524176	-254.510370	-248.806587	0.309700	1.000000
-2.8542218776695746917937	2.5779449311953386292373	1.7818747251257494035315	0.0163697934019142524176	-254.510370	-248.806587	0.309700	1.000000
-2.9400742439476474920923	2.5600594368462079586379	2.1862248361925744610801	0.0348340124955047736321	-255.197762	-249.493980	0.309700	1.000000
-2.9491480376837970744930	2.5243595504811371377230	2.0736558290302942175742	0.8837093111939767764440	-255.042155	-249.338373	0.309700	1.000000
-2.9138392882443238107726	1.5962849247866284230213	2.3814886254934011233786	0.4874885084931113166107	-254.943818	-249.240035	0.309700	1.000000
-2.8658103147293969570342	2.3783548182624754119274	1.7926543708819915323716	0.3353417314641624069615	-254.693985	-248.990203	0.309700	1.000000
-3.0226215005485528308782	3.7249357318180136289243	1.1243303832325814983761	0.8353904776254539310543	-255.794680	-250.090897	0.309700	1.000000
-2.8019894739275024164726	3.7544490519873598977085	2.9218495085670719291215	1.7090393950641915576938	-255.246198	-249.542416	0.309700	1.000000
-3.0943545440982376248940	-1.3677474894988108644611	0.5350752510323870669851	1.3695066184392477026677	-256.250156	-250.546373	0.309700	1.000000
-2.7325244105027373109351	-1.9074154798636726582117	0.6759423958172701141223	1.5735549873162673062410	-255.277390	-249.573608	0.309700	1.000000
-2.9100027049661196798525	1.6601944846082843376678	1.8608348544851440742320	1.3627203667169136558357	-254.832375	-249.128592	0.309700	1.000000
-3.2212734503725042323197	1.6013382824545687732609	2.0642911056169652717074	1.0052601289720495270075	-257.729842	-252.026060	0.309700	1.000000
-3.2832179316897720511292	-0.0522235694584388676631	1.2477584914321548925642	0.4912273988441132610561	-258.487079	-252.783297	0.309700	1.000000
-3.2832179316897720511292	-1.1016678972531668279089	1.2477584914321548925642	0.4912273988441132610561	-258.487079	-252.783297	0.309700	1.000000
-3.1205176218750070304964	-1.0125948901285470871159	2.4124122783976447159660	0.6946734570820292109516	-256.161720	-250.457938	0.309700	1.000000
-3.0612027358281475031276	-0.0469395656805757788277	1.2988585834866333001969	1.0255742891518386805672	-256.004503	-250.300721	0.309700	1.000000
-3.0158720353976984362987	0.9630442409646718937566	1.6162246120394911930163	1.3757161174022671801254	-255.693268	-249.989485	0.309700	1.000000
-2.8513450863779010724386	0.9925321950942335158530	2.1391555881078492262759	1.4480605725838269215444	-254.450675	-248.746892	0.309700	1.000000
-2.7482787704383788707219	3.5372221505150265308259	2.0873719776663013369955	1.6119730922068760126109	-255.614757	-249.910975	0.309700	1.000000
-2.7482787704383788707219	3.5372221505150265308259	2.0873719776663013369955	1.6119730922068760126109	-255.614757	-249.910975	0.309700	1.000000
-2.9464596888276273212171	-0.6003782402033437382016	2.4160058974672269371808	0.6227159663829332503227	-255.096577	-249.392794	0.309700	1.000000
-2.9190516893780289464644	-0.5934738858183850052086	0.9345647198153562706935	0.5836589932898673671602	-255.102751	-249.398969	0.309700	1.000000
-2.9406651129930354571229	-0.6298954462645843799251	0.8294856673110220235401	1.3884268171289113613653	-255.143220	-249.439438	0.309700	1.000000
-2.7292109239464314995871	-1.6979157525858141752906	2.0129199853407819809092	1.3457185901867763089257	-255.255473	-249.551691	0.309700	1.000000
-2.7222143777735690051145	-1.6691073469601487300196	2.0884724924612276808489	0.6895388858410762544793	-255.338815	-249.635033	0.322182	1.000000
-3.1275144053756602779970	-0.3488055947379311572121	2.9482051336582970613165	1.6056856601483902036165	-256.254805	-250.551023	0.322182	1.000000
-3.2276858889668162966302	-0.3605540084430328695575	2.2551051597513169788556	1.5242982782502194627483	-257.690012	-251.986229	0.322182	1.000000
-2.9453570216728404140838	-0.5343385420866951784902	1.8590536048317523043494	1.5075548133905576353442	-255.147471	-249.443688	0.322182	1.000000
-2.7975580335460534797676	-0.8277256300709704417429	1.8081214729052816903021	1.3570260928124731059086	-255.368462	-249.664679	0.322182	1.000000
-3.0116142516727721911707	-0.6696394183731880778154	0.6783331996143479036832	0.7097794776245430758976	-255.577680	-249.873898	0.322182	1.000000
-3.0116142516727721911707	-0.6696394183731880778154	2.6146879726374856467430	0.7097794776245430758976	-255.577680	-249.873898	0.322182	1.000000
-2.8595406503957683241879	-0.6875736764079369844893	2.0861045180029469392480	0.6220778680864396115169	-254.631610	-248.927827	0.322182	1.000000
-2.8697478257365123255340	0.7430520807310978526061	1.9758818926449694952652	0.0808071651666313339746	-254.663994	-248.960212	0.322182	1.000000
-2.8423392458491840706358	0.7462666416424637017002	2.1655255449469481554559	0.1030761031777824993094	-254.344084	-248.640302	0.322182	1.000000
-2.9556794710120306568513	0.7329737582099169479477	1.3813092761373284567128	0.1267281086696814274006	-254.912141	-249.208359	0.322182	1.000000
-2.9556794710120306568513	0.7329737582099169479477	0.5138739066213664496985	0.6642196100523045654285	-254.912141	-249.208359	0.322182	1.000000
-2.9527337145538554707969	0.7451029637957665707759	0.5456837854219427352831	1.1135075636091387174531	-254.941810	-249.238027	0.322182	1.000000
-2.8508646793209559966442	0.2627619882371848847313	1.4194808347840632833936	0.3847881340368447533606	-254.447926	-248.744143	0.322182	1.000000
-2.8498927690389148636996	0.1132032822423914841803	1.4299760500931786300072	0.2936363305950213109519	-254.476517	-248.772735	0.322182	1.000000
-2.8474965074471234594000	0.1134843230288184318111	1.4465561064845131600265	0.2955832465266555186822	-254.381025	-248.677243	0.322182	1.000000
-3.0310176515059894519766	2.6015279373458382039530	1.9392719113070189251857	0.7599509826806140067035	-255.954569	-250.250787	0.322182	1.000000
-2.9995183384266779214045	2.4227542975995230989383	1.9386404646805566187595	0.7523654013628851000561	-255.388336	-249.684554	0.322182	1.000000
-3.0962436787894054290859	2.9717167816005849445560	0.6584581578961099523895	0.7756585421675450398027	-256.254378	-250.550596	0.322182	1.000000
-2.7282471059368056387484	1.9239040924783985531121	1.3100180310183746623665	0.6701879545122759740394	-255.296624	-249.592842	0.322182	1.000000
-2.8471633821747577286487	-1.6323870765270309668438	1.5177289294451274948017	1.3223072227462879801863	-254.426196	-248.722413	0.322182	1.000000
-2.8507135454150320796884	-1.6470049379884257323425	0.7020625864714140629275	1.6552636569391947496399	-254.446959	-248.743176	0.322182	1.000000
-2.7124663066658856180879	-1.6198788959683727561867	1.6691962281774757048680	1.7944396787721912378544	-255.486681	-249.782899	0.322182	1.000000
-2.9912584501490724342432	-0.1975257487764674191322	1.6782731260204255541169	1.8549580496219009173586	-255.217308	-249.513526	0.322182	1.000000
-2.9912584501490724342432	-0.1975257487764674191322	1.2611457383968738277247	1.8549580496219009173586	-255.217308	-249.513526	0.322182	1.000000
-2.9275390174593485248522	-0.1481079870449392710263	1.7427066946568103844584	0.9148119334725145490594	-255.273071	-249.569289	0.322182	1.000000
-2.9403287214491942158645	-0.0755203109967150509885	1.7429630816903152190633	0.9178919161819906191724	-255.151595	-249.447813	0.322182	1.000000
-2.9353337156902985505269	-0.0549532842881734692742	1.7969018678916286457792	0.4494291459668408039718	-255.158680	-249.454898	0.322182	1.000000
-3.0306340185093869621369	-0.3024233781987614166908	1.7555472475219049410811	1.0354567494377810987771	-255.948026	-250.244244	0.322182	1.000000
-2.9459226915355016807041	-0.1018870225172238686007	2.2690975778262085782444	1.1704106966130427558426	-255.111075	-249.407292	0.322182	1.000000
-2.9459226915355016807041	-0.1018870225172238686007	2.5577279131637746800720	1.1704106966130427558426	-255.111075	-249.407292	0.322182	1.000000
-2.9270559494851875470545	0.4849217738768937246974	1.5356876388791946830281	0.3526253518838355915932	-255.266223	-249.562441	0.322182	1.000000
-2.8359045311334396544112	-0.1342442827815990002982	1.4118677717311833852420	0.3121572559931332646599	-254.382599	-248.678817	0.322182	1.000000
-3.1936110302895412971225	1.7347547007030152954599	2.5307635443372711314680	1.6308482228917620115993	-256.607754	-250.903971	0.322182	1.000000
-3.1936110302895412971225	1.7347547007030152954599	2.5307635443372711314680	1.6308482228917620115993	-256.607754	-250.903971	0.322182	1.000000
-3.1861522335662941785017	1.7654664313446470913505	2.6113076840627926777927	0.9313157810680112724810	-256.467889	-250.764107	0.322182	1.000000
-2.8371412792437578076488	1.8271221103460533186080	2.5597632322296437479281	0.9318091832568675680903	-254.381579	-248.677797	0.322182	1.000000
-2.7932763260944497574201	1.5781675597481283901402	2.5588838995084404182023	0.9212457411819677810527	-255.380917	-249.677134	0.322182	1.000000
-2.6831738177265895828327	1.6256844328205630745288	2.5832805458163372591684	0.9385744328801941538387	-256.458689	-250.754906	0.322182	1.000000
-2.8271478490211743306304	2.4428057947587014098190	2.5861667013375786439155	0.9732458785487541064185	-254.541101	-248.837318	0.322182	1.000000
-2.7790060550470983002924	2.4513104418451492350073	2.5790567744142967043786	0.9733139373481358713747	-255.662260	-249.958478	0.322182	1.000000
-2.8708965209139738483657	2.2458030218247602149972	1.9471112536985399898981	1.2915682587986574425543	-254.640407	-248.936624	0.322182	1.000000
-2.7210807043353728573720	2.3065320271853542166696	1.3265601894453284970155	1.5750450925349748221294	-255.328238	-249.624455	0.322182	1.000000
-2.9895961606967786927669	0.9983384477048747873695	0.7560767009232578494959	0.9859118369404642479026	-255.189053	-249.485271	0.322182	1.000000
-2.8462958323636535773460	0.5137888153999399243332	0.5871950391538520719337	1.3807643191121021786216	-254.366532	-248.662750	0.322182	1.000000
-2.8462958323636535773460	0.5137888153999399243332	0.5871950391538520719337	1.6187250112996043327485	-254.366532	-248.662750	0.322182	1.000000
-2.8462958323636535773460	0.5137888153999399243332	0.5871950391538520719337	1.6668271975573607512899	-254.366532	-248.662750	0.322182	1.000000
-2.8320267531851346376470	0.4328049788905784511783	0.5869089960300761799061	1.6633909556251880168531	-254.506501	-248.802718	0.322182	1.000000
-2.8263124531091348146106	0.9343666805527159890943	0.8376882408960166781497	1.8215348506309556597671	-254.625041	-248.921258	0.322182	1.000000
-2.8864416183513816882567	0.9273145507081430594098	1.3463720375063963352602	1.7726810734945148695374	-254.621722	-248.917939	0.322182	1.000000
-2.8864416183513816882567	0.9273145507081430594098	1.3463720375063963352602	1.7726810734945148695374	-254.621722	-248.917939	0.322182	1.000000
-2.8864416183513816882567	0.9273145507081430594098	1.3463720375063963352602	1.7635896935526447215636	-254.621722	-248.917939	0.322182	1.000000
-2.8864416183513816882567	0.9273145507081430594098	1.3463720375063963352602	1.7635896935526447215636	-254.621722	-248.917939	0.322182	1.000000
-2.7784076734728069268954	1.1788740669030817187490	0.5572358639798949964117	1.3041138741729612071651	-255.656245	-249.952463	0.322182	1.000000
-2.7784076734728069268954	1.1788740669030817187490	0.5572358639798949964117	0.3836841300543414323698	-255.656245	-249.952463	0.322182	1.000000
-2.8528633853156271094065	1.6014457773568611109738	0.5587284301176272949263	0.8883952025190375856312	-254.530140	-248.826357	0.322182	1.000000
-2.8497840899254875957070	1.6141248319144461120800	0.5919803348634085082836	0.5995996898799413887815	-254.477535	-248.773753	0.322182	1.000000
-2.7815926179626737635431	3.5827946998023492142238	1.0509118023730354973821	0.9694341554880046007980	-255.608014	-249.904231	0.322182	1.000000
-2.7288444488541596655296	3.5889811641598381442009	1.4158834821573609286105	1.0122910168397412089547	-255.276498	-249.572715	0.322182	1.000000
-2.8656166088433985272843	3.8237143975925667049864	2.6103788235188032373912	0.7776518275963503201709	-254.690887	-248.987104	0.322182	1.000000
-2.7762141245525779886805	3.5623811396214533075977	2.2012221569413479294042	0.3011320689381467019530	-255.668616	-249.964834	0.322182	1.000000
-2.8167308014010052907850	3.5590804929108759147027	1.9222892539376910114868	0.2338929739973037436052	-254.888625	-249.184842	0.322182	1.000000
-2.8159762961590408814061	3.5621871819143033910393	1.9304368114978831538764	0.1631307701373654883703	-254.908447	-249.204665	0.322182	1.000000
-2.8107798121390481504989	3.5835837990131649277714	1.9865512694349443112429	0.1083803408603000173471	-255.047029	-249.343247	0.322182	1.000000
-2.8818262336056510442006	3.5752512604329900192113	0.5297688641605015069658	0.0506565054022884292406	-254.581804	-248.878021	0.322182	1.000000
-2.8818262336056510442006	1.8956470037308554843491	0.5297688641605015069658	0.0506565054022884292406	-254.581804	-248.878021	0.322182	1.000000
-2.8818262336056510442006	3.4076761906068977481254	0.5297688641605015069658	0.0398209900859209930957	-254.581804	-248.878021	0.322182	1.000000
-2.8173230042534584960379	3.4234639187174944474634	0.9840496204924273904169	0.6652342644100662782947	-254.894146	-249.190363	0.322182	1.000000
-2.8173230042534584960379	3.4234639187174944474634	0.9840496204924273904169	0.6652342644100662782947	-254.894146	-249.190363	0.322182	1.000000
-2.8173230042534584960379	3.4234639187174944474634	0.9840496204924273904169	0.6652342644100662782947	-254.894146	-249.190363	0.322182	1.000000
-2.8323214985946774113756	3.4217048500668449939610	0.8802730199683579392911	0.6530482795061339773568	-254.505360	-248.801578	0.322182	1.000000
-2.8559395396407358802549	3.4091054050098077432551	1.1593600270744708335968	1.4093155950902649387046	-254.589082	-248.885300	0.322182	1.000000
-2.7190380927010786571429	3.6481225043831710941333	2.7740077771513491633470	0.6966031702693658012038	-255.372844	-249.669062	0.322182	1.000000
-2.8896252520405827368677	3.6281155278580121681387	0.9066357801915723158004	0.5580044215401006590938	-254.614030	-248.910248	0.322182	1.000000
-2.8839274701281385482332	3.6515762481112350457124	1.6632075464092257455206	0.0236309237654831472142	-254.604390	-248.900607	0.322182	1.000000
-2.8839274701281385482332	3.6515762481112350457124	1.6632075464092257455206	0.0236309237654831472142	-254.604390	-248.900607	0.322182	1.000000
-2.8844531305419565114789	3.6545596219140907834344	1.6632180839880654765750	0.0237575119169290589760	-254.599958	-248.896175	0.322182	1.000000
-2.8692936100418169331761	3.6165774898927702807327	1.7295497054498951694512	0.9763323097975777908886	-254.673037	-248.969254	0.322182	1.000000
-2.9361678064851788327871	3.6047636085852552412234	1.7394261685086158664149	0.9762377687108454438203	-255.179948	-249.476165	0.322182	1.000000
-2.9353469805018868044044	3.6081433744426552046036	2.7321129437379751969672	0.2928926874160833748739	-255.161908	-249.458126	0.322182	1.000000
-2.9353469805018868044044	3.6081433744426552046036	2.7321129437379751969672	0.2928926874160833748739	-255.161908	-249.458126	0.322182	1.000000
-2.8975128819944404590103	2.7775417603910450559113	0.8435025116667073108445	1.4594852056471994128373	-254.590993	-248.887210	0.322182	1.000000
-3.1245484727382484280156	3.0267618943834539990689	0.8813102491916890990353	0.2426085287126287237669	-256.227248	-250.523466	0.322182	1.000000
-3.4403327820860436503381	-1.3026793170834378710055	1.3555399330441744165654	0.3880092708207129037490	-261.818654	-256.114872	0.322182	1.000000
-3.2213886665384676710744	-1.4618298387221813072756	2.6495532831598023193465	0.5863212426718050762631	-257.729842	-252.026060	0.322182	1.000000
-2.7753787366590279006573	-1.5792346090813482728521	2.7602104245187617515001	1.5808951287534047658312	-255.684084	-249.980302	0.322182	1.000000
-2.7817741504491730886173	-1.5480053935137025877822	2.7469730568011092586289	0.8194435350555573371878	-255.613689	-249.909906	0.322182	1.000000
-2.7817741504491730886173	-1.5480053935137025877822	2.7469730568011092586289	0.0387896580496340792621	-255.613689	-249.909906	0.322182	1.000000
-2.8865651072390186016037	-0.9847965556728810465614	2.7142418254580560343925	0.3652072199550483455610	-254.621722	-248.917939	0.322182	1.000000
-2.8865651072390186016037	1.1927242305082526030446	2.7142418254580560343925	0.9707411062959130365613	-254.621722	-248.917939	0.322182	1.000000
-2.7414741246973703958645	0.3666899970700970290416	2.7082503010998060233305	0.9353327143084465555845	-255.466598	-249.762816	0.322182	1.000000
-2.7272364083913962495842	-0.0138602175029257645988	2.9129888734781652637196	1.8781017752769399997703	-255.261884	-249.558101	0.322182	1.000000
-2.9415081261319535599341	1.5376185882192239251509	2.9104885671546458780767	1.9884624824603627235575	-255.157603	-249.453821	0.322182	1.000000
-2.9415081261319535599341	1.5376185882192239251509	2.7459996707868441490064	1.9884624824603627235575	-255.157603	-249.453821	0.322182	1.000000
-2.9415081261319535599341	1.5376185882192239251509	2.7459996707868441490064	0.9446188904252410534212	-255.157603	-249.453821	0.322182	1.000000
-2.9415081261319535599341	1.5376185882192239251509	2.7459996707868441490064	0.9446188904252410534212	-255.157603	-249.453821	0.322182	1.000000
-2.7243516243855268044172	0.3051517685766189647012	2.7416464729854537196729	0.8923238356561594697425	-255.305623	-249.601840	0.322182	1.000000
-2.7159278027143414213640	0.3398370069250847280706	2.1163404312772478021998	0.1022853399339347379993	-255.422270	-249.718487	0.322182	1.000000
-2.7914492332471882996003	1.7538872924187356439063	0.9527624952774955691126	0.3822467914231764685162	-255.435250	-249.731467	0.322182	1.000000
-2.8468195501173831907238	3.4835315675798712575784	1.5782898002170231421815	0.3413228086654403470313	-254.427350	-248.723568	0.322182	1.000000
-2.8265639525264507625479	3.9368487996586187804837	1.9521510289216821298908	0.2851794080073511983286	-254.623431	-248.919649	0.331833	1.000000
-2.8292482055299696952488	3.9126933969188542050688	1.8639672820235155814572	1.0741794156330994880477	-254.553314	-248.849532	0.331833	1.000000
-2.8252534090255010390536	2.4995409881598784629375	0.9457005400516380611009	1.2369740608555099825594	-254.603483	-248.899700	0.331833	1.000000
-2.8252534090255010390536	2.4995409881598784629375	0.9457005400516380611009	1.2369740608555099825594	-254.603483	-248.899700	0.331833	1.000000
-2.8247764483388708711686	1.4716915814335065348928	0.9613697710872455282072	1.0967778927242040065693	-254.597235	-248.893453	0.331833	1.000000
-2.8223069572490917522600	1.4939143569161728031247	1.0424981062117171237702	1.3306186266373889459658	-254.688618	-248.984836	0.331833	1.000000
-2.8223069572490917522600	1.4939143569161728031247	1.0424981062117171237702	1.3306186266373889459658	-254.688618	-248.984836	0.331833	1.000000
-2.8272252469933913943123	1.4931537365434481845483	1.0142273142891549131406	1.3274188809332532201779	-254.541101	-248.837318	0.331833	1.000000
-2.8249963414532790473288	1.5172073737657854053396	0.8814432460809784597444	1.6198893947290313732879	-254.597802	-248.894019	0.331833	1.000000
-2.8249963414532790473288	1.5172073737657854053396	0.8814432460809784597444	1.6198893947290313732879	-254.597802	-248.894019	0.331833	1.000000
-2.8834221965534387877028	2.5278911214274040197836	1.4638876736245944876202	0.9625291726700451189203	-254.597459	-248.893676	0.331833	1.000000
-2.8250470459293812730550	3.7671534150410872499037	1.7994335284928781870661	1.0005069346866253265915	-254.600219	-248.896437	0.331833	1.000000
-2.8752670400905344649800	3.7683245508010814184274	1.5381548214328855106459	0.6701349962573581731107	-254.596646	-248.892863	0.331833	1.000000
-2.7354043288094587182968	3.1550515460482322360747	1.1163060911882936032669	1.7837423742554610051059	-255.327159	-249.623376	0.331833	1.000000
-2.7167366013245581868318	3.1578900256740016772028	1.1130067968349428575436	1.7835240338062416931564	-255.419026	-249.715243	0.331833	1.000000
-2.7167366013245581868318	3.1578900256740016772028	2.8761404400277363890837	1.8008776913647097650539	-255.419026	-249.715243	0.331833	1.000000
-2.9996819127745819599795	2.9794859650038554299556	2.1106956360593343013932	1.5578876116705919763206	-255.390194	-249.686412	0.331833	1.000000
-3.0126553984560398014025	2.9775133106027333873556	2.1129885422573027042858	1.5580393514414838662674	-255.606345	-249.902563	0.331833	1.000000
-3.0126553984560398014025	3.0491523859510900607006	2.1129885422573027042858	1.5580393514414838662674	-255.606345	-249.902563	0.331833	1.000000
-2.8058347838826480646901	1.7176451564693535623007	2.1726280290218600299568	1.0297199600297224364454	-255.147789	-249.444007	0.331833	1.000000
-2.7400003137577679801495	1.2935059725425339660632	0.8656255581097185292094	0.8671739242953941939618	-255.442932	-249.739150	0.331833	1.000000
-2.7400003137577679801495	2.9726384809132468944881	0.8656255581097185292094	0.8671739242953941939618	-255.442932	-249.739150	0.331833	1.000000
-2.7120737526279157236786	2.9769573625651712944773	1.0261500574501258853388	0.8853424134760271568823	-255.509533	-249.805751	0.331833	1.000000
-3.1649866361271707937419	2.1557565710398840508333	0.7686428295915180841646	1.7350476522822955161018	-256.560030	-250.856248	0.331833	1.000000
-3.1649866361271707937419	2.1557565710398840508333	0.7686428295915180841646	1.7350476522822955161018	-256.560030	-250.856248	0.331833	1.000000
-2.9157438508894268913707	2.1943023156101735260393	2.2013137957180570758453	1.4521020572251963631771	-254.993001	-249.289219	0.331833	1.000000
-2.8615535071648023901503	2.2005515568795219749632	2.8343481169005584341392	1.5222551423799308700779	-254.698683	-248.994900	0.331833	1.000000
-2.8717982820910483710009	2.1989671881399792674472	2.7754601872967645803669	1.5155900867885874205854	-254.630799	-248.927016	0.331833	1.000000
-2.8733227315390115208515	2.1852487754852525370097	2.7253785950988609343426	1.9636814643491953269461	-254.624396	-248.920613	0.331833	1.000000
-3.1111300438532114576162	3.2218889979923917010751	2.2851379373533902139570	1.7605288496969802025660	-256.011945	-250.308163	0.331833	1.000000
-2.9732517730501815123034	2.8695544084158144393371	2.7593183374054031098410	1.8032085966031197177273	-254.997108	-249.293325	0.331833	1.000000
-2.9639604142457587343529	1.7626156651203577219178	2.6442322192563016969302	0.3372870045102879799082	-254.956208	-249.252425	0.331833	1.000000
-2.9628392076935532450932	1.7727053235048237933569	2.6810663756084136544189	1.1321625001091601969705	-254.968030	-249.264248	0.331833	1.000000
-2.9601064474920657509927	1.7972972390849102364285	2.7708436930317104085475	0.3289044551385965631241	-254.951068	-249.247285	0.331833	1.000000
-3.1267964945034831814041	-0.2356568535826978338932	2.8433921754269926296388	0.3137804660315988147801	-256.243309	-250.539526	0.331833	1.000000
-3.1267964945034831814041	-0.2356568535826978338932	2.8433921754269926296388	0.3137804660315988147801	-256.243309	-250.539526	0.331833	1.000000
-3.1267964945034831814041	-0.2356568535826978338932	2.8433921754269926296388	0.3137804660315988147801	-256.243309	-250.539526	0.331833	1.000000
-2.9007651930542617257913	-0.2012881686707954087545	2.8034438851407146309214	0.3111367711342959418985	-254.625011	-248.921228	0.331833	1.000000
-2.8987701358871311718701	-0.1429839105709340141281	2.8067952481558617883195	0.4789904264668372046998	-254.587747	-248.883964	0.331833	1.000000
-2.9839269874487239775362	0.4411534323830334503036	2.8579677089750004093105	0.0189017750754654767498	-255.135286	-249.431504	0.331833	1.000000
-3.0466837063293721321600	0.3941388316903847721662	2.3828985358111660630698	1.1744839605735006848874	-255.819802	-250.116020	0.331833	1.000000
-2.8353186714875922014301	-0.9583853002672033660758	2.4612305773318552404305	0.4790205937122024026920	-254.470679	-248.766896	0.331833	1.000000
-2.8351340053132036977956	-0.9567235024378196728279	2.4672972763954588160118	0.4247404596079696337263	-254.473412	-248.769630	0.331833	1.000000
-2.8351340053132036977956	-0.7601934890034907077450	1.5127372373266601002229	0.4247404596079696337263	-254.473412	-248.769630	0.331833	1.000000
-2.8351340053132036977956	-0.7601934890034907077450	1.5127372373266601002229	0.4247404596079696337263	-254.473412	-248.769630	0.331833	1.000000
-2.8350240246927254084142	-0.7592037811861828133786	1.7012707779073614755561	0.3924131378979619499958	-254.471542	-248.767760	0.331833	1.000000
-2.8413381942099094068510	-0.6793027059369367570696	1.2573360249628304785574	0.8521845088343120711016	-254.403503	-248.699721	0.331833	1.000000
-2.8402961844397722757094	-0.6699257337873527617944	1.2915683889444429244264	0.5458997750530437675920	-254.360512	-248.656730	0.331833	1.000000
-3.0814867995082519946948	0.7823407560541983940539	2.1872136315848402787765	0.9338374783823606417599	-256.276583	-250.572800	0.331833	1.000000
-2.8958897831969916403239	-1.2036491438719068014507	1.9291709733584812003215	1.2083834782849522948567	-254.562663	-248.858880	0.331833	1.000000
-2.9647423117509750234433	-0.9433958211417987627101	1.2506305136072111139356	1.8908471295436299897119	-254.956805	-249.253022	0.331833	1.000000
-2.9647423117509750234433	-0.9433958211417987627101	1.2506305136072111139356	1.8908471295436299897119	-254.956805	-249.253022	0.331833	1.000000
-2.9728438268362178398263	-0.8788004805551364873040	1.2626487351876947151652	1.6361021219714595442696	-254.998928	-249.295145	0.331833	1.000000
-2.9728438268362178398263	-0.8788004805551364873040	1.2626487351876947151652	1.6361021219714595442696	-254.998928	-249.295145	0.331833	1.000000
-2.8920556979615428261354	2.7183366923443705864827	1.2646401573118855043987	1.6203669906063720151934	-254.589075	-248.885293	0.331833	1.000000
-2.8214004162493857563732	-0.0056288870910819466253	1.8946655396985367936225	1.7322583132410172002125	-254.700069	-248.996287	0.331833	1.000000
-2.9141017774642712367950	0.5086801858314986546361	2.0030378896732736748731	0.7949857177923074225134	-254.972659	-249.268876	0.331833	1.000000
-2.9141017774642712367950	0.5086801858314986546361	0.5136856801220066603975	1.7121177812727690348282	-254.972659	-249.268876	0.331833	1.000000
-2.8891410564828658991132	2.9918707576367205014378	0.6571622514078482302224	1.7283567512978570412940	-254.607338	-248.903555	0.331833	1.000000
-2.8218043995010457791750	2.7420134314526687369096	0.7921425415834753014366	0.5376948481279550939860	-254.702412	-248.998629	0.331833	1.000000
-2.8218043995010457791750	2.7420134314526687369096	0.7921425415834753014366	0.5376948481279550939860	-254.702412	-248.998629	0.331833	1.000000
-2.8204981995839220054734	2.7537678320309346702288	0.8350541459438162172901	0.1537549798590322480685	-254.797382	-249.093600	0.331833	1.000000
-2.8241938025574344628410	-1.4792112708490388062188	0.7136452784394911041943	1.2400276860683172586164	-254.624580	-248.920798	0.331833	1.000000
-3.0281677882886546271379	-1.5514905696448761940331	2.5013792271145876000560	1.7203971318960804559595	-255.901438	-250.197656	0.331833	1.000000
-3.0277375006925475453556	-1.5476184420308767286656	2.5155151421787662613383	1.5939198899354574123777	-255.901859	-250.198076	0.331833	1.000000
-3.1631774202614675317591	-1.9977458570353376909878	2.4406382011958962507947	1.8673149847590486682947	-256.556552	-250.852769	0.331833	1.000000
-3.1631774202614675317591	-1.9977458570353376909878	2.4406382011958962507947	1.3927406641933626207930	-256.556552	-250.852769	0.331833	1.000000
-3.1111159745195555714758	-1.9919109928363680772634	1.9742509923790718673331	1.5004388767606309240676	-256.011945	-250.308163	0.331833	1.000000
-3.1935490866420699340722	-1.9923322193609867003516	1.5381955288753423882753	1.0362134543980674461494	-256.608501	-250.904718	0.331833	1.000000
-3.1827621028640313838309	-1.9906639972658295434371	1.6002001259437494962157	1.4602003485442063279720	-256.425819	-250.722037	0.331833	1.000000
-3.1731000294575877340719	-1.9894059389901903589504	1.1172180066823858002323	1.4062905282700595144263	-256.390717	-250.686935	0.331833	1.000000
-3.1731000294575877340719	-1.9894059389901903589504	1.1172180066823858002323	1.4062905282700595144263	-256.390717	-250.686935	0.331833	1.000000
-3.1731000294575877340719	-1.9894059389901903589504	1.1172180066823858002323	1.4062905282700595144263	-256.390717	-250.686935	0.331833	1.000000
-2.8744079782036564552072	-1.6735026827188201892227	2.2612870899179307038196	1.1008226427177998374418	-254.593196	-248.889413	0.331833	1.000000
-2.8762754752818247006019	-1.8498689380566284423679	2.1999356117009565281251	1.7733951510932632888995	-254.600511	-248.896728	0.331833	1.000000
-2.8762754752818247006019	-1.8498689380566284423679	2.1999356117009565281251	1.7733951510932632888995	-254.600511	-248.896728	0.331833	1.000000
-2.8762754752818247006019	-1.8498689380566284423679	2.1999356117009565281251	1.7733951510932632888995	-254.600511	-248.896728	0.331833	1.000000
-2.9241560423261332424261	-1.5264763654188873154283	1.5737084692717759892844	1.8998207845017449635350	-255.233563	-249.529781	0.331833	1.000000
-2.9241560423261332424261	-1.5264763654188873154283	1.9588008795954250373939	1.8998207845017449635350	-255.233563	-249.529781	0.331833	1.000000
-2.9501364425663929580423	-0.8126079241797933283564	1.1403898232303515403174	1.0482751158341307995414	-255.016663	-249.312881	0.331833	1.000000
-2.8476669001234915512555	-1.4346293751466305810283	1.2494141538694167881118	0.0753675270238957084601	-254.383104	-248.679321	0.331833	1.000000
-2.8476669001234915512555	-1.4346293751466305810283	1.2494141538694167881118	0.4770582116819868101487	-254.383104	-248.679321	0.331833	1.000000
-2.8850252121205861577380	-1.1894469768095845552125	2.4595009751730358971145	0.4843345028282282083154	-254.609359	-248.905577	0.331833	1.000000
-2.8850252121205861577380	-1.1894469768095845552125	2.4595009751730358971145	0.4843345028282282083154	-254.609359	-248.905577	0.331833	1.000000
-2.8850252121205861577380	0.4293002152397447090948	2.4595009751730358971145	0.4843345028282282083154	-254.609359	-248.905577	0.331833	1.000000
-2.8868302851816030063503	0.4130564905586514012903	2.4002002662842971680845	1.0149114108321228844289	-254.625203	-248.921420	0.331833	1.000000
-2.8464300194043725689141	-1.6467310477070959962020	2.2429515986754511303047	0.9978046404886450337912	-254.428058	-248.724276	0.331833	1.000000
-2.9293507712005952825507	-0.5922602984890936728135	2.9794024500452520598515	0.8900963245180689709102	-255.219154	-249.515371	0.331833	1.000000
-2.7172570328351368651454	-1.1885717611787716130323	1.8123077586904257074707	1.8839751754255111837466	-255.407941	-249.704158	0.331833	1.000000
-2.9256510690462071977436	2.7165197811878356581872	1.4653878200086127847612	1.7050630084652431683878	-255.238753	-249.534971	0.331833	1.000000
-2.7970787538310450948131	2.7820522563744352062542	2.3443281387854359998357	0.2682367419102240080342	-255.368662	-249.664880	0.331833	1.000000
-2.9525961480820877014253	2.7580012743196498092857	0.6407635141186125427026	0.1670600849737587934030	-254.943803	-249.240021	0.331833	1.000000
-2.9525961480820877014253	2.7580012743196498092857	0.6407635141186125427026	1.9576202281878700706130	-254.943803	-249.240021	0.331833	1.000000
-2.9529722980144601507391	2.7546163277087747367489	0.6284061430404708215036	0.7019714951551956350073	-254.945658	-249.241875	0.331833	1.000000
-2.9046258992623039674186	2.5652070307291596762411	0.6392703816874445443830	0.7296349995547349864822	-254.673125	-248.969342	0.331833	1.000000
-2.9046258992623039674186	2.5652070307291596762411	0.6392703816874445443830	1.1408375195164450754959	-254.673125	-248.969342	0.331833	1.000000
-2.7613838542737867420840	3.8225933041552240254646	0.5224545664792812349475	0.5439488011063158268144	-255.743693	-250.039911	0.331833	1.000000
-2.7643559529310746114561	3.0930042276915337140508	0.5053706639274042622390	1.4471008444570501172421	-255.723434	-250.019651	0.331833	1.000000
-2.7643559529310746114561	-1.9851087966899794157172	0.5053706639274042622390	1.4471008444570501172421	-255.723434	-250.019651	0.331833	1.000000
-2.7643559529310746114561	0.1745745410625807458871	0.5053706639274042622390	1.4471008444570501172421	-255.723434	-250.019651	0.331833	1.000000
-2.7643559529310746114561	0.1745745410625807458871	0.5053706639274042622390	1.4471008444570501172421	-255.723434	-250.019651	0.342538	1.000000
-2.9865274297627544264344	1.4143187168303723577623	2.7103248087885911665751	1.8290899507771236631726	-255.162057	-249.458275	0.342538	1.000000
-2.9865274297627544264344	1.4143187168303723577623	2.7103248087885911665751	0.7252453654377128966502	-255.162057	-249.458275	0.342538	1.000000
-2.9863698159915803564957	1.4097694898113399819550	2.6960509094951299324805	0.9118119826587627319014	-255.215682	-249.511899	0.342538	1.000000
-3.0172370624636566383003	0.3049092925338615089892	1.7935360061941023612775	0.8893159526014700055896	-255.708463	-250.004680	0.342538	1.000000
-3.0989692621731528276996	3.3765568963861003481952	2.2794053836346792607515	0.8486191469707191625815	-256.212536	-250.508753	0.342538	1.000000
-2.7857254580074055638761	1.7551013133106851960008	2.7763593381044060492968	1.5477779807653062604800	-255.537725	-249.833942	0.342538	1.000000
-2.7857254580074055638761	1.7551013133106851960008	0.9929271872979748003729	1.5477779807653062604800	-255.537725	-249.833942	0.342538	1.000000
-2.7857254580074055638761	1.7551013133106851960008	0.9929271872979748003729	1.5477779807653062604800	-255.537725	-249.833942	0.342538	1.000000
-2.8534912181842360112682	3.8234888056585392135389	1.0357060096407306737376	1.6126142728235857148888	-254.511906	-248.808124	0.342538	1.000000
-2.8108348506370726127557	3.5356061251941968137658	1.0853865459425624528933	1.6108166288468481752716	-255.047029	-249.343247	0.342538	1.000000
-2.8840633899221259639489	3.5219910856128584519809	0.7393008462768784205821	1.5840680680487679854451	-254.603283	-248.899501	0.342538	1.000000
-2.9714429177012608995767	3.8259115190274468609744	0.5196844667008980733769	1.4406874507583755651297	-255.020144	-249.316361	0.342538	1.000000
-2.9714429177012608995767	3.8259115190274468609744	0.5196844667008980733769	1.4406874507583755651297	-255.020144	-249.316361	0.342538	1.000000
-2.9713698349341970406101	3.8238021215041411160485	1.0171122286921170374541	1.5271951494621727185574	-255.021048	-249.317266	0.342538	1.000000
-2.9713698349341970406101	3.8238021215041411160485	1.0171122286921170374541	0.0693339731901485567533	-255.021048	-249.317266	0.342538	1.000000
-2.9713698349341970406101	3.8238021215041411160485	1.0171122286921170374541	0.0693339731901485567533	-255.021048	-249.317266	0.342538	1.000000
-2.8587290762546371247765	3.8447448905784278316844	1.5494641799817681082629	0.1104788357164050160986	-254.642741	-248.938959	0.342538	1.000000
-2.8580047098433758456792	3.8238374075251266859254	1.4838637370199114773328	0.9679076629747335180909	-254.644782	-248.941000	0.342538	1.000000
-2.7943523919473087779863	1.6866621614084520430765	1.7846912175279014967089	0.9911582687058408946967	-255.412943	-249.709161	0.342538	1.000000
-2.7405129791796274396631	2.2164192284509343089383	2.7507648434518001678839	0.1205223572850768753995	-255.452372	-249.748590	0.342538	1.000000
-2.6320615719516169406234	1.3232631330708795047713	2.7627317217353732914376	0.1006572900827329281048	-258.258137	-252.554354	0.342538	1.000000
-2.7908877021937903428750	-0.4713424981272598124349	2.9243610954361853870864	0.2230824897080350699419	-255.404733	-249.700951	0.342538	1.000000
-2.9940926791498658765533	-0.5091234484424415063231	1.9639932209434731724684	0.1488567747934743390470	-255.238825	-249.535043	0.342538	1.000000
-2.9942745184158656712725	3.1750256474261635553091	1.8748515362804485384629	1.6087706073894714187134	-255.244402	-249.540620	0.342538	1.000000
-2.8536443392574701860553	3.2289381086474895354854	2.6305634334037661936634	0.5290859012745037226466	-254.511906	-248.808124	0.342538	1.000000
-2.9141119732616962423322	3.2176956444607780483125	2.3447871004904516922807	0.6575921314450665633444	-254.972659	-249.268876	0.342538	1.000000
-2.9711700060727435079855	3.2474941761607452050953	2.3464595777949890376135	0.7293361505515822962309	-255.021048	-249.317266	0.342538	1.000000
-3.1907805363173005197552	3.1057181484960416639751	1.3813600087524193771316	0.0005649995814712704956	-256.535442	-250.831660	0.342538	1.000000
-3.1898594949004812626470	3.0791340088753007542266	2.8619572523330170099598	1.0907970280170751209425	-256.502813	-250.799031	0.342538	1.000000
-3.1893907378249379824808	3.0656042117164656879424	2.8195054333100908472431	1.6456623880112895008665	-256.513843	-250.810061	0.342538	1.000000
-2.8951964083586747555898	3.9880492575314812064846	2.8224807170278518597684	0.8547962029928928284761	-254.587972	-248.884190	0.342538	1.000000
-2.8951964083586747555898	3.9880492575314812064846	1.1940919673249261734327	0.8547962029928928284761	-254.587972	-248.884190	0.342538	1.000000
-2.8950739574430635059343	1.8273028936616588779884	1.1830025046161289914437	0.9997407273897410684427	-254.583674	-248.879892	0.342538	1.000000
-2.8950739574430635059343	1.8273028936616588779884	1.1830025046161289914437	1.8720737583093773892529	-254.583674	-248.879892	0.342538	1.000000
-2.8979403963532641697043	0.3286234590710064851216	0.9112449474396315807212	1.6310978935202400386117	-254.592161	-248.888378	0.342538	1.000000
-2.8017688440809362937500	0.9163871040639355314283	1.3657617148237526372156	1.6662269653017820481011	-255.238743	-249.534960	0.342538	1.000000
-2.8417927551157884380473	1.2349109929987496236947	1.3846042265915157187806	1.2064265314055859779074	-254.338630	-248.634847	0.342538	1.000000
-2.8422965717316239775414	1.2494527182827988021074	1.4302311257085109641451	0.6100613723461166815198	-254.344084	-248.640302	0.342538	1.000000
-2.8422965717316239775414	1.2494527182827988021074	1.4302311257085109641451	0.6100613723461166815198	-254.344084	-248.640302	0.342538	1.000000
-2.8428299387037538892287	1.2648473593893341249128	1.4785341793689115164057	0.0733594332301837903643	-254.344704	-248.640922	0.342538	1.000000
-2.8423399620545262145299	3.1790546073750594047169	1.4542339080270714202214	0.4040652370546921612338	-254.344084	-248.640302	0.342538	1.000000
-2.8423399620545262145299	-0.6353251517120148683659	1.4542339080270714202214	0.4040652370546921612338	-254.344084	-248.640302	0.342538	1.000000
-2.8423399620545262145299	1.5521828362523506505966	2.2915589328672938407294	0.4040652370546921612338	-254.344084	-248.640302	0.342538	1.000000
-2.8422740841247633447608	0.5836386559821220565425	2.4997211369371816758189	0.2056401951628679114492	-254.344113	-248.640331	0.342538	1.000000
-2.9261962661353386749852	-0.1465533541728342714627	2.6176498449917189326186	0.4687251822693193625824	-255.235815	-249.532032	0.342538	1.000000
-2.9253367804924823580848	-0.1713608013890703940518	2.5398126647826448909484	1.4860939549553129346293	-255.252677	-249.548895	0.342538	1.000000
-2.9919595924733224379111	0.3498625265099705172744	2.5324612886939243949769	1.6585276895114462458736	-255.258142	-249.554359	0.342538	1.000000
-2.9572917275603511910731	1.3159266693906626066735	2.6661621309993730477572	1.7724483021113672798208	-254.958246	-249.254463	0.342538	1.000000
-2.9490859270506968314862	1.3174523354742180281107	1.5234187059428685451223	1.7754456765772841375650	-255.042155	-249.338373	0.342538	1.000000
-3.0702547934762050019231	-0.7357377982820425543764	1.6200573387709860107009	1.9018837007665769789355	-256.129077	-250.425295	0.342538	1.000000
-2.8304771180127210605804	2.3309441325274002920764	2.8796352731906669220052	1.2264920091975806126783	-254.474740	-248.770957	0.342538	1.000000
-2.8938047945271074823381	1.2881644214075063104019	1.6967428117171023949084	1.2380917531002275655538	-254.577720	-248.873938	0.342538	1.000000
-2.8760383998569585273231	2.6198909530357847863513	2.2588051089589558095838	0.8373291216009046689095	-254.600896	-248.897113	0.342538	1.000000
-2.9693220513590490305944	2.6025471603028877964903	2.0598107405893024690613	0.8032549280141987324555	-254.987885	-249.284103	0.342538	1.000000
-2.8930247223556935232125	-1.3097631393896520535236	1.4520322512212187060499	0.8175576946835769742705	-254.557566	-248.853784	0.342538	1.000000
-2.8930247223556935232125	-1.3097631393896520535236	0.5305983642251270726575	0.8175576946835769742705	-254.557566	-248.853784	0.342538	1.000000
-2.8928704718181363908514	-1.3142152929542003647612	0.5166290478218087400819	1.0001432694221830121961	-254.557566	-248.853784	0.342538	1.000000
-2.8928704718181363908514	-1.3142152929542003647612	0.5166290478218087400819	1.0001432694221830121961	-254.557566	-248.853784	0.342538	1.000000
-2.8928704718181363908514	-1.3142152929542003647612	0.5166290478218087400819	1.0001432694221830121961	-254.557566	-248.853784	0.342538	1.000000
-2.7292979584098997491992	-1.3455418103063427892607	1.8971642156264463263682	1.0378059343546157666793	-255.255473	-249.551691	0.342538	1.000000
-2.7291274427104896815877	0.0089159312987089622826	1.8817218852818486940492	1.2396444982375278698328	-255.255025	-249.551242	0.342538	1.000000
-2.8038277075651798497802	-0.0094358879044875547393	1.5140403453129107624875	1.3941672130970721443788	-255.197779	-249.493997	0.342538	1.000000
-2.8587222280368194127220	0.1610845613331031711546	1.6244073941823811146890	1.2824205184189536588235	-254.642741	-248.938959	0.342538	1.000000
-2.8630850185227649795650	0.1952168368765727357594	1.6239259897999347437292	1.2832196516751117609800	-254.674160	-248.970378	0.342538	1.000000
-2.8044334024114467851518	0.2025551009032588722913	1.6112918698222553626209	1.2823824224217368339396	-255.189440	-249.485658	0.342538	1.000000
-3.0004310238008220501627	1.5190001817103349068816	2.1318957358316081851513	1.1434958240632127068892	-255.486787	-249.783004	0.342538	1.000000
-2.9452273997806082128648	0.5705472794116999146752	2.5234369470814428382255	1.1761064341310527581186	-255.148467	-249.444684	0.342538	1.000000
-3.0074439495920972653664	1.0456826512784169747050	1.7800858697060000235268	1.9000315659403612666978	-255.547703	-249.843920	0.342538	1.000000
-2.9850311068856654195258	1.6249257738830231723171	0.8488097466352051423399	0.6829347455494998442305	-255.173917	-249.470134	0.342538	1.000000
-2.8475373133491879151791	0.5492435788241257776932	0.8639812555538354255091	0.6577499783037882297165	-254.381025	-248.677243	0.342538	1.000000
-2.8476185230261523706474	0.5515875444173659047920	0.8713358080273156947015	1.7340608892412723296417	-254.381025	-248.677243	0.342538	1.000000
-2.8476185230261523706474	3.9493902314560278554723	0.8713358080273156947015	1.7340608892412723296417	-254.381025	-248.677243	0.342538	1.000000
-2.8476185230261523706474	3.9493902314560278554723	0.8713358080273156947015	1.7340608892412723296417	-254.381025	-248.677243	0.342538	1.000000
-2.8476185230261523706474	3.9493902314560278554723	0.8713358080273156947015	1.8712502586904262713574	-254.381025	-248.677243	0.342538	1.000000
-2.8476185230261523706474	3.9493902314560278554723	0.8713358080273156947015	1.8712502586904262713574	-254.381025	-248.677243	0.342538	1.000000
-2.8476185230261523706474	3.9493902314560278554723	1.6677526162710580859283	1.4584139821559098937342	-254.381025	-248.677243	0.342538	1.000000
-2.8476185230261523706474	3.9493902314560278554723	1.6677526162710580859283	1.4584139821559098937342	-254.381025	-248.677243	0.342538	1.000000
-2.9566302442218788115724	3.3585197255243626202059	1.7220699013760183415656	0.7176755546228654747409	-254.952309	-249.248526	0.342538	1.000000
-2.8535299536874503267825	2.5519149764608255459564	1.6922418707753867916921	0.6987906525971899762695	-254.511906	-248.808124	0.342538	1.000000
-2.8535299536874503267825	-1.4162115702804534134174	0.6330441989815889236581	0.6987906525971899762695	-254.511906	-248.808124	0.342538	1.000000
-2.9582130787005307404058	-0.9901444296834593927770	0.7931750003824354910975	0.6802951105757809591168	-254.918534	-249.214752	0.342538	1.000000
-2.8579091662684978913944	-0.7691877969333895670445	0.6519163707372632732273	0.3030820691376753805990	-254.570332	-248.866549	0.342538	1.000000
-3.0350183074101213520635	-1.3242481123350304805797	0.9229818995907396184109	0.1081308291029769441671	-255.991422	-250.287640	0.342538	1.000000
-2.9754669179338941731316	-1.3511529274472904305071	1.0798535665348798495700	1.6768948576017941309857	-255.008155	-249.304373	0.342538	1.000000
-2.9754669179338941731316	-1.3511529274472904305071	1.0798535665348798495700	1.0432717537514970551626	-255.008155	-249.304373	0.342538	1.000000
-2.8726650380435123643963	-1.7806434266196795590531	0.9065403264246659764680	1.4442822726688635537329	-254.626186	-248.922404	0.342538	1.000000
-2.8726650380435123643963	0.9704743075516470973696	1.0930948076151669745570	1.1750029240901640470440	-254.626186	-248.922404	0.342538	1.000000
-2.8726082744033925031601	0.9688359311368941462206	1.0879541496855611448780	1.2421937554459971941867	-254.626186	-248.922404	0.342538	1.000000
-2.8726082744033925031601	-1.8734761052539368186842	1.0879541496855611448780	1.2421937554459971941867	-254.626186	-248.922404	0.342538	1.000000
-2.8726082744033925031601	-1.8734761052539368186842	1.8706991958330794201260	1.2421937554459971941867	-254.626186	-248.922404	0.342538	1.000000
-2.7239712166586462771534	-0.8751206425467868976753	0.6804711242147716276918	1.6243233678459163549235	-255.310470	-249.606688	0.342538	1.000000
-2.7239712166586462771534	-0.8751206425467868976753	0.6804711242147716276918	1.6243233678459163549235	-255.310470	-249.606688	0.342538	1.000000
-2.7028520671265909847136	-1.1134393085898339759154	0.6558827717671412704803	1.1922952948463918509958	-255.894620	-250.190837	0.342538	1.000000
-3.0074190230485160491014	-0.6850165956107188147683	0.5153940754345001096226	1.1809002212857717672989	-255.547703	-249.843920	0.342538	1.000000
-3.0649678399328088573839	0.3086396360848520092901	1.2534009163844745948779	0.2171425610449344567598	-256.037709	-250.333926	0.342538	1.000000
-2.9493388538195444148471	0.9446878201246727835283	1.2030194706312760111189	0.2286996295755132913019	-255.023818	-249.320036	0.342538	1.000000
-2.8038934652914306866478	1.0718402770409516389094	1.1116769559755497187581	0.0544030415001488798499	-255.199270	-249.495488	0.342538	1.000000
-2.8064821463661084877117	3.6734511059450718484243	1.0994425797379783205088	0.0534574608045772711740	-255.142860	-249.439078	0.342538	1.000000
-2.9117932255613623304669	0.4705184030485183299675	0.6017314567021430082860	0.0149899475635935780504	-254.908714	-249.204931	0.342538	1.000000
-2.9117932255613623304669	0.4705184030485183299675	0.6017314567021430082860	0.0149899475635935780504	-254.908714	-249.204931	0.349357	1.000000
-2.9456484810592651335526	0.7699172905494744423294	0.7323778098787739887499	0.0217849926591584253099	-255.155201	-249.451419	0.349357	1.000000
-2.9045443392045759978259	0.7757091627773891051589	1.2749957221361021275641	0.0292354155998808748484	-254.673125	-248.969342	0.349357	1.000000
-2.9050159998156530605229	0.7798802924929275626198	1.2749623372608736016076	0.0293300819987880670436	-254.674338	-248.970555	0.349357	1.000000
-2.9050159998156530605229	0.7798802924929275626198	1.2749623372608736016076	0.0293300819987880670436	-254.674338	-248.970555	0.349357	1.000000
-2.9050159998156530605229	0.7798802924929275626198	1.2749623372608736016076	1.3274416060624616431340	-254.674338	-248.970555	0.349357	1.000000
-2.9059334141589538980099	0.3290302916147513911937	1.2869004934639334258861	1.0650162759606640605625	-254.752876	-249.049093	0.349357	1.000000
-2.8662066736718818660279	-0.0222930622026607794250	1.2897124142460671958332	1.4017849772200201563521	-254.693304	-248.989522	0.349357	1.000000
-2.7327198361670133053281	0.1390663571038226464793	1.3639329288921071547946	1.4236917997310614136808	-255.255682	-249.551899	0.349357	1.000000
-2.7327198361670133053281	0.1390663571038226464793	1.3639329288921071547946	1.4236917997310614136808	-255.255682	-249.551899	0.349357	1.000000
-3.0093329437427498440627	-0.7792993756742382371883	1.7759793700898027779544	1.2316507885935399357891	-255.559662	-249.855879	0.349357	1.000000
-3.0088587354806368701077	-0.7823737306987730288910	1.7698085789448556592873	1.3672975229516441952882	-255.557311	-249.853529	0.349357	1.000000
-3.0088587354806368701077	-0.7823737306987730288910	1.7698085789448556592873	1.3672975229516441952882	-255.557311	-249.853529	0.349357	1.000000
-2.8070133089234818868363	1.0108404455220045825570	1.6088733630343461378231	0.8007279866965240078258	-255.125694	-249.421911	0.349357	1.000000
-2.8030806697207735211919	0.9853446242584713576917	1.5576986005782837985123	1.9256549605093677968171	-255.226052	-249.522270	0.349357	1.000000
-2.9881593468950162773012	0.9722619813086136320024	1.6192477568663958820139	1.6016740057215843595628	-255.194364	-249.490582	0.349357	1.000000
-2.9881593468950162773012	0.1461463902659101421477	1.6192477568663958820139	1.6016740057215843595628	-255.194364	-249.490582	0.349357	1.000000
-3.0052476129691245709807	2.2304369307613214346020	0.9870704319523913028434	1.1400045890236314427568	-255.514545	-249.810762	0.349357	1.000000
-2.8440332618492747407402	2.0681463058994973280846	1.5417357652039456183957	1.3240371373686488087884	-254.400216	-248.696433	0.349357	1.000000
-3.0150606939170128129035	2.0440472981278099418034	0.8591560455003384166872	1.2930371785840826248659	-255.694759	-249.990977	0.349357	1.000000
-3.0150606939170128129035	2.0440472981278099418034	0.8591560455003384166872	1.3784340506533967474212	-255.694759	-249.990977	0.349357	1.000000
-2.9452892045885943339556	2.0303350538825615245742	0.6093792782898133086888	1.1006394559604548710752	-255.148467	-249.444684	0.349357	1.000000
-2.8459054379551602664833	3.4405549657302181287832	2.9589240566999466253151	1.5760397566568105087725	-254.362943	-248.659160	0.349357	1.000000
-2.8459054379551602664833	3.4405549657302181287832	2.9589240566999466253151	0.3039870172693621697135	-254.362943	-248.659160	0.349357	1.000000
-2.8459054379551602664833	3.1818150311438149202559	2.9589240566999466253151	0.3039870172693621697135	-254.362943	-248.659160	0.349357	1.000000
-2.8459054379551602664833	3.1818150311438149202559	2.9589240566999466253151	1.7817326503724792985395	-254.362943	-248.659160	0.349357	1.000000
-2.8186856825234909429412	2.0003521337823229053754	2.9601917864916273970266	1.7906857328448055888259	-254.805815	-249.102032	0.349357	1.000000
-2.8186856825234909429412	2.0003521337823229053754	2.9601917864916273970266	1.7906857328448055888259	-254.805815	-249.102032	0.349357	1.000000
-2.8186856825234909429412	2.0003521337823229053754	2.9601917864916273970266	1.8560525560260423549863	-254.805815	-249.102032	0.349357	1.000000
-2.8186856825234909429412	2.0003521337823229053754	0.7469424166343616722230	0.5635277695326359470585	-254.805815	-249.102032	0.349357	1.000000
-3.1236210105066217757042	1.0648094664385501229020	1.3908666733671526394289	0.5899600432212632750151	-256.221855	-250.518073	0.349357	1.000000
-2.7036252591720550952914	1.9965657751933316710335	1.6250907181904474807510	0.5379404860397691834351	-255.832006	-250.128223	0.349357	1.000000
-2.6974773616877736337472	3.2085489682712680092891	2.2918382737759599443450	0.5779010022067105900589	-256.029256	-250.325473	0.349357	1.000000
-2.8652315894384905448078	3.3245185172639599713307	2.3092656971747280714169	1.6525854357537093086705	-254.704714	-249.000932	0.349357	1.000000
-2.8652315894384905448078	3.3245185172639599713307	2.3092656971747280714169	0.1665209074140454603707	-254.704714	-249.000932	0.349357	1.000000
-2.8652315894384905448078	3.3245185172639599713307	2.3092656971747280714169	0.1665209074140454603707	-254.704714	-249.000932	0.349357	1.000000
-3.0599659243583117174126	2.1931295691127039582113	2.5725152711965790786053	0.0353662309234643312816	-255.990039	-250.286257	0.349357	1.000000
-3.2020307210287013433003	2.3409416806373917196993	2.4945914538041127350709	0.3265879688288413351671	-256.909149	-251.205367	0.349357	1.000000
-3.1486282978946062982573	2.8876772155411538633984	2.3114309162875827929895	0.5828477286844544469346	-256.477765	-250.773983	0.349357	1.000000
-2.7526497239687133244956	2.9317612429033514942489	2.2108831830469539703188	0.5778884834400933590004	-255.716485	-250.012703	0.349357	1.000000
-2.8435120569523464340023	3.7353021115500615323413	2.5031415677932695729169	0.5961253462559791271858	-254.401217	-248.697434	0.349357	1.000000
-2.8396473685240275486308	2.9795388659178150270179	1.8310060232209395270075	0.4018876446465420859688	-254.362089	-248.658306	0.349357	1.000000
-2.6922737640645069134848	2.1560376672495111805006	1.7384866551884450291965	0.3784994035606638052016	-256.169984	-250.466201	0.349357	1.000000
-3.0190378128198132046123	2.1099942386880434774810	0.6524120743243932984967	0.3192710568491229916610	-255.763607	-250.059824	0.349357	1.000000
-3.0708571673535614010575	0.8075362424389949111969	0.5094823069852909558364	0.1079281700911561558964	-256.103025	-250.399242	0.349357	1.000000
-3.0708571673535614010575	0.8075362424389949111969	0.8660762653291488311069	0.1079281700911561558964	-256.103025	-250.399242	0.349357	1.000000
-3.1837078416050639262380	1.8914603392718079000190	1.4594362543957064559663	0.3216752435634481210869	-256.426277	-250.722495	0.349357	1.000000
-2.8627432156019461118035	3.1625600728750411505530	1.3331415873175647135440	0.3436165735631370177217	-254.668291	-248.964508	0.349357	1.000000
-2.8791987138270958013209	3.1602413736183172510152	1.2674668050308426359152	1.8885020817921498448300	-254.583442	-248.879660	0.349357	1.000000
-2.8315151387367549773444	3.2609634645339506953121	0.8829926212445255995220	1.9354790437920252887949	-254.474049	-248.770267	0.349357	1.000000
-2.8989288020310999272056	3.7039897991507899632779	0.8113968439849714719969	1.5669673791400922091555	-254.585872	-248.882090	0.349357	1.000000
-2.9158214138784273039562	3.7021091560758039307188	0.8156862524065504604920	1.5671789426197475503244	-254.993001	-249.289219	0.349357	1.000000
-2.9158214138784273039562	3.7021091560758039307188	0.8156862524065504604920	1.5671789426197475503244	-254.993001	-249.289219	0.349357	1.000000
-2.9732538597359501331141	3.8699348644060389545984	2.6176194484024324360405	0.8720283892154356841786	-254.997108	-249.293325	0.349357	1.000000
-2.8420799842884370001173	2.7175411111015428389237	2.8965415721930911630011	1.7724919592249868127709	-254.338187	-248.634404	0.349357	1.000000
-3.1354416132572975328685	2.6834814503135953067670	1.7443998126279895988233	1.4052658762399981018376	-256.340437	-250.636654	0.349357	1.000000
-2.8736570551309288390485	3.1636427522639820608674	1.7119120624584913681332	1.2227980885535494337546	-254.624117	-248.920335	0.349357	1.000000
-2.8740106434206595942271	3.1659351120181256078467	1.7165132464983996474217	1.1216545601900527184824	-254.602124	-248.898341	0.349357	1.000000
-2.8740106434206595942271	3.1659351120181256078467	1.7165132464983996474217	1.1216545601900527184824	-254.602124	-248.898341	0.349357	1.000000
-2.8683309277477668786105	1.3085084944234586235012	0.8611945481021660020460	0.5663542145561534235654	-254.675516	-248.971733	0.349357	1.000000
-2.7177140077216686009365	-0.0234719508999463588594	0.8718554491066217160267	0.4821685503205571099450	-255.363441	-249.659659	0.349357	1.000000
-2.7376544716147819258367	-0.0262817071391727337393	0.7922719805930420466922	1.5186358079677244603545	-255.377614	-249.673831	0.349357	1.000000
-2.8311997899497587383166	-0.5026948143179896799637	1.0207551483687760107699	0.2645589449928052450112	-254.482029	-248.778247	0.349357	1.000000
-2.8311997899497587383166	-0.5026948143179896799637	1.1597380717455958443196	0.2645589449928052450112	-254.482029	-248.778247	0.349357	1.000000
-2.8311997899497587383166	2.4804065866566791243031	1.1597380717455958443196	0.2645589449928052450112	-254.482029	-248.778247	0.349357	1.000000
-2.8311997899497587383166	2.4804065866566791243031	1.8301179038146326849557	0.2645589449928052450112	-254.482029	-248.778247	0.349357	1.000000
-2.6990338855951083729678	0.0545516280677489362461	2.3660499996064632277637	1.8297649530118260674527	-255.996743	-250.292960	0.349357	1.000000
-3.0293241051342838510152	-1.1241705366914571673220	1.5193698396397878891406	0.6531763540334087903005	-255.943001	-250.239218	0.349357	1.000000
-2.7512709118085649784291	-1.0849908215668973010537	2.6290951536922806397456	0.7035755059636111807819	-255.685765	-249.981983	0.349357	1.000000
-2.7512709118085649784291	0.8038132625411833487306	2.6290951536922806397456	0.7035755059636111807819	-255.685765	-249.981983	0.349357	1.000000
-2.7498391608101973027090	0.7945310310252254870633	2.6104640224185948760294	1.1131262516150808306037	-255.653317	-249.949534	0.349357	1.000000
-2.7501307104299606010045	0.7964211858580977354549	2.6142579078391743330201	1.0297288142780891551098	-255.645012	-249.941230	0.349357	1.000000
-2.7501307104299606010045	0.7964211858580977354549	2.6142579078391743330201	1.0297288142780891551098	-255.645012	-249.941230	0.349357	1.000000
-3.0754604765872781690916	0.7602024425790723238805	2.6968663434888870966688	1.0338032521439286526288	-256.149602	-250.445820	0.349357	1.000000
-2.8905694653043734199116	0.7718956218863978202549	2.6327169406888883962381	1.4171538421830396359269	-254.566468	-248.862686	0.349357	1.000000
-2.8779851005871019964388	2.3231108649564538026766	2.3689132855366201724223	1.4923382190083465115293	-254.586212	-248.882430	0.349357	1.000000
-2.8785564224892064011385	2.3268148205824772389860	2.3763477998968478566155	1.3289122383171831920379	-254.583310	-248.879527	0.349357	1.000000
-2.9141219823259869592391	3.7616082499582006448691	2.8973600133475452267362	1.3085935879112686741621	-254.972659	-249.268876	0.349357	1.000000
-2.9117685203011260952621	3.7463504436750691972691	2.8667348138660648793064	1.9817987250078068495185	-254.908714	-249.204931	0.349357	1.000000
-2.9117685203011260952621	3.7463504436750691972691	2.8667348138660648793064	1.9817987250078068495185	-254.908714	-249.204931	0.349357	1.000000
-2.9117685203011260952621	3.7463504436750691972691	1.8082132015299325900060	0.2759366523814672511605	-254.908714	-249.204931	0.349357	1.000000
-2.9195693520202676829456	2.7578336773236360457418	2.6879075800859588696312	0.0081736604636829090359	-255.106664	-249.402882	0.349357	1.000000
-2.9944948238923037031611	3.4204369450898894911006	2.6826042380829386857499	0.0232118562382946092004	-255.292993	-249.589210	0.349357	1.000000
-2.9944948238923037031611	-0.7005313215181636632423	2.1562918631228402688293	0.0232118562382946092004	-255.292993	-249.589210	0.349357	1.000000
-2.9944948238923037031611	-0.7005313215181636632423	2.0326736202525208518921	0.0232118562382946092004	-255.292993	-249.589210	0.349357	1.000000
-2.7346860153274770155463	0.9693215084079750409884	2.3214818449693064295047	0.7653488871353777422968	-255.307937	-249.604154	0.349357	1.000000
-2.8007330707353590426578	-0.4248382821088551031252	1.3845691809213878098461	0.3180766835912358647676	-255.296233	-249.592451	0.349357	1.000000
-2.7578502160690043787383	0.3168056941422887629045	0.7087014157781020839977	0.9869316723797605384050	-255.776751	-250.072968	0.349357	1.000000
-2.9821746712912133858708	2.3006185865585906391573	0.6928233802321087653198	1.6998920304261624369957	-255.133530	-249.429747	0.349357	1.000000
-2.9961742674937950070557	2.5219479841240612927322	1.5018043638711626730498	1.7791164627883175874956	-255.294517	-249.590735	0.349357	1.000000
-2.9961742674937950070557	2.5219479841240612927322	1.5018043638711626730498	1.7791164627883175874956	-255.294517	-249.590735	0.349357	1.000000
-2.9695987479935341823989	2.6548628602746524585143	1.4962987425363507565379	1.8454786652006294200845	-254.989200	-249.285417	0.349357	1.000000
-3.0030986258859866389059	1.8898088160082970876630	2.8916179083678006378477	1.9825107408362709904281	-255.518637	-249.814855	0.349357	1.000000
-3.0030986258859866389059	1.8898088160082970876630	2.8916179083678006378477	1.9825107408362709904281	-255.518637	-249.814855	0.349357	1.000000
-3.0022131318480282935468	1.8840680407787349093240	2.8800951256478461992572	1.8133605928953375752144	-255.494894	-249.791112	0.349357	1.000000
-2.9323819348723541011736	1.9536950881667864976521	2.7713522996737598447226	0.0861722324308998727238	-255.182385	-249.478602	0.349357	1.000000
-2.8702526351290047479381	0.2847714406698572675580	1.4847310764366179469675	0.3194356467845014813101	-254.661572	-248.957789	0.349357	1.000000
-3.0732906777669226627836	2.0803379839478983726053	1.4703597264426979673857	0.3601871530292359846470	-256.163209	-250.459427	0.349357	1.000000
-2.9910259505117360312454	0.6733789029163573802705	1.1797095626744065199887	0.3147894969822370159207	-255.214781	-249.510999	0.349357	1.000000
-3.1959965225272752853414	0.8784822986522993204517	1.9921811434334619761444	0.5629904124879971938356	-256.708151	-251.004368	0.349357	1.000000
-3.1074432367719575509568	1.6007700128888682211681	1.3454033839407872896743	1.2792548583523333238787	-256.025671	-250.321888	0.355667	1.000000
-2.8976295582574649323249	1.6875174665150092234711	1.2662193773900476401195	1.3409523119686781456039	-254.589430	-248.885648	0.355667	1.000000
-2.8822060599416525761285	-0.0180739303173976482986	1.3055889090048620193585	1.5730062606794861235215	-254.587689	-248.883906	0.355667	1.000000
-2.8821446844164175793424	-0.0196900565060651351612	1.3012647967313473174045	1.6387385877256643862410	-254.585833	-248.882051	0.355667	1.000000
-2.8821446844164175793424	3.3529506493569982694680	1.3012647967313473174045	1.6387385877256643862410	-254.585833	-248.882051	0.355667	1.000000
-2.7404393805817610640929	1.1352600894727098435055	1.0662078095714484504697	0.2825452558637285838117	-255.452372	-249.748590	0.355667	1.000000
-2.8658366192294764118742	2.3548869684848567906954	1.0759533722118390652867	0.2061116479287333769221	-254.694490	-248.990708	0.355667	1.000000
-2.8179347286888360990531	2.4104636168835784637565	1.4328725736379235300433	0.6813583490402764786253	-254.883985	-249.180203	0.355667	1.000000
-2.8495663874340255716788	1.3497577945531149534730	1.6107163223599885171211	0.7707271552503534017831	-254.478207	-248.774425	0.355667	1.000000
-2.8495663874340255716788	1.3497577945531149534730	1.6107163223599885171211	0.2740342668508091161783	-254.478207	-248.774425	0.355667	1.000000
-2.7794832152338595498975	1.3559994885054393876089	1.8613641728316074885896	0.2906108201096494481064	-255.663082	-249.959299	0.355667	1.000000
-2.9440631522756164351051	2.3349918839107166590452	0.7403787196621415267472	0.1170093576887004660492	-255.149830	-249.446048	0.355667	1.000000
-2.7916995000950741712131	0.8550976502854754635052	0.7370594843819912034277	0.0802633594690451979137	-255.435917	-249.732134	0.355667	1.000000
-2.8356356390395389688308	-0.3137551058894880728900	0.7380166311842039084112	0.0908595696564904881098	-254.469022	-248.765239	0.355667	1.000000
-2.8356356390395389688308	-0.3137551058894880728900	0.7380166311842039084112	0.0908595696564904881098	-254.469022	-248.765239	0.355667	1.000000
-2.8356356390395389688308	-0.3137551058894880728900	0.7380166311842039084112	0.0908595696564904881098	-254.469022	-248.765239	0.355667	1.000000
-2.8356356390395389688308	-1.8687229846265851485043	0.7380166311842039084112	0.0908595696564904881098	-254.469022	-248.765239	0.355667	1.000000
-2.8356356390395389688308	-1.8687229846265851485043	0.7380166311842039084112	0.0908595696564904881098	-254.469022	-248.765239	0.355667	1.000000
-2.8352589762710356247055	-1.8786411818581614241452	0.7114794717216995634246	0.4942601139370088603187	-254.470679	-248.766896	0.355667	1.000000
-2.8286544141021812137637	-1.9351778252642561906072	0.7435993039141263194480	0.0019532385772162985660	-254.528838	-248.825055	0.355667	1.000000
-2.8285701686766873130807	-1.9373961563969754884340	1.7046745077782974320257	0.0921789081660820824871	-254.528739	-248.824956	0.355667	1.000000
-2.8285701686766873130807	-1.9373961563969754884340	2.2523593465960107806723	0.0921789081660820824871	-254.528739	-248.824956	0.355667	1.000000
-2.8285701686766873130807	-0.6903371025116153969492	2.2523593465960107806723	0.0921789081660820824871	-254.528739	-248.824956	0.355667	1.000000
-2.8282624141376864201902	-0.6984408241214130619312	2.2306770037692014163611	0.4217797047385339892500	-254.533444	-248.829662	0.355667	1.000000
-2.8282624141376864201902	-1.9111519224205242295511	2.2306770037692014163611	0.4217797047385339892500	-254.533444	-248.829662	0.355667	1.000000
-2.9523183569045809981901	-0.7062078841263565998077	2.2333795568784973184506	0.4516986479169787793708	-254.955845	-249.252063	0.355667	1.000000
-2.9899206775291813364959	-1.8016906413186419833039	2.4043035305799058676257	0.5672039347593874625275	-255.200197	-249.496415	0.355667	1.000000
-2.7268014991787414835755	-1.7186910129789714218873	1.8899337657537000900732	0.4723018054563525858214	-255.267081	-249.563299	0.355667	1.000000
-2.7253899264417853487430	-1.7324014900111741610544	1.8899030147053894612696	0.4719613722327013483060	-255.324729	-249.620947	0.355667	1.000000
-2.9099774318417912510881	0.1658444624667038125310	2.2650175326796948560570	0.3387775199936796655109	-254.832375	-249.128592	0.355667	1.000000
-2.9609469627148699011343	-0.7718570898465404450661	2.6765588823721357947250	0.1092969182520508730772	-254.920916	-249.217133	0.355667	1.000000
-2.8986322238322097533114	-1.3763928045317190829167	2.6782597522542874735052	0.0477517329912709523332	-254.587747	-248.883964	0.355667	1.000000
-3.1305918470732785330313	0.8601885048868883609785	1.4525363720018857893734	1.1621880345636144138410	-256.295677	-250.591894	0.355667	1.000000
-2.8105246184867520575779	-0.8834023615328479017705	1.7345438923862848135116	0.6393447114648649343138	-255.036324	-249.332542	0.355667	1.000000
-2.8364907025035881460440	0.7069952082414548977241	1.6020811895298345817196	1.2059205024518626636620	-254.386296	-248.682513	0.355667	1.000000
-2.8405856623609819777698	0.2658379219789257508211	1.4820081491974050891258	1.3169414599577042856993	-254.406416	-248.702634	0.355667	1.000000
-3.0904356643303123597377	0.2435859719412456214638	0.5884360695107206939980	0.5253795508180922890773	-256.271292	-250.567510	0.355667	1.000000
-3.0797454417719651864616	0.2445380563774475490835	0.6266689465508750167544	0.5279080756839641397349	-256.222807	-250.519024	0.355667	1.000000
-2.7806165328863108321400	-0.0185929193257911573589	0.8114058882469550315619	1.4152245789272208664755	-255.623885	-249.920103	0.355667	1.000000
-2.9055764743918990333782	-0.3158101674907516365209	0.8055920178940503273424	1.3691531055260341975810	-254.725504	-249.021722	0.355667	1.000000
-2.8965517916103236117920	-0.4034660868495564267633	0.8053954155873185305481	1.3669765957569470771205	-254.561588	-248.857805	0.355667	1.000000
-2.8179563289693656535917	-0.8225258036624726321051	0.9895294828458052194264	0.3741805280818669698917	-254.880420	-249.176637	0.355667	1.000000
-2.8179563289693656535917	0.2228543103356810384241	0.9895294828458052194264	0.3741805280818669698917	-254.880420	-249.176637	0.355667	1.000000
-2.8179563289693656535917	0.2228543103356810384241	0.9895294828458052194264	0.3741805280818669698917	-254.880420	-249.176637	0.355667	1.000000
-2.8890741953825305188275	0.3890452314187302640391	1.8624565945895761309714	1.3785831181289007751900	-254.607338	-248.903555	0.355667	1.000000
-2.8422622784159474740306	0.6135881729927938899039	2.2472367254002931780121	1.5952871191892517011013	-254.344113	-248.640331	0.355667	1.000000
-2.7976431103280927636945	0.2749200133041138638390	1.3925073589087864078806	1.0695270672239229892142	-255.364312	-249.660530	0.355667	1.000000
-2.7920212847077792162054	-0.7485540732256524831811	1.4037768747042618233678	0.8733137941477865373585	-255.433073	-249.729291	0.355667	1.000000
-2.8024043746520947983925	1.5646797912452299339492	1.7110462747135275485277	0.1252093108134162413592	-255.243274	-249.539492	0.355667	1.000000
-2.8003947807598015273811	2.2416136795406584880652	1.3104542152128526577570	1.6823134472168446151841	-255.299452	-249.595670	0.355667	1.000000
-3.0940792358586000077025	2.1695941374972256276976	1.5977347304383004988892	1.5975715720406709063894	-256.245835	-250.542053	0.355667	1.000000
-3.0755389207762369174759	2.1712453608778292668546	1.6640429464703629935940	1.6019568547091078691835	-256.196235	-250.492453	0.355667	1.000000
-2.9856184264504261882678	0.8234118813894103494633	1.0838013421582641804264	0.2619749589098729902759	-255.205894	-249.502111	0.355667	1.000000
-2.9835343157792841850551	0.1883188983260219440119	1.1110780124313437422501	1.5459688427571529611981	-255.180970	-249.477188	0.355667	1.000000
-3.1923466574656917948971	0.4716523400577711799819	0.6896120120565600863927	1.5286224229931566487295	-256.579692	-250.875909	0.355667	1.000000
-2.6925419017149430089830	0.0744066626534317099306	2.4745409433364855544824	0.9814185086422893000702	-256.168676	-250.464893	0.355667	1.000000
-2.6925419017149430089830	0.0744066626534317099306	2.4745409433364855544824	0.9814185086422893000702	-256.168676	-250.464893	0.355667	1.000000
-3.0386765062530591841039	3.4284943309438524750021	2.4486596804818931971681	1.5732246053837548593890	-255.956800	-250.253017	0.355667	1.000000
-3.0599395412690273410306	3.6350202474545461051036	2.4491228947392178483256	1.5201724456869707413631	-255.992181	-250.288399	0.355667	1.000000
-2.7596995821426220096839	3.6020654924875215030511	2.1717198507241555205383	1.3446464188049518373447	-255.813114	-250.109331	0.355667	1.000000
-2.6953920872128032115711	2.9930239429399088102457	2.2363107659670737881186	0.3254359661721668572909	-256.101685	-250.397902	0.355667	1.000000
-2.6939565049527836038123	3.3978148146403812646099	2.2156361548558671792364	1.7709776837251129943951	-256.120813	-250.417030	0.355667	1.000000
-2.6880490066842517293821	1.1882074445925947525637	2.6513972613676255463133	1.4835965640786852315358	-256.283721	-250.579938	0.355667	1.000000
-2.6876107126726660467853	1.1766663876689160694866	2.4148888889420452308343	1.9530033056347364528449	-256.337784	-250.634002	0.355667	1.000000
-2.6876406988010987930693	3.1747192071147818381860	2.4170015125895631946662	1.9208885824868904279583	-256.337784	-250.634002	0.355667	1.000000
-3.2139287979199995248791	1.0626365635406354037684	2.5829618922234285349759	1.4841866956663543053452	-257.503156	-251.799373	0.355667	1.000000
-3.2139287979199995248791	1.0626365635406354037684	2.5829618922234285349759	1.4841866956663543053452	-257.503156	-251.799373	0.355667	1.000000
-2.9139161137592188843826	-1.6157565456565554651291	2.7246040295909677020347	0.3878580468384438817431	-254.943818	-249.240035	0.355667	1.000000
-2.9151185998706301560901	2.3091942340823301549335	2.7246302256965857502280	0.3881480540145433311139	-254.977288	-249.273506	0.355667	1.000000
-2.9151185998706301560901	2.3091942340823301549335	2.7246302256965857502280	0.3881480540145433311139	-254.977288	-249.273506	0.355667	1.000000
-2.7295244898820119061611	-0.3056583209266366396584	2.7282140720732330763099	0.1921736593554213279322	-255.262293	-249.558511	0.355667	1.000000
-2.7295244898820119061611	-0.3056583209266366396584	2.7282140720732330763099	0.1921736593554213279322	-255.262293	-249.558511	0.355667	1.000000
-2.7295244898820119061611	-0.3056583209266366396584	2.7282140720732330763099	0.1921736593554213279322	-255.262293	-249.558511	0.355667	1.000000
-2.7281433281433495885437	-0.3420267535890856858138	2.6309065801540194584618	1.6713785176691595690812	-255.296624	-249.592842	0.355667	1.000000
-2.7281433281433495885437	-0.3420267535890856858138	2.6309065801540194584618	1.6713785176691595690812	-255.296624	-249.592842	0.355667	1.000000
-2.7896060886124076638737	-1.4546028688174734710969	2.1771693853676779006889	1.5178479206946544621815	-255.420311	-249.716529	0.355667	1.000000
-2.7894004415434476840119	-1.4600179200532170664673	2.1626808573836742155549	1.8692984931615490573620	-255.419567	-249.715784	0.355667	1.000000
-2.8532041600703204053957	3.7136646247598132930534	2.6822492708134677563692	1.3949637503247234171511	-254.501841	-248.798059	0.355667	1.000000
-2.8532041600703204053957	3.7136646247598132930534	2.6822492708134677563692	1.3949637503247234171511	-254.501841	-248.798059	0.355667	1.000000
-2.7955144062304961849463	3.1533293162726452329991	2.6809925021320406557379	0.7111748498367483906080	-255.356012	-249.652230	0.355667	1.000000
-2.8733885969179926433981	3.9097142158030089298393	2.6826889878584183612986	0.7299560015839450244357	-254.621610	-248.917828	0.355667	1.000000
-2.8733885969179926433981	3.9097142158030089298393	2.6826889878584183612986	0.7299560015839450244357	-254.621610	-248.917828	0.355667	1.000000
-3.0523626737776972106531	2.0195036260344649825527	2.6659015783484245609714	1.0205900357258022026485	-255.850900	-250.147118	0.355667	1.000000
-3.0523626737776972106531	2.0195036260344649825527	2.6659015783484245609714	1.0205900357258022026485	-255.850900	-250.147118	0.355667	1.000000
-2.9276244511702054218460	1.5006238993938436632192	2.9174651749194762118123	1.0242649131785772631531	-255.262062	-249.558280	0.355667	1.000000
-2.9809734369794504971196	1.4826724749154513993687	2.6896800498988673311374	1.5466030345009265101197	-255.089509	-249.385727	0.355667	1.000000
-3.1406774393327641092810	1.9334700080009734612929	2.3956430979266682967932	1.8349486853721677093176	-256.456099	-250.752317	0.355667	1.000000
-3.1613919760340927211928	-1.9218486250943753734788	2.3297689189853145741438	1.7113016838523793516913	-256.610897	-250.907115	0.355667	1.000000
-3.1616353578839460070071	-1.9154399503027979001502	2.3469159892559061653117	0.3049785298180672232782	-256.602663	-250.898881	0.355667	1.000000
-3.1616353578839460070071	-1.9154399503027979001502	2.3469159892559061653117	0.3049785298180672232782	-256.602663	-250.898881	0.355667	1.000000
-3.1616353578839460070071	-1.9154399503027979001502	2.3469159892559061653117	0.3049785298180672232782	-256.602663	-250.898881	0.355667	1.000000
-2.7855037347021096572064	-1.8763203719217360632143	2.2411919503380608453824	0.2986342281045995528110	-255.537725	-249.833942	0.355667	1.000000
-2.9531641239704433665736	-1.7643152269207915683324	2.2521233738633683607588	0.1152998754789746060911	-254.954258	-249.250476	0.355667	1.000000
-2.9531641239704433665736	-1.7643152269207915683324	2.2521233738633683607588	0.1152998754789746060911	-254.954258	-249.250476	0.355667	1.000000
-2.8905238210163233247840	-0.2369608322363167263180	2.7566695915086447676856	0.4073051272713552051208	-254.566724	-248.862941	0.355667	1.000000
-2.8905238210163233247840	-0.2369608322363167263180	2.7566695915086447676856	0.4073051272713552051208	-254.566724	-248.862941	0.355667	1.000000
-2.9551156364077959537440	0.3904135695268997618967	2.7580767212891927897545	0.4228829287969244621337	-254.918524	-249.214742	0.355667	1.000000
-2.9561029981709743275076	0.3903256338677035253149	2.1062898054131862224381	0.4226493912109499095919	-254.919519	-249.215736	0.355667	1.000000
-2.9561029981709743275076	0.3903256338677035253149	2.1062898054131862224381	0.4226493912109499095919	-254.919519	-249.215736	0.355667	1.000000
-2.8491000238471744232527	-1.4375202247711864611546	2.8042879316288198410234	0.3598822006097374126554	-254.399534	-248.695752	0.355667	1.000000
-2.8491000238471744232527	-1.4375202247711864611546	2.8042879316288198410234	0.3598822006097374126554	-254.399534	-248.695752	0.363250	1.000000
-2.9908259175688001185733	-0.6973994357073897143451	2.8711538386074360040823	0.3782332756492501335543	-255.214781	-249.510999	0.363250	1.000000
-2.8911662733121050727902	3.3587801448370533385912	2.6224694463207440797703	0.2996977227378910813016	-254.590076	-248.886293	0.363250	1.000000
-2.7431415107195551428276	-1.2314880486428192440940	2.6082487956503586090662	0.3666424502064449808536	-255.523887	-249.820104	0.363250	1.000000
-2.9618974178672101693621	-0.3479847078803330329144	2.9718838508048364133174	0.7622424616235039529499	-254.940722	-249.236939	0.363250	1.000000
-2.8563332552813016640414	-0.3974887355726751114737	0.8665432944181395980010	1.5678299514700153594049	-254.566771	-248.862989	0.363250	1.000000
-2.9192345174452394296338	-1.3581380067158168589714	1.1351963374085416447201	1.5858474119729832896297	-255.101467	-249.397685	0.363250	1.000000
-2.9170129396774204799669	-0.8875632130227543159506	0.8886448427351896217630	1.9418147547619875048497	-255.043938	-249.340156	0.363250	1.000000
-2.9635878771464865266694	-0.8911293932068458101270	0.7466044808816824085440	1.9319796492042005109369	-254.932160	-249.228378	0.363250	1.000000
-2.9630193735607188720849	-0.8763080534695846246507	0.7765187986998753899570	1.4918853269728784560755	-254.974273	-249.270491	0.363250	1.000000
-2.9778521382944096451695	0.0587703036070008622005	1.7202841403165840539202	1.4104358867566648694236	-255.032783	-249.329000	0.363250	1.000000
-2.8124522220477614631307	0.0600647467526494033274	2.2030249869874958257299	1.7840626434216704243596	-255.011537	-249.307754	0.363250	1.000000
-2.8124522220477614631307	0.0600647467526494033274	2.2030249869874958257299	1.7840626434216704243596	-255.011537	-249.307754	0.363250	1.000000
-2.9665506614229291137974	-0.1003731798740957886773	1.9527810140224914903229	1.1446247087809728881780	-254.959259	-249.255476	0.363250	1.000000
-2.8234480279772991018206	-0.1081256989498927123527	1.3304186276598626292866	1.4764360192717700392961	-254.710892	-249.007109	0.363250	1.000000
-2.8225537424564652866366	-0.0848109655722807942446	1.3774753955680243411308	0.3770251568898501659532	-254.688883	-248.985101	0.363250	1.000000
-2.7481474988850944640717	-0.1060576951236467252437	1.7456840358336180862864	0.3006693238078800289870	-255.617665	-249.913883	0.363250	1.000000
-2.9319119896120526824745	-0.1525450341804388820766	1.1388483896682708440551	0.0065364822316940039693	-255.179437	-249.475655	0.363250	1.000000
-2.9420691652304400420803	0.1532238078217138532722	1.1360637817002381400044	0.0068906781243531292636	-255.170795	-249.467012	0.363250	1.000000
-2.8445967325153649341019	0.8286365931348961266778	1.5601748038052822842303	0.6755689065628600609159	-254.344613	-248.640831	0.363250	1.000000
-2.9405198460208761268575	1.9020316416711477991441	1.0954618779995879407352	0.6553130780416759337825	-255.143220	-249.439438	0.363250	1.000000
-2.7042809659754198925441	-0.5650109382477599417882	1.0857164971453794333200	0.5718716471074812845998	-255.816961	-250.113179	0.363250	1.000000
-3.0232817814251315979845	1.4018102328462029859679	0.7316179049472977258262	1.1430260206982589821223	-255.803049	-250.099267	0.363250	1.000000
-2.7643627593217336979592	0.6464944746183406421025	0.6415150642857900820104	0.9917707325962873410319	-255.726466	-250.022683	0.363250	1.000000
-2.9183808059134395129774	0.8549295170984859693064	0.8561579675657009502743	0.7174008217303514678420	-255.077241	-249.373459	0.363250	1.000000
-2.9183808059134395129774	1.0590303874436854947305	0.8561579675657009502743	0.7174008217303514678420	-255.077241	-249.373459	0.363250	1.000000
-2.9183808059134395129774	1.0590303874436854947305	0.8561579675657009502743	0.7174008217303514678420	-255.077241	-249.373459	0.363250	1.000000
-2.8344785075668652574166	0.1828387015779612267963	1.9960745708752969385102	0.6877658698910996681875	-254.428805	-248.725022	0.363250	1.000000
-2.9892221656001760621280	-0.2367045242897105605806	1.4004777089626554431590	1.4016885025664966857306	-255.232358	-249.528576	0.363250	1.000000
-2.8353432460567224993042	-1.8427281225232108319290	2.8810680693462877854927	1.4028816006301114693855	-254.469011	-248.765229	0.363250	1.000000
-2.9862662924883931481190	-1.8439545430116621727024	2.4404934841446817017641	1.0633057753899688435695	-255.215682	-249.511899	0.363250	1.000000
-2.9924571031960272016192	-1.8444285650430107814657	2.4216132657082551915551	0.9699667795951050219827	-255.220136	-249.516354	0.363250	1.000000
-3.1727833090832362472611	-1.8436181460103331364309	2.4171673261777826269281	1.8252464429205754736785	-256.396395	-250.692613	0.363250	1.000000
-3.1711869940350427832243	2.9433478220704478722780	1.9010912907319901243852	0.5894948895621132667344	-256.449553	-250.745770	0.363250	1.000000
-2.9452648300349570931189	3.2178471454464205869783	2.4824515328283176529567	0.9580390161999873255283	-255.148467	-249.444684	0.363250	1.000000
-2.7402247680684821418140	1.0680870899479577573743	2.4616958199517702254866	1.0663095992642690479357	-255.442072	-249.738289	0.363250	1.000000
-2.7597692133575870698792	1.0413367459805717984977	2.3539329702727398441198	1.8144663487584131722485	-255.811031	-250.107248	0.363250	1.000000
-2.9286333950255127867024	2.8047853634044872528364	2.3608989945049554393108	1.8741105061858116531681	-255.227876	-249.524093	0.363250	1.000000
-2.9287015034521273193491	2.8030097226607897376027	2.3573151699331207353794	1.9268351197144650832627	-255.230278	-249.526495	0.363250	1.000000
-2.9610395274761982520317	3.1407157014669575545440	0.6854869547389498274370	1.9382571642044899018487	-254.920916	-249.217133	0.363250	1.000000
-2.9710557144118361350138	3.2453147397535073714891	0.6859001447963017916720	1.9417949602279607201893	-254.995857	-249.292075	0.363250	1.000000
-2.9710557144118361350138	3.4891320708242101744645	0.6859001447963017916720	1.9417949602279607201893	-254.995857	-249.292075	0.363250	1.000000
-2.9709731459200292569278	-0.6905980775187252618252	0.6902448493285530117802	1.8778764109888532729542	-254.991077	-249.287295	0.363250	1.000000
-3.0029729632263442162809	-0.6724480718309335802729	0.6319380005589494420093	1.2574626089674867390755	-255.496587	-249.792804	0.363250	1.000000
-3.0029729632263442162809	-0.6466163146191161725795	0.6319380005589494420093	1.2574626089674867390755	-255.496587	-249.792804	0.363250	1.000000
-3.0029729632263442162809	0.6861366750538131498161	0.6319380005589494420093	1.2574626089674867390755	-255.496587	-249.792804	0.363250	1.000000
-3.0029729632263442162809	-1.1043283349740184995369	2.8242601038840748906011	1.2574626089674867390755	-255.496587	-249.792804	0.363250	1.000000
-3.0977278758937845104526	3.7900744077714816349101	2.1877522920614107526660	1.5299934414439719798651	-256.234398	-250.530615	0.363250	1.000000
-3.1219760378348841989293	3.7882177586955183556938	2.1138022690756841370785	1.5248730216381178870222	-256.194369	-250.490586	0.363250	1.000000
-2.9735954606591685767114	2.1077924933483549452262	1.7298317460684820012773	0.5733960705733442964060	-254.998608	-249.294826	0.363250	1.000000
-2.9588794585512943058347	1.8897564559387551863523	1.4616082445229912067930	0.5140532995166966490075	-254.917917	-249.214134	0.363250	1.000000
-2.7778720497153783774991	1.9036159492551576466468	2.0136295513963586856221	0.5522761521791420546990	-255.669968	-249.966186	0.363250	1.000000
-2.9596187473636224041229	-0.5829999628518303111946	0.7521844604727705441150	0.0226131267840144895009	-254.943937	-249.240155	0.363250	1.000000
-2.9596187473636224041229	-0.5829999628518303111946	0.7521844604727705441150	1.9188881940410480453352	-254.943937	-249.240155	0.363250	1.000000
-2.8231241317418556135976	-1.9996807971890149246974	0.7591477460334192794988	1.6856261658811151349369	-254.692232	-248.988450	0.363250	1.000000
-2.8228660260894309352864	-1.9929517779559524637278	2.1210733460644393133521	1.4858194539945277501403	-254.690101	-248.986318	0.363250	1.000000
-2.8228660260894309352864	-1.9929517779559524637278	2.1210733460644393133521	1.4858194539945277501403	-254.690101	-248.986318	0.363250	1.000000
-2.9479193802503349530753	3.7065143581319697219101	2.1262320759194053287899	1.5299892824846503813774	-255.080563	-249.376781	0.363250	1.000000
-2.7677944881447547054165	2.3153825372572081064959	2.5661523300357078625211	1.5132744079189888175563	-255.704717	-250.000935	0.363250	1.000000
-2.8642919741532812949458	2.3676632286727374854252	2.7645537324691322744741	1.9871022280127512704695	-254.720558	-249.016775	0.363250	1.000000
-2.8635681468046123576698	-1.4648361389907507135177	2.8026410935617382946816	1.4267674924020943283409	-254.677157	-248.973375	0.363250	1.000000
-2.8503303746586987621470	1.0899430559827296693953	2.8430125475650576127862	1.4295628775057558357275	-254.440447	-248.736665	0.363250	1.000000
-2.8509480068602419677859	1.0898957647175580021326	2.8411289443619867078894	1.4294324537579601308579	-254.447408	-248.743626	0.363250	1.000000
-2.8505631017607182542406	1.0999305461850215070996	2.8613824199165041051174	1.1314667889159193414628	-254.446959	-248.743176	0.363250	1.000000
-2.8505631017607182542406	1.0999305461850215070996	2.8613824199165041051174	1.1314667889159193414628	-254.446959	-248.743176	0.363250	1.000000
-2.8746833977885701827404	1.2721282570088150443155	2.8810094325464601361375	1.0872879556530263833736	-254.596493	-248.892711	0.363250	1.000000
-2.8742637779440518563945	1.2830680794335154182306	2.9030895771682279082881	0.7624486482302532674993	-254.596402	-248.892620	0.363250	1.000000
-3.1085757266127691522684	1.2962587231953002220308	2.6307941150982414590942	0.9957243774961009874502	-255.996925	-250.293143	0.363250	1.000000
-3.1079876873473932796799	1.3115893736066146502139	2.6617363886641540737799	0.5405069462964904314362	-256.021003	-250.317220	0.363250	1.000000
-2.6960107271659432548461	3.6094642719365439553769	2.4753126371966089891430	0.5955459304723234037482	-256.087005	-250.383222	0.363250	1.000000
-2.6962034724518559869466	3.6044392493390016163346	2.4651704958186217986338	0.7447553780300748549337	-256.089425	-250.385643	0.363250	1.000000
-3.0125907249882959426657	3.9797783811872187165193	0.6607817632785786265970	1.1010534071977884362781	-255.619559	-249.915777	0.363250	1.000000
-2.7644807841720133723129	2.0638675712435610165585	1.2207782896903869307437	1.5987303290906498265400	-255.723970	-250.020188	0.363250	1.000000
-2.7492658542486583250763	2.0650325579197330583270	1.2671795146694759814920	1.6019432253387644315978	-255.633842	-249.930059	0.363250	1.000000
-2.7482164188261215542752	2.0923921723867766608862	0.6788691793219926440273	0.7895462896479261694083	-255.614757	-249.910975	0.363250	1.000000
-2.8945423690260563276411	1.4298402771116502929516	1.1926601286051474737349	0.1893294085863037046202	-254.577984	-248.874202	0.363250	1.000000
-2.8434365697288992436143	2.8345832633483940554697	0.8999528620218077978876	0.2573452934684074544514	-254.349954	-248.646172	0.363250	1.000000
-2.8434365697288992436143	2.8345832633483940554697	0.8999528620218077978876	0.2573452934684074544514	-254.349954	-248.646172	0.363250	1.000000
-2.8446797637124778823647	-1.0786886619858739866373	0.8345367400034722216162	1.2197360809712440854469	-254.344613	-248.640831	0.363250	1.000000
-2.8600527757980547249872	-0.8907675360377212969709	0.7799969266235746712113	1.1513434475509687349160	-254.619329	-248.915547	0.363250	1.000000
-2.8594937963573316963561	1.1986877409200509259080	0.7817016555259318488780	1.1514614857514020584972	-254.631610	-248.927827	0.363250	1.000000
-2.8595938281409849501813	0.9363306067333347915138	0.7764380430474109306971	1.2288988513734990792869	-254.614131	-248.910349	0.363250	1.000000
-2.6938091932914085546713	0.9525210903384648819525	0.7276203469420190472761	1.2259494851371899315495	-256.112757	-250.408974	0.363250	1.000000
-2.6938091932914085546713	0.9525210903384648819525	0.7276203469420190472761	1.2259494851371899315495	-256.112757	-250.408974	0.363250	1.000000
-2.6938091932914085546713	0.9525210903384648819525	0.7276203469420190472761	1.2259494851371899315495	-256.112757	-250.408974	0.363250	1.000000
-2.9507202946109170049738	-0.1558826528541538969375	1.6425015291041080711665	1.8081038609321955501485	-255.029252	-249.325469	0.363250	1.000000
-2.9507202946109170049738	-0.1558826528541538969375	1.6425015291041080711665	1.8081038609321955501485	-255.029252	-249.325469	0.363250	1.000000
-2.8619996053484695330837	-0.1221443267340023564049	1.6644171541627281740716	1.0592170518419044000780	-254.686866	-248.983084	0.363250	1.000000
-2.8622060067785692893949	-0.1275253758502309098244	1.6535564346655908796180	1.2189980976637222465087	-254.687172	-248.983389	0.363250	1.000000
-2.7593883732150161769425	-0.0535898348243671329705	1.7380634275475599359595	0.5762653783704656529352	-255.812518	-250.108736	0.363250	1.000000
-2.7589116826934168003049	-0.0411621345476604685865	1.7631465969787294412185	1.6213165377469478389827	-255.771274	-250.067491	0.363250	1.000000
-2.7062488741471062425603	-0.5588559254834863931904	1.8788986857746468039920	1.7940501237679820079052	-255.744320	-250.040538	0.363250	1.000000
-2.7062178097185771719069	-0.5580460511739835371969	1.8805332773781542332614	1.7700022919490279171839	-255.744320	-250.040538	0.363250	1.000000
-2.8487937046838416321748	2.6147609425179259012850	1.5377479748334348386152	1.3743303829968340767920	-254.395090	-248.691308	0.363250	1.000000
-2.8627172323681202570356	2.6136948367705312712417	2.9057496040001953296894	0.7313317749563568170856	-254.668291	-248.964508	0.363250	1.000000
-2.9391919736704430476948	0.8751969128177932155666	1.4310128413208156317182	0.7665710601074979813063	-255.192066	-249.488284	0.363250	1.000000
-2.9190510161359157770278	0.2841542351552692746708	2.5806851772142618273165	0.8646599958264672425301	-255.102751	-249.398969	0.363250	1.000000
-2.7478984839101676662665	-1.4602907171797423480086	2.8117835731012590372302	0.0468656142627019711711	-255.617300	-249.913518	0.363250	1.000000
-2.7478698922793927117425	-1.4595453106705056356418	2.8132880475695820621240	0.0247320434597484428707	-255.617300	-249.913518	0.363250	1.000000
-2.7478698922793927117425	-1.4595453106705056356418	2.8132880475695820621240	0.0247320434597484428707	-255.617300	-249.913518	0.363250	1.000000
-2.7191525263833944414671	-1.4390204957557337639429	2.8283414102836261783125	1.0550521029178283605177	-255.370002	-249.666219	0.368706	1.000000
-2.7191348277950413425685	2.6687024750098391479014	2.8012608933194766969166	1.6151601712347263273273	-255.372519	-249.668736	0.368706	1.000000
-2.8798168674719577531107	1.6418892001302802796658	2.6502429228576236397430	1.8601459381574356743982	-254.576764	-248.872981	0.368706	1.000000
-2.8798168674719577531107	1.6418892001302802796658	1.4024211876839707269227	1.8601459381574356743982	-254.576764	-248.872981	0.368706	1.000000
-2.8798168674719577531107	1.6418892001302802796658	1.4024211876839707269227	1.8601459381574356743982	-254.576764	-248.872981	0.368706	1.000000
-3.1105949648459998435612	1.6242194502968152480804	0.8637723089218259930888	1.8335544634913278905231	-256.016113	-250.312331	0.368706	1.000000
-2.9502857435116225381933	1.6702015609133491480520	1.2898321023012255803764	0.7804374550465091875395	-255.021861	-249.318079	0.368706	1.000000
-2.7522135720776867984227	3.0150914664907597639854	0.6553438840577544555188	0.7687950107315805192698	-255.706349	-250.002567	0.368706	1.000000
-2.8192099276434459120821	3.1569474676800552970235	1.2141845608783456977875	1.6825518604999007976630	-254.783994	-249.080212	0.368706	1.000000
-2.8680951989635965482250	3.7158476416635122241416	1.2486075357520931561339	1.0381395672421840359334	-254.687879	-248.984097	0.368706	1.000000
-3.0643975825771008203446	3.7008175584379729983198	0.7904268850104785304467	1.0155205669117732814044	-256.049458	-250.345675	0.368706	1.000000
-3.1512198576995000820489	3.6850375235833783271744	0.8160180554176129641419	1.2611200895658152276724	-256.526882	-250.823100	0.368706	1.000000
-2.8507042852970654323030	0.0586636154783998220452	2.1743392568264634512332	1.1765812007023623841917	-254.446959	-248.743176	0.368706	1.000000
-3.1673873119724533786723	-1.7180582095945378107160	2.1154164322349675586565	1.6206158314376315487948	-256.486175	-250.782393	0.368706	1.000000
-3.1673873119724533786723	-1.7180582095945378107160	2.1154164322349675586565	1.6206158314376315487948	-256.486175	-250.782393	0.368706	1.000000
-2.9450304926018340268001	0.9818285135914823769099	1.8677257229168238161776	1.5321803916531337996787	-255.148467	-249.444684	0.368706	1.000000
-2.9450750664326217354017	1.0261977015834502502400	1.9359279069964543396054	0.1215502463568991498022	-255.148467	-249.444684	0.368706	1.000000
-3.0916778419865034166492	-0.3140397023823174871282	2.9582794475252116583874	0.5056498626575485211276	-256.206634	-250.502852	0.368706	1.000000
-3.0916800579600529630397	-0.3118339025830199617850	2.9616700969998364101343	0.8661120190274267383046	-256.206634	-250.502852	0.368706	1.000000
-3.0916511877611063674465	-1.9663950874387439160529	2.9174959574168251030812	1.7797685797259061857289	-256.206401	-250.502619	0.368706	1.000000
-3.0916511877611063674465	-1.9663950874387439160529	2.9174959574168251030812	1.1091382025378548892292	-256.206401	-250.502619	0.368706	1.000000
-3.0916511877611063674465	-1.9663950874387439160529	2.9174959574168251030812	0.4772126118341533107525	-256.206401	-250.502619	0.368706	1.000000
-3.0916511877611063674465	-1.8606029834407791234696	2.9174959574168251030812	0.4772126118341533107525	-256.206401	-250.502619	0.368706	1.000000
-2.6982667176704628886341	-1.8254509414177750858954	2.7555597434484844221458	0.5184487303479395903238	-256.017186	-250.313404	0.368706	1.000000
-2.7390054368312872767888	2.2685438065251228856312	1.6347189594208053620150	0.1104073647380847539301	-255.391106	-249.687323	0.368706	1.000000
-2.9671413854375616736547	-1.4293390405504600160214	1.1286910710897670728770	0.2273847671874341669351	-254.971965	-249.268182	0.368706	1.000000
-2.8896740429412455242186	-0.0957265202264142023303	1.3829656557285197049367	0.1595643523379692840791	-254.614030	-248.910248	0.368706	1.000000
-2.8896740429412455242186	-0.0957265202264142023303	1.3829656557285197049367	0.1595643523379692840791	-254.614030	-248.910248	0.368706	1.000000
-2.9559095295979442852286	-0.1007979047843030051546	1.2283683562973266578666	0.1519323487576025311085	-254.913176	-249.209393	0.368706	1.000000
-2.9559095295979442852286	2.3608587163691829857726	1.2283683562973266578666	0.1519323487576025311085	-254.913176	-249.209393	0.368706	1.000000
-2.8368009524560426903861	2.3353120396865008068232	1.2088033061759568820293	0.1487060005637015347446	-254.389356	-248.685574	0.368706	1.000000
-2.8368009524560426903861	2.3353120396865008068232	1.2088033061759568820293	0.1487060005637015347446	-254.389356	-248.685574	0.368706	1.000000
-2.8368009524560426903861	-0.7494757589388281182607	1.2088033061759568820293	0.1487060005637015347446	-254.389356	-248.685574	0.368706	1.000000
-2.8405083064902587608458	-0.7086503287766923175894	1.2089886096112054669760	0.1499991776177807822901	-254.359820	-248.656037	0.368706	1.000000
-2.8405083064902587608458	-0.7086503287766923175894	1.2089886096112054669760	0.1499991776177807822901	-254.359820	-248.656037	0.368706	1.000000
-2.7311148830922640229346	-0.6856381282770982465991	1.2923758050764717619785	1.6538187470997975925258	-255.286522	-249.582739	0.368706	1.000000
-2.8659969789133201700793	-0.6959655073364230393196	0.9775535125547371029242	1.6382769176335296723579	-254.694129	-248.990347	0.368706	1.000000
-3.0966293533548006067235	1.8202981687725336978900	0.9526126895617366141522	1.4693602956291460515104	-256.247196	-250.543413	0.368706	1.000000
-2.9371068657069749896493	3.1441371444257164569080	1.2572237514246917822192	1.0756006441630534542497	-255.199851	-249.496068	0.368706	1.000000
-2.9086753383149099860816	3.1463140320165123853258	1.3235845132365424703380	1.0788766753331149317319	-254.833735	-249.129952	0.368706	1.000000
-2.9800312988550006210176	3.1224641986103685020737	1.3936791901481504485361	1.0460971222368189437191	-255.128691	-249.424909	0.368706	1.000000
-2.9800312988550006210176	3.1224641986103685020737	1.3936791901481504485361	1.7277737073248695676142	-255.128691	-249.424909	0.368706	1.000000
-2.8915641674056891119449	2.2054014103852708217346	1.6001663815441347082924	1.7379673587653039490419	-254.585128	-248.881346	0.368706	1.000000
-2.8915641674056891119449	2.2054014103852708217346	2.1092340345078035568349	1.7379673587653039490419	-254.585128	-248.881346	0.368706	1.000000
-2.8597658508399974586212	3.0007552517274747039266	2.3043409745041132374865	1.7154635889431428807939	-254.614113	-248.910330	0.368706	1.000000
-2.8597658508399974586212	3.0007552517274747039266	2.3043409745041132374865	1.7154635889431428807939	-254.614113	-248.910330	0.368706	1.000000
-3.1098257899968420048253	2.1794029722330905407546	1.9085252135448107502214	0.3764137438635317689517	-256.064158	-250.360376	0.368706	1.000000
-3.1098257899968420048253	2.1794029722330905407546	1.9085252135448107502214	0.3764137438635317689517	-256.064158	-250.360376	0.368706	1.000000
-2.9753560631400328695406	2.5112430549876432195333	2.2223850140330485558593	0.3919080579936795594165	-255.008155	-249.304373	0.368706	1.000000
-2.8911087342268642075283	1.5375155488615221965887	2.7566864763117133740877	0.2917506445213740029487	-254.584003	-248.880220	0.368706	1.000000
-2.9553654537767881649302	0.3821733370145765085191	2.1843435768173353750399	0.6572033061334240366946	-254.914744	-249.210962	0.368706	1.000000
-3.0023743021713831247155	1.4680177530955833553605	1.7234320354992032076069	0.4627854638157105626739	-255.486072	-249.782290	0.368706	1.000000
-2.9829093845856573530284	1.2657332809719175070740	1.7412093064728642044514	0.0681677211921907222347	-255.172478	-249.468696	0.368706	1.000000
-3.1341982364081859557814	2.5164925407357459086199	1.8984196767141952033597	0.2383522853488257708943	-256.360879	-250.657097	0.368706	1.000000
-2.7193152506372513244060	0.4530094328751445575953	2.0658008772719544943186	0.1631346945226115618954	-255.370002	-249.666219	0.368706	1.000000
-3.0549735014066947691447	3.5826875701403801954825	2.3759282193590647302983	0.3593669326269471331337	-255.878522	-250.174740	0.368706	1.000000
-3.0566441555656451711798	-1.0113514024800034363238	2.4070709257166611472201	0.6944244835062232112932	-255.926898	-250.223115	0.368706	1.000000
-3.0934936296429236257666	-0.5739231331999019580792	1.4876721864192026245632	1.6209142585545264214630	-256.273978	-250.570196	0.368706	1.000000
-3.0934936296429236257666	-0.5739231331999019580792	1.4876721864192026245632	0.6410383361654363731930	-256.273978	-250.570196	0.368706	1.000000
-3.0935123598881602013932	3.4630415017279241318704	1.5163312361557810259427	0.0482813733274146672514	-256.274339	-250.570557	0.368706	1.000000
-3.1207170958243732883375	2.7014904494404889945258	1.2895486656171635253543	0.0133641726910218722191	-256.188238	-250.484455	0.368706	1.000000
-3.1225521804912665935205	2.7013191774161553482259	1.2903388824985473348761	1.7181655657181480467699	-256.193391	-250.489608	0.368706	1.000000
-2.8545304939646345410154	-0.2251940311239053471581	1.9267697676160491226938	1.8374184326781375364845	-254.507448	-248.803666	0.368706	1.000000
-2.8545445356660108515712	-0.2112167965653939660786	1.9482549010482033136071	1.3930400406354044307022	-254.507448	-248.803666	0.368706	1.000000
-3.0948058693730109425246	-1.3909195306379111833905	2.3534719565546393660327	1.0781102612699557941056	-256.229040	-250.525258	0.368706	1.000000
-3.0948058693730109425246	-1.3909195306379111833905	2.3534719565546393660327	1.0781102612699557941056	-256.229040	-250.525258	0.368706	1.000000
-3.0945769815353387777179	-1.2565327269924537745283	2.1758036449162463377149	1.1231184894901464765837	-256.238664	-250.534882	0.368706	1.000000
-3.0945769815353387777179	-1.2565327269924537745283	2.1758036449162463377149	1.1231184894901464765837	-256.238664	-250.534882	0.368706	1.000000
-3.0945769815353387777179	-1.2565327269924537745283	2.1758036449162463377149	0.0065661030331949366001	-256.238664	-250.534882	0.368706	1.000000
-3.2000744004939569720136	-0.0947937966850997959511	2.1810766870812177131711	0.0433650815506927342358	-256.816004	-251.112221	0.368706	1.000000
-3.2000744004939569720136	-0.0947937966850997959511	2.1810766870812177131711	0.0117813406426787725678	-256.816004	-251.112221	0.368706	1.000000
-3.2000744004939569720136	-0.0947937966850997959511	2.1810766870812177131711	0.0117813406426787725678	-256.816004	-251.112221	0.368706	1.000000
-3.2000744004939569720136	2.1776246743943294958967	2.1810766870812177131711	0.0117813406426787725678	-256.816004	-251.112221	0.368706	1.000000
-3.2000744004939569720136	2.1776246743943294958967	2.1810766870812177131711	0.0117813406426787725678	-256.816004	-251.112221	0.368706	1.000000
-3.2000616916615576279526	2.1649741894815335285784	0.9198143635896184333589	0.4139783647089174123401	-256.816004	-251.112221	0.368706	1.000000
-2.7956793732730251811347	3.9492023590338027894120	1.1411819882335747511348	0.9662857673803286751024	-255.356012	-249.652230	0.368706	1.000000
-2.7956524313563320127685	3.9223841353026420719630	1.0999583031859136994512	1.8189178877906186926339	-255.356012	-249.652230	0.368706	1.000000
-2.7155179265728768278620	3.0498419809392718349272	1.1113405655148986816982	1.4726892593271305731406	-255.399738	-249.695956	0.368706	1.000000
-3.0752009525236339015919	1.8631335295335069712763	0.5170470325840789138638	1.7910045286158629007645	-256.145151	-250.441369	0.368706	1.000000
-3.0752009525236339015919	3.5684318057453454642314	1.9510510344807863170047	1.7910045286158629007645	-256.145151	-250.441369	0.368706	1.000000
-2.7773657000112073056641	-1.8006744183293865724238	1.3382042553046433752684	1.4667990434105948605037	-255.714174	-250.010392	0.368706	1.000000
-2.7773575073938649993011	-1.8088294225677201687574	1.3256687745937121292172	1.7260711945190245764081	-255.714174	-250.010392	0.368706	1.000000
-2.8057936273757695389008	-1.4699597754292372808749	1.3670832731977449192584	0.9087723521112197611060	-255.147789	-249.444007	0.368706	1.000000
-2.8057838705477875507199	-1.4796718088645026689676	1.3521544020121958329383	1.2175471518301244078231	-255.147789	-249.444007	0.368706	1.000000
-2.8057838705477875507199	-1.4796718088645026689676	1.3521544020121958329383	1.2175471518301244078231	-255.147789	-249.444007	0.368706	1.000000
-2.8058078619114694696179	-1.4557905918682951806886	1.3888634614143151591037	0.4582913230484573219314	-255.147789	-249.444007	0.368706	1.000000
-2.8058375874708811892333	-1.4262015053932739494513	1.4343463835467380462774	0.7895872674921144973581	-255.147789	-249.444007	0.368706	1.000000
-2.8301229421473252934049	-1.4214755043114124521964	1.3878004917934418926961	0.5774350952572493422821	-254.472490	-248.768707	0.368706	1.000000
-2.8301229421473252934049	-1.4214755043114124521964	1.3878004917934418926961	0.5774350952572493422821	-254.472490	-248.768707	0.368706	1.000000
-2.8994772789251745948036	3.7426603946681327172996	1.3912670063846346302228	0.6016268600831213841929	-254.587880	-248.884098	0.368706	1.000000
-3.1063354260831053110792	3.9538373515838713956327	1.8817224992869110433702	0.0197401075834675310272	-256.108022	-250.404240	0.368706	1.000000
-2.9908735420954219996759	2.4788544898537394622906	1.6438978681220148825304	0.0330442373856265209087	-255.214781	-249.510999	0.368706	1.000000
-2.8797093606519572617231	1.7768952988090844780089	0.9819856381414331369939	0.7567805093145680839228	-254.576764	-248.872981	0.368706	1.000000
-2.8797093606519572617231	1.7768952988090844780089	0.9819856381414331369939	0.7567805093145680839228	-254.576764	-248.872981	0.368706	1.000000
-2.8796816186646219115630	1.7492806776379485889095	0.9395377692116700929503	1.6347325034324602377467	-254.576764	-248.872981	0.368706	1.000000
-2.8796856448168384190467	-0.3360153194418904476493	0.9456981635451936485381	1.5073166725312936442549	-254.576764	-248.872981	0.368706	1.000000
-2.9231443725495767083089	-0.3393427792652268792928	0.8442630826946578848080	1.5023091277483355820976	-255.205157	-249.501375	0.368706	1.000000
-2.8617789760087921635545	-0.6382931745003580514819	0.8282809250589484584282	0.1958149453469131273664	-254.685225	-248.981442	0.368706	1.000000
-2.8363336598004047495181	-1.9658449742983705732513	0.6018299516355558598235	0.1431094358326860938035	-254.386434	-248.682651	0.368706	1.000000
-2.8363336598004047495181	-1.9658449742983705732513	2.7043410823575437795796	0.1431094358326860938035	-254.386434	-248.682651	0.368706	1.000000
-2.8363336598004047495181	-1.9658449742983705732513	2.7043410823575437795796	0.1431094358326860938035	-254.386434	-248.682651	0.371722	1.000000
-2.8930603719965195530506	-1.9631409753794251127346	2.7461412550658943487747	1.0913205055260359888081	-254.557566	-248.853784	0.371722	1.000000
-2.8919963524575602598077	-1.9465921896997591122869	2.7702004122767673877092	0.5603127236593423710076	-254.590760	-248.886977	0.371722	1.000000
-2.8919963524575602598077	-1.9465921896997591122869	2.7702004122767673877092	0.5603127236593423710076	-254.590760	-248.886977	0.371722	1.000000
-2.8937467412144042278044	-1.9738161337463553390847	1.6955617210982596443358	1.4338587603095525047081	-254.575830	-248.872048	0.371722	1.000000
-2.7587079606151876376430	3.2953153691539722736081	2.2186727299852257999646	0.9989984536782098301089	-255.774489	-250.070707	0.371722	1.000000
-2.7587079606151876376430	3.2953153691539722736081	2.2186727299852257999646	0.9989984536782098301089	-255.774489	-250.070707	0.371722	1.000000
-2.7259461805656766131278	2.9672110799882660536753	1.8254760047225588870390	1.3906896342327952353912	-255.316475	-249.612693	0.371722	1.000000
-3.0023596409538222395952	2.0673840848424482885548	1.7546088309214455946972	1.4926896362834964904209	-255.486072	-249.782290	0.371722	1.000000
-2.8592330907230416592313	1.9556694691833480526100	1.7079759351586321081129	1.5035586831055853807015	-254.622604	-248.918821	0.371722	1.000000
-2.8592330907230416592313	1.9556694691833480526100	0.8294354456251868956684	1.9319647650695748186678	-254.622604	-248.918821	0.371722	1.000000
-3.1305368038666405716697	1.9425831037043952420618	0.9904107394322582136326	1.6496362243573496897397	-256.286520	-250.582737	0.371722	1.000000
-3.1171344952406778716636	-0.0977117023152729302637	1.1454236093814897934351	0.4376314149246013363026	-256.066632	-250.362850	0.371722	1.000000
-3.1171344952406778716636	-0.0977117023152729302637	2.9370412261227176742295	0.4376314149246013363026	-256.066632	-250.362850	0.371722	1.000000
-3.1171344952406778716636	-0.0977117023152729302637	2.9370412261227176742295	0.4376314149246013363026	-256.066632	-250.362850	0.371722	1.000000
-2.8677547910345086989992	0.9585145721312048339158	2.5195608914000544586997	1.8046247648170150590374	-254.707375	-249.003592	0.371722	1.000000
-2.7779859299691214147288	3.1760003981985542864663	2.8153634858042493327446	1.2959731306440540610225	-255.669968	-249.966186	0.371722	1.000000
-2.7949826533643657988648	3.1682808412063310221640	2.8151220414575202077856	1.5008316878244147840604	-255.409636	-249.705853	0.371722	1.000000
-2.7660520064427913666805	3.1625970802096663447855	2.7873613922127211672830	1.7592741130045506103841	-255.761262	-250.057480	0.371722	1.000000
-3.0344169304386916508065	3.1408266773821300610336	2.9333841046203268376757	1.7646739663378425699847	-256.012902	-250.309119	0.371722	1.000000
-3.1934587785325150299798	3.1294336372590847439312	1.3467747185502869644580	1.6648684546289271857233	-256.609613	-250.905830	0.371722	1.000000
-3.2042150194023797382670	3.1284834623021122723685	1.3269001071482484643838	1.6639168009815501481086	-256.960661	-251.256878	0.371722	1.000000
-2.9825410736001178868548	0.4546463605881432279432	1.3387043175646602399809	1.5815660448003319160648	-255.136246	-249.432464	0.371722	1.000000
-2.9825410736001178868548	0.4546463605881432279432	1.3387043175646602399809	1.5815660448003319160648	-255.136246	-249.432464	0.371722	1.000000
-2.8204430434921752279820	0.4780452099537510490812	1.2658425383507956318851	1.2477272474608886998482	-254.797382	-249.093600	0.371722	1.000000
-2.8639421173842491974426	2.1766484779780603808774	0.9787410046572553312672	1.9004297068048143781738	-254.722563	-249.018781	0.371722	1.000000
-3.1170442461973797421138	2.0472294679091849189945	1.8309261813033028687414	1.8374891475583079447631	-256.066327	-250.362544	0.371722	1.000000
-2.8780149828266416989209	2.5755377492251012583324	1.3799285611812068808035	1.8655584910989566616024	-254.589045	-248.885262	0.371722	1.000000
-2.8780149828266416989209	2.5755377492251012583324	1.3799285611812068808035	1.8655584910989566616024	-254.589045	-248.885262	0.371722	1.000000
-2.8432634258916418268370	2.1563635339656554990029	1.3817790930011464300975	1.8526484624453201099925	-254.349230	-248.645448	0.371722	1.000000
-2.8125500808071017821987	1.1858888866454275756723	2.8455013952593439796601	1.9058095865012580905073	-254.984347	-249.280564	0.371722	1.000000
-2.7688788913886663856090	0.6875444868737533576919	1.9599885224436692787719	1.3763882431109812909398	-255.724200	-250.020417	0.371722	1.000000
-2.7591687978383729884513	0.6934072785528057059068	1.9846501751617107167647	1.4361359998757414757620	-255.774229	-250.070446	0.371722	1.000000
-3.1044691089625544577757	1.3906564317278347076012	2.4154930269573648971004	0.1051815608166053461758	-256.162713	-250.458931	0.371722	1.000000
-2.9711213935271514330339	1.5830728148988746362136	2.4849340537113362437083	0.2250548834439452805523	-255.021048	-249.317266	0.371722	1.000000
-2.8673940014644818674583	0.5764077566037780764319	2.5295611672053834872997	1.6422565886935136525437	-254.709382	-249.005599	0.371722	1.000000
-2.7631337222633045591635	0.5488215068318869072073	2.2030178986121020656697	1.1170438400185416227828	-255.783377	-250.079594	0.371722	1.000000
-2.7643032871752719614733	0.5306311650590803674632	2.1765721943228011348026	1.7007249162707771539260	-255.723387	-250.019605	0.371722	1.000000
-2.9498842546431420785780	0.5142374834827669882742	1.8336689759343194339181	1.6843057223617441398034	-255.012325	-249.308543	0.371722	1.000000
-2.7244437318291532257319	0.5341522419617042993778	2.2502218255226398291313	1.7042514727775430749546	-255.305623	-249.601840	0.371722	1.000000
-2.7225169099525454718957	0.5641202652087849989115	2.2937903021805094994079	0.0351640918924411849389	-255.339608	-249.635826	0.371722	1.000000
-2.9470162154248575880899	0.7636317420329247207533	1.9113711812483829000087	0.5957786846225247012754	-255.092201	-249.388419	0.371722	1.000000
-2.9408937959473813172906	0.6015444134090242034318	1.3659508706191332283453	0.6626069318028245946905	-255.150779	-249.446996	0.371722	1.000000
-3.0435296917428691365615	0.6574637872780735303735	1.9537090741763523116248	0.4720961187191137220509	-255.912441	-250.208658	0.371722	1.000000
-3.0519994734269717540087	-1.1341189036566021730579	0.9679250504860135162488	0.1159121289201822391224	-255.845831	-250.142049	0.371722	1.000000
-3.0519994734269717540087	-1.1341189036566021730579	0.9679250504860135162488	1.5450405440752237318236	-255.845831	-250.142049	0.371722	1.000000
-2.8512353007040411867479	0.7810972580822418409596	2.9407597569926640090898	1.5041550592974877176289	-254.450367	-248.746585	0.371722	1.000000
-3.0245556630882393100990	0.7657866426113438818035	2.2759166062636162486399	1.4888206169934150580048	-255.833713	-250.129930	0.371722	1.000000
-2.9879325066760058504656	-0.0726845729450895094992	2.2778668013703917694102	1.4752152985452977596026	-255.195375	-249.491592	0.371722	1.000000
-2.7350649258194885682371	-1.5909653385709836559414	2.9402113409818113609617	0.0160393705162968913669	-255.319229	-249.615447	0.371722	1.000000
-3.0186391346261425283615	0.6984170763302530726691	2.2908330714175026976420	0.5901342448932780371251	-255.755246	-250.051464	0.371722	1.000000
-2.9823828197695569919290	1.3002099460097193972530	1.7459414329858091718961	1.0462148070939396582446	-255.134724	-249.430942	0.371722	1.000000
-2.9823828197695569919290	1.3002099460097193972530	1.7459414329858091718961	1.0462148070939396582446	-255.134724	-249.430942	0.371722	1.000000
-2.9823828197695569919290	1.3002099460097193972530	1.7459414329858091718961	1.0462148070939396582446	-255.134724	-249.430942	0.371722	1.000000
-2.9804270787967217515302	1.3306277504008445777828	1.7901638159462023303092	0.9341857789808434286982	-255.135719	-249.431937	0.371722	1.000000
-2.7961692109806621786561	-0.5819262692071882625555	1.3446101299924817507048	1.5584750652501482282020	-255.359539	-249.655757	0.371722	1.000000
-2.7961692109806621786561	-0.5819262692071882625555	2.7887671964451792305795	1.5584750652501482282020	-255.359539	-249.655757	0.371722	1.000000
-2.9704395594250407874881	2.4615685103922908538721	2.7891795962388523655306	1.6236595432474190126015	-254.985735	-249.281953	0.371722	1.000000
-2.9704395594250407874881	2.4615685103922908538721	2.7891795962388523655306	1.6236595432474190126015	-254.985735	-249.281953	0.371722	1.000000
-2.9703797715049384819963	2.4624983969590119592397	2.7905314952561024455235	1.5938218855038137622415	-254.987377	-249.283594	0.371722	1.000000
-2.8278436066435355122906	0.0741941988537323515729	2.5953776888256605559491	1.2907030067142624130128	-254.528889	-248.825106	0.371722	1.000000
-2.8155338209607263522116	2.6008577895540296864851	1.2686725727317944567574	1.1980967642848519005838	-254.896066	-249.192283	0.371722	1.000000
-2.8678511346531645465063	-1.2687859163570052167813	1.9840203804675513588052	1.4529020603459774640953	-254.707375	-249.003592	0.371722	1.000000
-3.0393457462762842880011	-1.8315783026933976085360	1.9870452065295960419888	1.8112489684897241648542	-255.956718	-250.252935	0.371722	1.000000
-3.0393457462762842880011	-1.8315783026933976085360	1.3781737729837413297673	1.8112489684897241648542	-255.956718	-250.252935	0.371722	1.000000
-2.9760841333787313445214	-1.6155816513244403154204	0.8751506516058658036172	0.5622802311159902366455	-255.035410	-249.331628	0.371722	1.000000
-2.9749661605571584566121	-1.5981937256872829067333	0.9004297774929914677244	0.0043466157695246643300	-254.999694	-249.295912	0.371722	1.000000
-3.1815896176685383167637	-1.6201584691854753472740	1.5104178459011088353492	1.3311683902753919106488	-256.424127	-250.720345	0.371722	1.000000
-3.1815896176685383167637	1.8291995837149430670365	1.5104178459011088353492	1.3311683902753919106488	-256.424127	-250.720345	0.371722	1.000000
-3.1815896176685383167637	-1.1792103749108315824401	2.9903712802230248968272	1.3311683902753919106488	-256.424127	-250.720345	0.371722	1.000000
-3.1815896176685383167637	-1.1792103749108315824401	2.9903712802230248968272	1.3311683902753919106488	-256.424127	-250.720345	0.371722	1.000000
-3.1815896176685383167637	-1.1792103749108315824401	2.9903712802230248968272	0.2215734741971846499808	-256.424127	-250.720345	0.371722	1.000000
-3.1315613115097229446349	0.9795764255905676787251	1.9269114533296507474347	0.3005673087619533112580	-256.303750	-250.599968	0.371722	1.000000
-3.2275882789511287640494	2.1378562919080410509309	1.9217979857760960626933	0.3362408442961790644432	-257.744803	-252.041020	0.371722	1.000000
-2.8722506538261871611439	-0.8783794456253792848344	2.5657870393870054748220	0.6700531387362396174012	-254.631455	-248.927672	0.371722	1.000000
-2.8722506538261871611439	-0.8783794456253792848344	2.5657870393870054748220	0.6700531387362396174012	-254.631455	-248.927672	0.371722	1.000000
-2.8727969648621036746761	-0.8868762672689602943876	2.5534340866282509985297	0.9426941953799734541519	-254.625217	-248.921434	0.371722	1.000000
-2.8727969648621036746761	-0.8868762672689602943876	2.5534340866282509985297	0.9426941953799734541519	-254.625217	-248.921434	0.371722	1.000000
-2.8879513354182284601279	-0.7850827526204355866213	1.8466076517629823605660	0.6521382230774314114896	-254.602507	-248.898724	0.371722	1.000000
-2.8897347287776318225383	-0.8128200200358185467664	1.8062823197256776541764	1.5421554805601567217366	-254.614030	-248.910248	0.371722	1.000000
-2.9340413094021697837377	-0.2783928518125958762042	1.8039229797561970869424	1.5586151524671543189271	-255.209485	-249.505702	0.371722	1.000000
-2.9340413094021697837377	-0.2783928518125958762042	1.8039229797561970869424	1.5080801020669338807778	-255.209485	-249.505702	0.371722	1.000000
-2.8735249758742380521426	-1.0509992661269134117674	0.6594753792572766171176	1.4103642804684417555450	-254.623483	-248.919700	0.371722	1.000000
-3.0159536436948353177456	0.2193933079049121270820	0.6524495601521065335504	1.4582853383101848088188	-255.708918	-250.005136	0.371722	1.000000
-2.8591028414858703499135	-0.1295803525384828791545	0.7288514334681167605723	1.6504859265551710123532	-254.622604	-248.918821	0.371722	1.000000
-2.9029277580141679138137	-1.0815375351253133651142	1.6364159210653017595405	1.0658895122390790177747	-254.689983	-248.986200	0.371722	1.000000
-2.9029277580141679138137	-1.0815375351253133651142	2.8961395541541543607877	0.6999071489887753738657	-254.689983	-248.986200	0.371722	1.000000
-2.9029277580141679138137	-1.0815375351253133651142	2.8961395541541543607877	0.6999071489887753738657	-254.689983	-248.986200	0.371722	1.000000
-2.9029277580141679138137	-1.0815375351253133651142	2.0952011200017501835191	0.6999071489887753738657	-254.689983	-248.986200	0.371722	1.000000
-2.9029277580141679138137	-1.4130198409990724073282	2.0952011200017501835191	0.6999071489887753738657	-254.689983	-248.986200	0.371722	1.000000
-2.9019784714996657015718	-1.3982555077308516100487	0.5323738795185495309426	0.2261578352169696937146	-254.614809	-248.911027	0.371722	1.000000
-2.9019784714996657015718	-1.3982555077308516100487	0.5323738795185495309426	0.2261578352169696937146	-254.614809	-248.911027	0.371722	1.000000
-2.9019784714996657015718	-1.3982555077308516100487	2.3119120949592293357000	1.6679434092812976953013	-254.614809	-248.911027	0.371722	1.000000
-2.8994388016845253908116	-1.3587558087789084471098	2.3693380285148655239880	0.4005001097620120020792	-254.587880	-248.884098	0.371722	1.000000
-2.9008173010815632153481	-1.3801957262295283523912	2.3381679865240250215663	1.0884516748637023120239	-254.621804	-248.918022	0.371722	1.000000
-2.8599035571208086814465	-1.8757122022797152460782	2.3387016212452045316184	1.1096184919317859662868	-254.614621	-248.910839	0.371722	1.000000
-2.8953165839461685315825	-1.8788404858173517464337	2.2732679669379769471504	1.1064853400666732063939	-254.587972	-248.884190	0.371722	1.000000
-2.9456462110634769047124	0.4913572418216913817446	1.5139706092155726935289	0.1932607692860556225511	-255.155201	-249.451419	0.371722	1.000000
-2.8766205489891780722189	-0.3412321522844858900925	1.5176462483905255318462	0.1676180829200255850697	-254.603780	-248.899998	0.371722	1.000000
-2.8306950640513348638194	0.0130830151475377909343	1.7789807197739655464375	1.7822346270661784117806	-254.478119	-248.774337	0.371722	1.000000
-2.9788704500431051336307	0.0021286385617421375860	2.5942961924287621933161	1.7858584102156604966893	-255.082785	-249.379002	0.376263	1.000000
-2.9338780564785129634231	-0.4561646023428189700155	2.6434747775843807637841	0.8277960577611707115864	-255.201585	-249.497803	0.376263	1.000000
-2.9338780564785129634231	-0.4561646023428189700155	2.6434747775843807637841	0.8277960577611707115864	-255.201585	-249.497803	0.376263	1.000000
-3.0163858153374172310635	-0.2536640601632015323830	2.6125688301822993508949	1.2388172498068832361184	-255.705805	-250.002023	0.376263	1.000000
-2.8872032931608289096914	1.6613878930459913263462	2.4015115984130734894109	0.2845972897894660791351	-254.591069	-248.887286	0.376263	1.000000
-2.8670001681217893718667	1.8426273010235090232811	2.6378424095477259747611	1.2378877375722814324632	-254.711518	-249.007736	0.376263	1.000000
-2.8620534819961687134082	1.8665608878901660538929	2.6720949470026105210252	0.5287734404737808313612	-254.686866	-248.983084	0.376263	1.000000
-2.8899735170459397437526	2.2226965595546164244922	2.6694218527699096199512	0.5404696256412486743415	-254.568914	-248.865132	0.376263	1.000000
-3.1046853884782428245614	2.9119080825019514335850	2.2121524569035040386211	0.7594696674792483781502	-256.073421	-250.369639	0.376263	1.000000
-3.0326111008988076989112	2.9172364228535796470965	2.1615291515713179748559	1.9462020629583687281183	-255.981182	-250.277399	0.376263	1.000000
-3.1822460378684720438969	2.3833576218914380717706	1.5272517140972468041582	1.0606255195298257554271	-256.412999	-250.709217	0.376263	1.000000
-2.7979867720147777454542	0.8209041074027747519892	1.2622543414169344888620	1.2810625399937909385528	-255.327671	-249.623888	0.376263	1.000000
-3.0114643639805533936737	2.2133264443644260488497	1.5178490513012972140672	0.4264039277419719997653	-255.579789	-249.876007	0.376263	1.000000
-2.7791947393664759857757	0.3102180464792268499430	1.8965372543298555374491	1.0161429754944706349562	-255.660374	-249.956591	0.376263	1.000000
-2.7758396063589025892782	1.1159596652405521233220	1.9197693365945462939948	0.5351800188971764793422	-255.668745	-249.964962	0.376263	1.000000
-2.9451353138405438336633	2.9039116663303103926808	1.8987577380187345976736	0.6057262208207654374803	-255.148467	-249.444684	0.376263	1.000000
-2.9372398177721001921725	1.7537800355163619681065	1.5019385081231622081077	1.2541511525445647734500	-255.147697	-249.443915	0.376263	1.000000
-3.0034727599637158768076	0.9490018066856363843087	1.9455305480380986615785	0.0577970037085555055079	-255.520912	-249.817130	0.376263	1.000000
-2.7856709193143940339610	-0.0514917461828240524691	2.2588971758519393873144	0.7410757898007371835547	-255.537725	-249.833942	0.376263	1.000000
-2.7856709193143940339610	-0.0514917461828240524691	2.2588971758519393873144	0.7410757898007371835547	-255.537725	-249.833942	0.376263	1.000000
-2.7896479841213777106645	-0.0707340072875395631247	2.2313586262447282493326	1.3111935299404535726353	-255.420720	-249.716938	0.376263	1.000000
-2.7896479841213777106645	-0.0707340072875395631247	2.2313586262447282493326	0.3573054237828341417327	-255.420720	-249.716938	0.376263	1.000000
-2.7882649070753569020553	-0.0640422557222301985780	2.2409355221946145597656	0.1590394165174169316401	-255.463493	-249.759711	0.376263	1.000000
-2.7285505982122582047111	3.1606770938573323093124	2.3263327133431652704587	0.1637553501580363002343	-255.271693	-249.567911	0.376263	1.000000
-3.1385120239456916202414	-1.1309070179974434200432	2.0276867467375749853886	0.3832677520445124663695	-256.395319	-250.691537	0.376263	1.000000
-2.9348847416359511441897	0.7315953264043963955032	1.6391732474801188335078	0.9071365857939979182589	-255.156840	-249.453058	0.376263	1.000000
-2.9348847416359511441897	0.7315953264043963955032	1.6391732474801188335078	0.9071365857939979182589	-255.156840	-249.453058	0.376263	1.000000
-3.0306205447882810233295	1.9688743558885626327992	2.1741193338334747764407	0.8163214947767237772425	-255.948026	-250.244244	0.376263	1.000000
-3.0306205447882810233295	1.9688743558885626327992	2.1741193338334747764407	0.8163214947767237772425	-255.948026	-250.244244	0.376263	1.000000
-3.1575203462420291522506	3.1475279085231746556417	2.2632508065310950051696	0.5738606866350699498014	-256.645720	-250.941938	0.376263	1.000000
-3.1559524936071556844297	-0.6620989230040542627975	2.2741071515135664604657	0.2285212972108486284561	-256.579834	-250.876052	0.376263	1.000000
-2.8360593340189739208768	0.0768285184193494563587	1.7456336443393436486105	0.1661112918403221672126	-254.386434	-248.682651	0.376263	1.000000
-2.7666191310893002430760	-1.6958815150308912400590	1.5248660477035345106600	0.0662140211192210337288	-255.717970	-250.014187	0.376263	1.000000
-2.8992368179999914445943	-1.3328633448968372210430	2.1073235292357832548760	0.9282934562349096641043	-254.588183	-248.884401	0.376263	1.000000
-2.8131522421714625359357	-1.3424762905174751903559	2.6198616048504774767025	1.4493129490722522767499	-254.964768	-249.260985	0.376263	1.000000
-2.9049821972819116489006	-1.3504230304496316339424	2.4885359581330628309104	1.6758150421172899324773	-254.673372	-248.969590	0.376263	1.000000
-2.8987772829785893868859	-1.3204017491903334846626	1.2061228611166767699103	1.6239013804022091047585	-254.587747	-248.883964	0.376263	1.000000
-2.8987772829785893868859	-1.7983332439107417854984	1.2061228611166767699103	1.6239013804022091047585	-254.587747	-248.883964	0.376263	1.000000
-2.8037615957229320429178	-1.1556885262581853002217	2.1598627872136106908840	1.7983584007956945338691	-255.222604	-249.518821	0.376263	1.000000
-3.0008986364438832161738	0.3823801013772779588962	2.1059153448821632537147	1.2850453367457033149179	-255.494513	-249.790730	0.376263	1.000000
-2.8791782156463416875170	2.8544603170296412031348	2.2799872254654318659561	1.2946581990247507665259	-254.580510	-248.876727	0.376263	1.000000
-2.8791782156463416875170	2.8544603170296412031348	2.2799872254654318659561	1.2946581990247507665259	-254.580510	-248.876727	0.376263	1.000000
-2.6805218731946287569201	0.3503777635636731724311	1.9274332255321628970535	1.8765669183960667076860	-256.524247	-250.820465	0.376263	1.000000
-2.8717563287741114663731	2.7896802630690475943709	1.9091242327464468253595	1.9566783365540412198413	-254.630799	-248.927016	0.376263	1.000000
-2.8706631645420368492694	2.7949693273928124526151	2.7373245893773319181719	0.9822710031258906626661	-254.660644	-248.956862	0.376263	1.000000
-2.8568075182875860562604	2.7961683611639132074345	2.7571394929440922183517	0.0585688425712807200774	-254.566349	-248.862567	0.376263	1.000000
-2.8634999285853766082255	1.9901606337395230106324	2.7107989674756898246244	1.0179351139893821898141	-254.677157	-248.973375	0.376263	1.000000
-2.8544659153443365795511	1.7385630500358044692177	2.8223727150449620104666	1.4906681140660382745011	-254.504455	-248.800672	0.376263	1.000000
-2.8544659153443365795511	1.7385630500358044692177	2.0795524747480094163166	1.4906681140660382745011	-254.504455	-248.800672	0.376263	1.000000
-2.7522265573824911122358	1.8633868992003257414325	2.2401843840108033312220	1.4016442557808717062073	-255.706349	-250.002567	0.376263	1.000000
-2.7512165209044576741348	1.8682737659170753907745	2.2471782201702170667090	1.8023659929713011784713	-255.688528	-249.984746	0.376263	1.000000
-2.8436297429475008158306	3.8013993692007055358317	2.0036451686085801071613	1.7889172402077073709137	-254.401217	-248.697434	0.376263	1.000000
-2.8318311379351412959693	3.3713229596089466788555	1.1314342371600500936069	1.3481003504806470250088	-254.478290	-248.774508	0.376263	1.000000
-2.8344685819903761014871	-1.4254534831836125352567	1.1131716773385973429100	1.7261816032364802886434	-254.428805	-248.725022	0.376263	1.000000
-3.0111444934448625687651	-1.5855946407233902917255	0.8605081722411302980191	1.7122286346736943496438	-255.579676	-249.875894	0.376263	1.000000
-2.9941554355373960483178	-1.8022995817464240175809	0.8621347229467620776333	1.7051116247289599403558	-255.238825	-249.535043	0.376263	1.000000
-2.9941554355373960483178	1.3200433400466797806416	1.9988199306887184381054	1.7051116247289599403558	-255.238825	-249.535043	0.376263	1.000000
-2.9941554355373960483178	1.3200433400466797806416	1.9988199306887184381054	1.7051116247289599403558	-255.238825	-249.535043	0.376263	1.000000
-2.8310264792555850377198	1.6538695055197938366121	2.9750875919883728037973	1.2951346313163136780844	-254.483843	-248.780060	0.376263	1.000000
-2.9776455958119520950333	3.9391261771884309439429	2.0636631951578960908478	0.9744333639510156519492	-255.083767	-249.379984	0.376263	1.000000
-2.9776455958119520950333	3.9391261771884309439429	2.0636631951578960908478	0.9744333639510156519492	-255.083767	-249.379984	0.376263	1.000000
-2.8984063284588557074528	0.3527743958688081549191	2.6714932486786162613157	0.5741230112814817987399	-254.599707	-248.895924	0.376263	1.000000
-2.8118320296488121812217	0.4044714262759188661001	2.6664392273441586134197	1.0730083758574386898488	-255.018651	-249.314869	0.376263	1.000000
-3.1004543747678812160018	-0.0297301054789338436990	1.8597846699781450663380	1.7324012197090539189048	-256.220801	-250.517019	0.376263	1.000000
-2.8135665261278837157022	0.3665349710061359678193	2.1482963874257547942648	1.8495875692208909590875	-254.970105	-249.266322	0.376263	1.000000
-2.9765564864368991848664	3.4670046368976636941284	2.4147052413996457076450	1.0942105096586385304391	-255.031589	-249.327806	0.376263	1.000000
-2.8919522935576695843451	3.6555530183238729158290	2.4889660415911341040385	1.0783419093171719982394	-254.588628	-248.884845	0.376263	1.000000
-2.8919522935576695843451	3.6555530183238729158290	1.8462797877638090771057	1.0783419093171719982394	-254.588628	-248.884845	0.376263	1.000000
-2.8919522935576695843451	-1.7593741818553949585180	2.6295721773517026775835	1.0783419093171719982394	-254.588628	-248.884845	0.376263	1.000000
-2.9034801866360382405219	-1.5868397131206080086230	2.6439298059697753373598	1.2373792325347638954014	-254.665820	-248.962038	0.376263	1.000000
-2.9028543720340311828920	-1.5867934476172156355034	2.6434902483308069243151	1.2373639275878978160961	-254.689983	-248.986200	0.376263	1.000000
-2.9552790004396536360787	0.5684929048255867867212	2.3274276228554593437536	1.2110353277281948880528	-254.914025	-249.210242	0.376263	1.000000
-2.9535071083952328940825	-1.4426263972467805452027	2.3275972657085741701621	0.2286386356687803711463	-254.956767	-249.252984	0.376263	1.000000
-2.9547013999533771055894	-1.4427297483200149930127	2.3258893141904253276664	0.2285443165710131507851	-254.922903	-249.219120	0.376263	1.000000
-2.9564431727828153206872	-1.4511569802600883249966	2.3138286866181121403940	1.4679194937026514011791	-254.922185	-249.218402	0.376263	1.000000
-2.9735598149179787164087	-1.2176091273256473002107	2.3180954205470696294356	1.3514792923216378817131	-254.998608	-249.294826	0.376263	1.000000
-2.9237298460472009864475	-0.2849004125433343137530	0.7806332252146644945512	1.5704044453235053158124	-255.215214	-249.511432	0.376263	1.000000
-2.9246392514201478007863	-0.2893003950645011146392	0.7743361930586919461561	1.7007689631923093021015	-255.240159	-249.536376	0.376263	1.000000
-2.8071265522583086493569	-0.5127219206042534782597	0.8532448900425910753853	1.7053666440390240488512	-255.124087	-249.420304	0.376263	1.000000
-2.7791277286522220180132	1.7782219871894877627483	1.1444803768124276466267	1.3093743762321021772976	-255.660374	-249.956591	0.376263	1.000000
-2.7581540990974815485970	1.7636693420496654116647	1.1039713348112654145439	1.7932942147151396117266	-255.764184	-250.060402	0.376263	1.000000
-2.7581540990974815485970	1.7636693420496654116647	1.1039713348112654145439	1.7932942147151396117266	-255.764184	-250.060402	0.376263	1.000000
-2.7968882553200642426816	2.2577451810697262146732	1.1002628849678985911709	1.8095206221203361529604	-255.359182	-249.655399	0.376263	1.000000
-2.8931886203082086694849	-1.9502613179951164834591	0.8970256096112302346413	0.3910234229386801430017	-254.554481	-248.850699	0.376263	1.000000
-2.8958162640409219612536	-1.9629746654633926095102	0.8788309105567081447319	0.7676997859077072661194	-254.562663	-248.858880	0.376263	1.000000
-2.8932225232843875595279	-1.9504253510072788735386	0.8967908538713476040982	0.3958834614597965817495	-254.554481	-248.850699	0.376263	1.000000
-2.8932225232843875595279	-1.9504253510072788735386	0.8967908538713476040982	0.3958834614597965817495	-254.554481	-248.850699	0.376263	1.000000
-3.0812113739929638533965	-1.9053907117677728599858	1.0251636945032682746159	0.4022928853865281317859	-256.223509	-250.519727	0.376263	1.000000
-2.9549015437608132650382	-1.1838023934632340150586	0.6272329642227548740507	1.6294654627303892802104	-254.928493	-249.224711	0.376263	1.000000
-2.8818393725899120738632	-1.7003477499733556932426	1.2164968549073584824782	1.8456037777445610803539	-254.581804	-248.878021	0.376263	1.000000
-2.8720801799138047094573	-1.6531297782382370353815	1.2840728247948471896223	0.4466100112058755122746	-254.627521	-248.923739	0.376263	1.000000
-2.8894843096364764001294	1.9602712710723388944700	0.6413644422913896692151	0.5456349990361869517486	-254.610504	-248.906721	0.376263	1.000000
-2.8894843096364764001294	1.9602712710723388944700	0.6413644422913896692151	0.5456349990361869517486	-254.610504	-248.906721	0.376263	1.000000
-2.8876527749628424501793	1.9691327983852755512117	0.6540466114073236747473	0.2830819706605499086471	-254.590048	-248.886266	0.376263	1.000000
-2.7330557162880291244278	1.9697522083065746034691	0.5281572713044840883256	0.6044899516066352118671	-255.256032	-249.552250	0.376263	1.000000
-2.7324200295885665568107	-1.1418768436073813976606	1.2570440792963113452174	0.3340559812740255263286	-255.276209	-249.572427	0.376263	1.000000
-3.1011896510061616183407	0.1534619219599454020830	1.4520898949118179466211	0.6893395226540051101694	-256.215257	-250.511475	0.376263	1.000000
-2.8303416686962608039835	0.2801781688225180588780	1.4039929198776777141688	0.4989816354675905563099	-254.474740	-248.770957	0.376263	1.000000
-3.1105035806877294746187	0.2594662329742690176637	1.6007721387851412409020	1.5232857960097951899314	-256.016113	-250.312331	0.376263	1.000000
-2.8688173203315314729878	0.6944725815686338954436	1.5771033008096575489532	0.3635916333809604550353	-254.676140	-248.972358	0.376263	1.000000
-2.8688173203315314729878	0.6944725815686338954436	1.5771033008096575489532	0.3635916333809604550353	-254.676140	-248.972358	0.379500	1.000000
-2.7587514929473222480283	-0.9578516165880446298075	1.6672183464126892893375	0.3168595702660750301760	-255.774129	-250.070346	0.379500	1.000000
-2.9823777072561092893466	-0.9748411284229353546138	1.4167000315208830851788	0.3030883181426005101855	-255.132316	-249.428533	0.379500	1.000000
-2.9612555413729708675419	-0.5185748545447448343282	1.4183822345312908641546	0.3718664690233440817124	-254.937248	-249.233466	0.379500	1.000000
-2.9586224679851427232791	-0.5086537738085039617175	1.4323299069704127362002	0.0631417495648257109941	-254.916541	-249.212758	0.379500	1.000000
-3.0619768661963067124532	0.8914945811860910396263	1.4272228899869798812716	0.1070242549272308052455	-255.998896	-250.295113	0.379500	1.000000
-3.0886546185685466170412	0.8895877012610027279038	1.4511227370702675099068	0.1078152004964147425703	-256.209994	-250.506212	0.379500	1.000000
-2.8039368909693123121940	2.6106321220961485884970	1.2841620821611292591058	0.1033608248081478858671	-255.198753	-249.494971	0.379500	1.000000
-2.8039368909693123121940	2.6106321220961485884970	1.2841620821611292591058	0.1033608248081478858671	-255.198753	-249.494971	0.379500	1.000000
-2.9136060638216463303252	3.2184368627258455042295	1.2279450893471453021277	0.2382095624862433091984	-254.938932	-249.235149	0.379500	1.000000
-2.8111381541012150364622	3.3770415297080109695571	1.2549373864311181847597	0.1842673399005683165797	-255.043534	-249.339752	0.379500	1.000000
-2.8161665244873015367943	3.3580952789871991726045	1.2283015686176357306181	0.7738377802666930316278	-254.883480	-249.179698	0.379500	1.000000
-2.8161665244873015367943	3.3580952789871991726045	1.2283015686176357306181	0.7738377802666930316278	-254.883480	-249.179698	0.379500	1.000000
-2.9304532237547129547295	1.7038572012730757165855	1.5862699390629919626861	1.6425981330439995975468	-255.239351	-249.535569	0.379500	1.000000
-2.8579738468246875804368	0.7219746482706355106274	1.5898513387454129563992	1.6118246323333924596710	-254.570340	-248.866557	0.379500	1.000000
-2.8581750595521739910509	0.7212165046792794464992	1.5887854933244169863826	1.6354165850423036943084	-254.644782	-248.941000	0.379500	1.000000
-2.8581750595521739910509	0.7212165046792794464992	1.5887854933244169863826	0.4420505898259974308928	-254.644782	-248.941000	0.379500	1.000000
-2.8581750595521739910509	-0.8812596921588771170519	1.5887854933244169863826	0.4420505898259974308928	-254.644782	-248.941000	0.379500	1.000000
-2.8581750595521739910509	-0.8812596921588771170519	1.5887854933244169863826	0.4420505898259974308928	-254.644782	-248.941000	0.379500	1.000000
-2.8615636929589536308072	-0.8940276255440968711241	1.2180956189347438289872	0.8393638218429522179775	-254.698683	-248.994900	0.379500	1.000000
-2.8615636929589536308072	1.3671017502173610225213	1.9327869208560648495165	0.8393638218429522179775	-254.698683	-248.994900	0.379500	1.000000
-2.8685821422268560354496	1.3406571390827262124645	1.8956094415378592632493	1.4959915759066360063656	-254.669972	-248.966189	0.379500	1.000000
-2.8893379906151084313137	1.7834813058023983867173	2.1539803895286975254919	1.7177338000849364796352	-254.610504	-248.906721	0.379500	1.000000
-2.8740829381657668761818	3.1742383946339280953453	2.9219055491250820466576	1.1695192746100646630225	-254.597048	-248.893265	0.379500	1.000000
-2.8692138307983685585612	3.1925845628526690056503	2.9476977336290639541971	0.5986222335468076582998	-254.671641	-248.967859	0.379500	1.000000
-2.8655048260534505821795	1.7339482350846493474705	2.8021783669738411504113	0.1637458436070721723432	-254.690887	-248.987104	0.379500	1.000000
-2.8655048260534505821795	1.7339482350846493474705	2.8021783669738411504113	0.1637458436070721723432	-254.690887	-248.987104	0.379500	1.000000
-2.7580983329710662133039	0.2789059029936018507811	2.8074856087922492875464	0.1181428882397044799468	-255.765245	-250.061463	0.379500	1.000000
-3.2237432547655826553523	0.2435295499388523965401	2.2858447023070502801545	0.0894677454892515017226	-257.755663	-252.051880	0.379500	1.000000
-2.7061055047345963231464	0.2982356115239014893170	2.7925340085906920073455	0.0638175576382825071597	-255.737013	-250.033231	0.379500	1.000000
-3.2034399631149756970672	-0.4770200237158708223006	2.8560455711838796943880	1.1338843891936265517728	-256.978661	-251.274879	0.379500	1.000000
-2.8564051483918966312103	-0.4866216397407656657492	2.5388557549036843141721	0.9543963864655472528753	-254.578497	-248.874715	0.379500	1.000000
-3.0344949671087069198450	-1.4145095363406001709450	2.2717686991901997473065	0.7811011530572927741289	-256.012902	-250.309119	0.379500	1.000000
-2.9981557945613150906183	-1.4403099569480988240144	2.1916353161396293636187	1.6805709282611840382771	-255.360994	-249.657212	0.379500	1.000000
-3.0006078720751001576161	-1.2499678791021131551986	2.3153528822964544175989	1.3957942340173812301174	-255.489764	-249.785981	0.379500	1.000000
-3.0772816583100395249062	0.4917654209923426611439	1.8123040494359257124302	1.9509005648966850632320	-256.172930	-250.469148	0.379500	1.000000
-3.0747962460792810368559	0.5011301335439114490455	1.8254695448721927064639	1.6594889402808585820992	-256.136405	-250.432622	0.379500	1.000000
-2.9469026404346094771824	0.8601700663631974830281	1.9166624770302451707948	0.5078282624909712383854	-255.089724	-249.385942	0.379500	1.000000
-2.9639363705329584419701	1.0909270499982552937723	1.9158207949111567547362	0.5150604922298097632094	-254.942951	-249.239168	0.379500	1.000000
-2.9659236768888335156191	1.1178492107694306678667	2.2649779750515057763494	0.5159042684340915396746	-255.002384	-249.298601	0.379500	1.000000
-2.9138520866688564225910	1.3333600244290384484458	2.3070429237106218067765	0.3286630303075419035075	-254.943818	-249.240035	0.379500	1.000000
-2.8330400944890641312668	0.1736676105018739590946	2.2913582910038634565808	0.7324183181252984509157	-254.427629	-248.723847	0.379500	1.000000
-2.8330400944890641312668	3.5756854928545100946735	2.2913582910038634565808	0.7324183181252984509157	-254.427629	-248.723847	0.379500	1.000000
-2.8377725436478087317482	3.5578542351307023139384	2.2662899997036287658148	1.2872923469461643453116	-254.435133	-248.731351	0.379500	1.000000
-2.8067582504653492136981	-1.4868253492705205687230	2.6563091346341938248088	1.1868178077822462146429	-255.126140	-249.422358	0.379500	1.000000
-2.8067582504653492136981	-1.4868253492705205687230	2.6563091346341938248088	1.1868178077822462146429	-255.126140	-249.422358	0.379500	1.000000
-2.8662977083801881583724	0.5259329772199992092396	2.2191633948036777468360	0.5565309321998315184032	-254.693304	-248.989522	0.379500	1.000000
-2.7847573401416263472186	0.8779464721437404417514	1.9706580226657230969778	0.7703455285159479526413	-255.531404	-249.827621	0.379500	1.000000
-2.7709605534342065524811	3.1071166153653497765674	1.3247582361514607107722	1.2222534301386420718671	-255.683358	-249.979575	0.379500	1.000000
-2.9636522225533141750020	1.5567077146091181649723	2.0379655029024887902267	0.9851295661507849521499	-254.932160	-249.228378	0.379500	1.000000
-3.1824965881853137794621	1.8820592814375760593038	2.7909913770350738282389	0.8914052058959756053014	-256.413397	-250.709615	0.379500	1.000000
-3.0689928558715675599444	3.1909726672186700113798	2.9447301371912484313498	0.5161105757680686245692	-256.086491	-250.382708	0.379500	1.000000
-3.0689928558715675599444	3.1909726672186700113798	2.9447301371912484313498	0.1111651152847941137480	-256.086491	-250.382708	0.379500	1.000000
-3.0689928558715675599444	3.2854716529138059399884	1.9675746522554651285475	0.1111651152847941137480	-256.086491	-250.382708	0.379500	1.000000
-2.9185309800261438617497	2.0508054758077642887315	1.9605579797160881394547	0.0611542410962124041718	-255.077366	-249.373583	0.379500	1.000000
-2.9310209143566972045392	2.2200073802219875140906	1.9599408186871227766090	0.0664572530601231642455	-255.223063	-249.519281	0.379500	1.000000
-2.9310209143566972045392	2.2200073802219875140906	1.9599408186871227766090	0.0664572530601231642455	-255.223063	-249.519281	0.379500	1.000000
-3.0116284515400879584490	2.7093751175150395660296	2.1767665592030027710280	0.1456845761827028906676	-255.582423	-249.878641	0.379500	1.000000
-3.0104761687009853332597	-0.7014060852286947422840	2.1828703251182708378053	0.0105807853490354764059	-255.578775	-249.874993	0.379500	1.000000
-3.0104761687009853332597	1.0473987599296750161670	2.1828703251182708378053	0.0105807853490354764059	-255.578775	-249.874993	0.379500	1.000000
-3.0104761687009853332597	1.0473987599296750161670	2.1828703251182708378053	0.0105807853490354764059	-255.578775	-249.874993	0.379500	1.000000
-3.0124966096985503760664	-0.9238966072819884134404	2.1721678322265507432576	0.2474750865254363996204	-255.619559	-249.915777	0.379500	1.000000
-3.2032441190951130849385	1.5507336082532221510633	0.5793091966836728667900	1.0668435407521090763083	-256.978448	-251.274666	0.379500	1.000000
-3.1516787082487223159433	1.2100391304823814309088	1.1830883670112377625827	1.3180890828524538527233	-256.526005	-250.822222	0.379500	1.000000
-2.6942148657888376206415	2.0091400606541482964928	1.6051893945028956611765	1.4960210245712568521981	-256.120813	-250.417030	0.379500	1.000000
-2.9455711565762019432668	2.3374674415430907181701	1.7720745326476434744478	1.7219869229687023715059	-255.154785	-249.451003	0.379500	1.000000
-2.9450696598748380417021	2.3393570163974004572083	1.7747310145187000784972	1.6631870318780421769134	-255.148467	-249.444684	0.379500	1.000000
-2.9544254498044559831271	1.2207871467161997003359	1.9379532284092855221047	1.4664915098517186109461	-254.974795	-249.271012	0.379500	1.000000
-2.7574385733738777659596	-0.4173158123433859945095	1.7509411431221308941275	0.0921722843744314512815	-255.808836	-250.105053	0.379500	1.000000
-2.7906910119719974261443	-0.4595291970791069990909	1.8115302933050678735327	0.4052327440851359874330	-255.405856	-249.702074	0.379500	1.000000
-2.8003676602761573555256	-0.4959895591508858836427	2.1857723375436277635231	1.5398082355281148547732	-255.299452	-249.595670	0.379500	1.000000
-2.7084429907056666309018	-1.7412986810673023452267	2.1903145810941517801496	1.5007785969720204288791	-255.698901	-249.995119	0.379500	1.000000
-2.7084429907056666309018	-1.7412986810673023452267	2.1903145810941517801496	1.5007785969720204288791	-255.698901	-249.995119	0.379500	1.000000
-2.9231902533952278666618	0.3802736078125568131014	1.4589087439404531121312	0.2517863203744318267852	-255.205157	-249.501375	0.379500	1.000000
-2.8883265015708690093277	-0.0920277708484960599300	1.4606314550756815950905	1.6481856016995584113261	-254.602728	-248.898946	0.379500	1.000000
-2.8962991045997998895700	-0.1220675102244145743269	1.4183997208411853740984	1.6576926306329962113040	-254.562012	-248.858229	0.379500	1.000000
-2.9671359538704318303814	-0.6521660374504454349420	1.3185325847193203330221	0.5623057839059473206333	-254.971965	-249.268182	0.379500	1.000000
-2.8343472361263279957200	0.3493078868537964343233	1.6495038339827412521288	1.2376448254431546835974	-254.426932	-248.723150	0.379500	1.000000
-2.8343472361263279957200	0.3493078868537964343233	1.6495038339827412521288	1.2376448254431546835974	-254.426932	-248.723150	0.379500	1.000000
-2.9538268409920975798855	2.0007353357250039493920	2.0759890040162058966189	1.7639016862625676029808	-254.969230	-249.265448	0.379500	1.000000
-2.9751622131871524601365	1.9992103199603561414222	2.0951027631444838483787	1.0142534995235101824562	-255.004442	-249.300660	0.379500	1.000000
-2.8877099466774485136966	2.0330745720761256301046	2.2238673880612966904380	0.1547128448164277192411	-254.590048	-248.886266	0.379500	1.000000
-2.8591456553123544281902	3.4621554461007626457558	1.5786296899922609426881	0.6221680285198278870240	-254.622604	-248.918821	0.379500	1.000000
-3.1400447217533176136328	3.4408147547669694077399	1.2639511940163692393924	0.6048698245629980929650	-256.477237	-250.773454	0.379500	1.000000
-3.0603185574812958869018	2.3272258674588663929228	2.3724542086676692065339	0.7972718203789842528195	-255.991490	-250.287708	0.379500	1.000000
-3.0603185574812958869018	2.3272258674588663929228	2.3724542086676692065339	0.7972718203789842528195	-255.991490	-250.287708	0.379500	1.000000
-2.7953316011484932168685	2.5063526033915604074309	1.9030849414146893128219	1.1765329152387324906925	-255.367915	-249.664133	0.379500	1.000000
-2.7434935977271406315481	2.6289856416631827151775	2.5050266668546177228905	1.4203984261843951575344	-255.526834	-249.823052	0.379500	1.000000
-2.8149830815980858567116	3.7653289177199540382901	2.9989684419052728969746	0.9985825752859659454330	-254.955139	-249.251357	0.379500	1.000000
-2.8149830815980858567116	3.7653289177199540382901	2.9989684419052728969746	0.8098630530189561138599	-254.955139	-249.251357	0.379500	1.000000
-2.8149830815980858567116	3.7653289177199540382901	2.9989684419052728969746	0.8098630530189561138599	-254.955139	-249.251357	0.379500	1.000000
-2.8207862132198453508636	2.2502595541256908973082	2.9682286306430514244425	0.9085414305300634207896	-254.795717	-249.091935	0.379500	1.000000
-2.8236983907839223739700	2.2897110017308919260870	2.9680847321681347317224	0.9777987137534576156384	-254.709113	-249.005330	0.379500	1.000000
-2.7202528794508116227746	1.1627124939838062722686	2.6603477579263423713485	1.1381449136419821144273	-255.374900	-249.671118	0.379500	1.000000
-2.9275756182258749760194	3.9713263185817804235000	2.6501033874273449697512	1.2261705937630871243726	-255.273071	-249.569289	0.379500	1.000000
-2.8297105512110287683925	3.8481243821313331210376	2.5764491328601533126630	1.0264871272550601943863	-254.549200	-248.845417	0.379500	1.000000
-2.9320739479526474191573	3.8403475472652743860635	2.4617760578024050488466	1.0201834291439004775981	-255.184684	-249.480902	0.379500	1.000000
-2.9618053882157835410283	3.3160779328415226352433	2.4130530029128207658573	1.0176113550690570885848	-254.938132	-249.234349	0.379500	1.000000
-2.7823738625021925408021	1.7047313634150538241840	2.9067782618467807864704	0.1673863908836349390086	-255.610432	-249.906650	0.379500	1.000000
-2.9711395579547357215233	1.1358593912538414993918	2.9220447913057632227662	1.9218501520051358699703	-255.021048	-249.317266	0.379500	1.000000
-2.8174058211288586228704	0.7529007789391692906378	2.9060825864966646214782	1.0315981511195342346099	-254.885807	-249.182025	0.381000	1.000000
-2.7610195604180121087268	-1.3707622738403848483557	2.3179769116225550362742	0.7727648425743358640005	-255.735930	-250.032148	0.381000	1.000000
-2.9134929586777995602631	-0.6884696761407222975748	2.4374891808912781954177	0.7957469100602183598170	-254.938932	-249.235149	0.381000	1.000000
-2.9134929586777995602631	-0.6884696761407222975748	2.1894056229181821926488	0.3843936788147279681738	-254.938932	-249.235149	0.381000	1.000000
-2.9134929586777995602631	-1.2625340197793515351066	2.1894056229181821926488	0.3843936788147279681738	-254.938932	-249.235149	0.381000	1.000000
-2.9056242998710311020716	-0.0877905502496844625249	2.2692647509428915952867	0.4551231913655081617875	-254.725504	-249.021722	0.381000	1.000000
-2.9056242998710311020716	3.0387410160753498544750	2.2692647509428915952867	0.4551231913655081617875	-254.725504	-249.021722	0.381000	1.000000
-2.8862023512610672781875	2.7261269473420148834464	2.2376586130039402000591	1.4754678257114348660650	-254.619433	-248.915651	0.381000	1.000000
-2.9456647605838850445537	3.4798858814065423139539	2.1256302168343195191369	1.5027014136204750460735	-255.155446	-249.451663	0.381000	1.000000
-2.9456018401614421087231	2.7262406480759526772317	2.1306895165232693223345	1.3358719284434126262084	-255.155201	-249.451419	0.381000	1.000000
-2.9458063462371244511928	2.7108108893083402435309	2.1142456103173836723386	1.8781067386523608853111	-255.155446	-249.451663	0.381000	1.000000
-2.8786288360118321705272	2.7156814715774526547420	2.0378850651518072290003	1.8759549485014797021165	-254.581807	-248.878024	0.381000	1.000000
-2.8785875661388393709217	2.7187952381612858765436	2.0412034894008663776788	1.7665305136772735394857	-254.583310	-248.879527	0.381000	1.000000
-2.7590993368390761553144	1.0054171905403528342049	1.4808685997068888884343	1.8442379066757663697018	-255.774229	-250.070446	0.381000	1.000000
-2.7590993368390761553144	1.0054171905403528342049	1.4808685997068888884343	1.8442379066757663697018	-255.774229	-250.070446	0.381000	1.000000
-2.7559731505235829374101	1.1792270938622839704379	1.4990465925086700060831	1.8020535373602213358168	-255.764452	-250.060670	0.381000	1.000000
-2.7559731505235829374101	-0.5149623188064549328402	1.4990465925086700060831	1.6400804180922707864454	-255.764452	-250.060670	0.381000	1.000000
-2.9319987578886306245352	2.0021551917425064459621	1.5021682924031234396267	1.7313956291080396798776	-255.179437	-249.475655	0.381000	1.000000
-2.9048839455741308768211	-1.5889483332793024050744	1.4639143554584461703882	1.9721958128058023618223	-254.670277	-248.966494	0.381000	1.000000
-2.9048839455741308768211	-1.5889483332793024050744	1.6460833304520905429058	1.9721958128058023618223	-254.670277	-248.966494	0.381000	1.000000
-2.9048839455741308768211	-1.5889483332793024050744	1.6460833304520905429058	1.9721958128058023618223	-254.670277	-248.966494	0.381000	1.000000
-2.9048839455741308768211	-1.5889483332793024050744	1.6460833304520905429058	0.6468689694231217757192	-254.670277	-248.966494	0.381000	1.000000
-2.9048839455741308768211	-1.5889483332793024050744	1.6460833304520905429058	0.6468689694231217757192	-254.670277	-248.966494	0.381000	1.000000
-2.9052311399374994849154	-1.6151437666148718008685	1.6181661571974566005139	1.5674326695419233956841	-254.674121	-248.970339	0.381000	1.000000
-2.9052311399374994849154	-1.6151437666148718008685	1.5355005628905162851083	0.8459148835911722841274	-254.674121	-248.970339	0.381000	1.000000
-2.8376127818590246576491	-0.9532974993440569422276	1.7665740593730259178074	1.3779350100853520189048	-254.386973	-248.683191	0.381000	1.000000
-2.8376127818590246576491	-0.9532974993440569422276	1.7665740593730259178074	0.6010841853374448984226	-254.386973	-248.683191	0.381000	1.000000
-2.8524986225718369503568	-1.4733899235746570344219	1.9001336209913970431984	0.1713476607095580639406	-254.532421	-248.828639	0.381000	1.000000
-2.8300643978666673028499	-1.9885782309217829855186	1.9147376542692298162507	1.7406633911634672440272	-254.472490	-248.768707	0.381000	1.000000
-3.0485557299137222564411	1.1314831531133748843132	1.9147553294565222703483	1.9811432891430473812733	-255.822864	-250.119082	0.381000	1.000000
-2.8643815234735310326641	-0.5963881705636360219813	1.3972300210287396105002	1.4472623311533461265554	-254.720776	-249.016993	0.381000	1.000000
-3.1190634608477010303318	0.1907890000555791665260	1.6480774595153537820380	1.3824613807301047163634	-256.144831	-250.441048	0.381000	1.000000
-2.9333633521651689690657	-1.6282950074460940115273	1.8364018596883826539568	1.3964601093465476289168	-255.206234	-249.502451	0.381000	1.000000
-2.9331814722336457812446	3.4777690456678382879829	1.8510264449224533844784	0.9142170766088270061900	-255.200799	-249.497017	0.381000	1.000000
-2.9221244314839327493871	3.4808520510718046203635	1.8632543393765046424448	0.8324580876177389843207	-255.186486	-249.482703	0.381000	1.000000
-2.7509242165007292690859	2.3671605202798344791404	1.7543982393230186378474	0.8473459048617987265928	-255.690503	-249.986720	0.381000	1.000000
-2.7368614317964654603088	2.4752508418544203472322	1.7474751321063015652157	0.7559608828052085671700	-255.363834	-249.660051	0.381000	1.000000
-2.8868534564528718355803	1.1415101373760077052566	2.2204451694308868781036	0.5583837425601534398822	-254.625203	-248.921420	0.381000	1.000000
-2.8412018981410711582214	0.5029119721340749027405	2.2323663098967334583733	0.1150823081706031925098	-254.404268	-248.700486	0.381000	1.000000
-3.0493349944454726241361	0.4113475231722845126825	1.0584428955846174602584	1.6585542257478382843772	-255.844471	-250.140689	0.381000	1.000000
-2.8437387470490120833233	2.6036742843975306804793	0.9625160653874244021111	1.5399040130752854604879	-254.401217	-248.697434	0.381000	1.000000
-3.1116123657640764044174	2.5806265285823171140578	1.4920970649996514456603	1.6641595849956267727521	-256.039552	-250.335770	0.381000	1.000000
-2.7066856784777582056734	1.0661586518905568077287	1.6599050953091607496503	1.6464089302662183733617	-255.720999	-250.017217	0.381000	1.000000
-2.8094717835002662731370	1.9279873850151856284896	2.4478006495990003443808	1.6258407813881130543621	-255.073088	-249.369305	0.381000	1.000000
-2.9703331730631341578430	2.2140239369537555447209	2.6065526268960832467769	1.6690428753013812901429	-254.988406	-249.284624	0.381000	1.000000
-2.9703331730631341578430	2.2140239369537555447209	2.6065526268960832467769	1.6690428753013812901429	-254.988406	-249.284624	0.381000	1.000000
-2.9703331730631341578430	2.2140239369537555447209	0.5125971470449917077872	1.6690428753013812901429	-254.988406	-249.284624	0.381000	1.000000
-2.9703331730631341578430	2.2140239369537555447209	0.5125971470449917077872	1.6690428753013812901429	-254.988406	-249.284624	0.381000	1.000000
-2.9904238082095475625977	1.9918153744339877064817	0.6436767099084521603913	1.4186400388039901443449	-255.211523	-249.507741	0.381000	1.000000
-2.9903161054564679766088	1.9999414288461985211853	0.6523368632258716992567	1.1330730614898913977129	-255.209859	-249.506077	0.381000	1.000000
-2.7760854826474821166471	1.5092157000392460997062	0.6346951087628815990627	1.2312483966401599477791	-255.669957	-249.966174	0.381000	1.000000
-2.7941348058164749978971	-1.2274260432480550431222	1.6087924294993671825438	1.8534311825996907518999	-255.382932	-249.679150	0.381000	1.000000
-2.9851801812496248089701	-1.1071180704383627446674	0.9066268892549063096453	0.9999219254653689548107	-255.173917	-249.470134	0.381000	1.000000
-2.9566561786558080981990	-1.1070631814952274218911	0.9997336982146527439852	0.3196742463909387210741	-254.952309	-249.248526	0.381000	1.000000
-2.9566561786558080981990	-1.1070631814952274218911	1.3254630519242649455691	0.3196742463909387210741	-254.952309	-249.248526	0.381000	1.000000
-2.8706356631612965912836	-0.8415510255316620558119	1.5507838473635571219233	0.7121076353130720848483	-254.660644	-248.956862	0.381000	1.000000
-2.8706356631612965912836	-0.8415510255316620558119	1.5507838473635571219233	0.7121076353130720848483	-254.660644	-248.956862	0.381000	1.000000
-3.1971268102195056215464	0.3484144261094520578226	1.4753474452658410509542	0.4083876745787080042582	-256.706224	-251.002441	0.381000	1.000000
-2.9755699020750498995369	0.3734018303483205847293	1.6815545662694484363442	0.0641424394377176770865	-255.037879	-249.334096	0.381000	1.000000
-2.9761145186452195865456	0.3323111083708845669982	1.6377630859031193644171	1.5081585234449468302387	-255.035410	-249.331628	0.381000	1.000000
-3.0484557586164870990331	0.1508582308703598773292	1.7070902548287312239239	1.3938979436047247428831	-255.822720	-250.118938	0.381000	1.000000
-2.6369500689310023666678	-1.0258330963274675529107	1.5780905660086741448822	1.5436308213776028797071	-258.021043	-252.317260	0.381000	1.000000
-2.7200935801519618983946	-0.8881946822625405024709	2.6010512408375885406997	1.2346745528036526806659	-255.374900	-249.671118	0.381000	1.000000
-3.0545510747496189551953	2.1947049649895102874098	1.8651097854420679578169	0.7512062185634117428279	-255.876448	-250.172665	0.381000	1.000000
-2.8186987269972636482862	3.2318276708862754276197	1.6420822137043815658330	1.0470211958628339310451	-254.805815	-249.102032	0.381000	1.000000
-2.9445170730178169549163	2.9946422015141052064280	1.9107720311383606937028	1.2357188954938889136059	-255.158670	-249.454887	0.381000	1.000000
-2.9650934654384353272860	3.1640521246660551213381	1.9341611763673201007663	1.2363779862878594428821	-254.959005	-249.255222	0.381000	1.000000
-2.9262936977334863541955	2.6942836112465098352686	2.2735224941950238353172	1.2325568256457266613779	-255.253396	-249.549613	0.381000	1.000000
-2.9653248914505496713900	2.9069853878531635160698	2.0232886913732879285988	0.8891324850443232952202	-254.996072	-249.292289	0.381000	1.000000
-2.7800272870466664620892	-1.0878254286490962599032	2.0263089562405895982522	1.2246310854609030460693	-255.702313	-249.998531	0.381000	1.000000
-2.8925983019999099710162	-1.5023977673081188033422	1.5280590043560575708170	0.2433757845615909243264	-254.600470	-248.896688	0.381000	1.000000
-3.0311890257004110438288	-1.6493391643266861468220	0.8818530641586390661502	0.3262593796232399201429	-255.956266	-250.252483	0.381000	1.000000
-3.0311890257004110438288	-1.6493391643266861468220	0.8818530641586390661502	1.5544847156609018501427	-255.956266	-250.252483	0.381000	1.000000
-3.0349216173467330470714	-1.9946236074970915552740	1.1514830908225108796472	1.7024587774571560139236	-255.991422	-250.287640	0.381000	1.000000
-2.8992550996842147981170	-1.8474187839278739531323	1.1866605133451688658397	1.7372388437273136307937	-254.587880	-248.884098	0.381000	1.000000
-2.8992550996842147981170	-1.8474187839278739531323	1.1866605133451688658397	1.7372388437273136307937	-254.587880	-248.884098	0.381000	1.000000
-2.8906891641397622905174	1.7958567667031577475001	1.6467779059773239858089	1.7314036659477822777120	-254.566468	-248.862686	0.381000	1.000000
-2.8438318568950062825706	1.1380744818687076325148	1.6569371779197505922809	1.3448450414671386798915	-254.402444	-248.698661	0.381000	1.000000
-2.9574318474424510228005	1.1405827139911175471809	1.7976899100188503677344	1.7935391811187046950948	-254.958246	-249.254463	0.381000	1.000000
-2.9573466828930601302261	1.1470082856924490588568	1.8045378134739371578377	1.5677308127293763106991	-254.958246	-249.254463	0.381000	1.000000
-2.8382999049827914994637	3.6071826019492130299682	1.4036884204070787518503	1.5350392197274040917421	-254.433062	-248.729280	0.381000	1.000000
-2.7129192488731797006096	3.6162730966473510818560	1.2611684725608578450107	0.4325504739222911787522	-255.490410	-249.786628	0.381000	1.000000
-2.8589064498787770673971	3.2049910960663248182811	0.9190586944130436641842	1.0555886388281843224490	-254.621132	-248.917350	0.381000	1.000000
-2.7401172772779252007069	1.7200191355765923617582	0.8877892311005199932339	0.8078109406184627028225	-255.442072	-249.738289	0.381000	1.000000
-2.7405100611732873261417	1.6903840221305954649722	1.6091075715728251349645	1.8492523757652459259759	-255.452372	-249.748590	0.381000	1.000000
-2.7195668718795857898840	1.6919024696897633219805	1.5853014890519101509625	1.8485815359514585765055	-255.369603	-249.665821	0.381000	1.000000
-3.1796461560785456157419	1.6585452643320444110486	2.1082727162230190387504	1.8633185226162465308875	-256.381562	-250.677779	0.381000	1.000000
-3.1792249713913007802546	1.6903231863283383340502	2.1421392968089625341577	0.7465742000372046494050	-256.382924	-250.679142	0.381000	1.000000
-2.7242815073548416471283	1.6976623411587150602742	1.6115440458794734190917	1.8842000823362301531461	-255.305623	-249.601840	0.381000	1.000000
-2.8677149493091160792346	2.3308909122644747569097	1.7745845602699545917602	1.8887944572493389205903	-254.706920	-249.003138	0.381000	1.000000
-2.9522059498295671886581	1.6246903200420423907246	0.6128365553416983413371	1.6892623728865241439223	-254.955845	-249.252063	0.381000	1.000000
-3.0792131891793941278479	0.1802532724305334066450	1.5962381895134767351152	1.6139301076361154407834	-256.242531	-250.538749	0.381000	1.000000
-2.9969770819575880516084	-0.9960106971996447455808	1.5945016506895459684756	1.5804368559037051955585	-255.301519	-249.597736	0.381000	1.000000
-2.9969770819575880516084	-0.9960106971996447455808	1.5945016506895459684756	1.5804368559037051955585	-255.301519	-249.597736	0.381000	1.000000
-2.9097936657716316766198	-0.6343940535870504771054	1.6715059367018925140513	1.5829731383664664701172	-254.829627	-249.125844	0.381000	1.000000
-2.9097936657716316766198	-0.6343940535870504771054	1.6715059367018925140513	1.5829731383664664701172	-254.829627	-249.125844	0.381000	1.000000
-2.7193902815402193340333	0.4755850734937966395321	1.7465490315870901838480	1.1650490388770091687576	-255.370777	-249.666994	0.381000	1.000000
-2.8681994493614175745222	1.1095519046147708230876	1.0967662800514064169732	1.1866453759111694754580	-254.687879	-248.984097	0.381000	1.000000
-2.9143800317129113786052	0.8768722416021565990718	1.0819760534955347175412	1.1847294875570832939360	-254.981883	-249.278101	0.381000	1.000000
-2.9143800317129113786052	0.8768722416021565990718	1.0819760534955347175412	1.1847294875570832939360	-254.981883	-249.278101	0.381000	1.000000
-2.9143800317129113786052	3.8746969794637031725415	1.0819760534955347175412	1.1847294875570832939360	-254.981883	-249.278101	0.381818	1.000000
-2.9287915469988075045649	-1.5337423939806005268593	0.5815220091936499358098	1.0920215570110902714163	-255.230278	-249.526495	0.381818	1.000000
-2.7387904534976672543678	-1.7205450859230402294031	0.7770085380782989492587	1.1736838698764722188628	-255.383773	-249.679990	0.381818	1.000000
-2.7256771273232192065450	-1.9191878915099895852592	0.7763377294958310192996	1.1682241845889036468975	-255.306596	-249.602813	0.381818	1.000000
-2.7256771273232192065450	-1.9191878915099895852592	0.7763377294958310192996	0.1836679293737095708394	-255.306596	-249.602813	0.381818	1.000000
-2.7204302360101930702285	0.7753255906146010456581	0.7645962516890290050497	1.2445991013385737655739	-255.332585	-249.628802	0.381818	1.000000
-2.8202718258971390952183	-0.6598206962605245307074	1.2717504404671986506514	1.3425813880473118633319	-254.792990	-249.089207	0.381818	1.000000
-2.8890651878991633338956	0.0699044393015722242968	1.7562092627444481074406	1.5991578719143926257118	-254.605376	-248.901594	0.381818	1.000000
-2.8736729387629735832377	-0.1632598633346157845914	1.7554218764866305058092	1.5927493654047935045526	-254.624117	-248.920335	0.381818	1.000000
-2.8736729387629735832377	-0.1632598633346157845914	1.7554218764866305058092	1.6970828931749331047740	-254.624117	-248.920335	0.381818	1.000000
-2.8582519924033364944194	0.5087348702126675004109	1.7682702639777252429099	0.4270111206414037852142	-254.644782	-248.941000	0.381818	1.000000
-2.8386380372828354801129	0.2438676561033547018909	1.7717359581444649396786	0.0047355894859200230868	-254.356989	-248.653206	0.381818	1.000000
-2.8391058426508402057209	1.8107950816441056307582	1.7702354929122920967899	1.3710741077784762698144	-254.356160	-248.652378	0.381818	1.000000
-2.8370381677405118736601	1.8280925655925026607207	1.7768674696414537006461	0.7458813992786705870941	-254.381141	-248.677358	0.381818	1.000000
-2.7096466752309558145839	3.6943086849713218100533	2.3791546562120635677218	1.1562307901672508325674	-255.606622	-249.902840	0.381818	1.000000
-2.7378617825560880305602	2.8772646619127590916776	2.0280522209072517902939	1.5086252855832551489357	-255.394402	-249.690619	0.381818	1.000000
-2.7351643185209120190393	2.8998307532343514658635	2.0367042186752164489860	0.6930063322320848540059	-255.325276	-249.621493	0.381818	1.000000
-2.8116842287896410823578	1.5744241509470446871433	2.3081465340806786024075	0.8894518325035719596983	-255.018651	-249.314869	0.381818	1.000000
-2.8380388534801244126982	0.5746753486958739998158	2.7382365886157509216048	0.2502323759896054600205	-254.436812	-248.733029	0.381818	1.000000
-2.8400138908458205655450	0.5581528397850376022049	2.7319017427542990894551	0.8474147250522976460019	-254.355864	-248.652082	0.381818	1.000000
-2.8649013288373987862201	-1.5299924370202826473530	2.7331748527782777635764	0.8577765186384788131946	-254.716036	-249.012254	0.381818	1.000000
-2.9248439550517999485635	-0.6219717497380392590145	0.7576641853532896098145	0.8827334113510763025090	-255.247333	-249.543551	0.381818	1.000000
-2.8734369100271743846520	0.3963802633793988006161	1.0611645277123435970879	1.9005296834376501635688	-254.621610	-248.917828	0.381818	1.000000
-3.0234559367864979328999	1.8886321238347090201160	1.5316057531817544035135	1.9048949434638937638908	-255.830889	-250.127106	0.381818	1.000000
-2.8358657833378178025896	-1.4236259906115231732571	1.6241642073853179706333	0.9848562673836538383654	-254.382599	-248.678817	0.381818	1.000000
-2.7597105677144870838902	-0.9707498215373933092565	2.0014700332891388612211	1.4594478890872266685363	-255.813114	-250.109331	0.381818	1.000000
-2.8258774834401774178616	0.0315574193514449596876	2.0048547836075374384279	1.4869962419235394079919	-254.603779	-248.899996	0.381818	1.000000
-2.7302447631326263177698	1.1235291535921374528328	1.6553389969164102879517	1.7961852154995086028322	-255.240980	-249.537197	0.381818	1.000000
-2.7302447631326263177698	1.1235291535921374528328	1.6553389969164102879517	1.7961852154995086028322	-255.240980	-249.537197	0.381818	1.000000
-2.8900405616809967668246	-0.9408070572869360326251	2.9786341735365704508354	1.3057423508054921690302	-254.568914	-248.865132	0.381818	1.000000
-2.9596403255867702597470	-0.9452008913238473253315	2.9265425449284419023854	1.3048380177569061100229	-254.943937	-249.240155	0.381818	1.000000
-2.9406749730721992719396	0.9328154102853436491216	2.5524684682420941683745	1.9540347565210507418954	-255.143220	-249.439438	0.381818	1.000000
-2.8268723320219333317027	-0.7910855741558533438251	2.5466469255374835078953	1.1879927276293456017697	-254.620373	-248.916590	0.381818	1.000000
-2.8288346071029275563546	-0.8075013180168887361177	2.5403530141453383173200	1.7813162073410213626090	-254.531901	-248.828118	0.381818	1.000000
-2.8288346071029275563546	-0.8075013180168887361177	2.8475218907115036337530	1.7813162073410213626090	-254.531901	-248.828118	0.381818	1.000000
-2.8292871131845691579088	-0.8112868341271093353129	2.8460704972703680937229	1.9181382490367333559789	-254.554743	-248.850961	0.381818	1.000000
-2.8306880731772716686123	-0.8230068017414912118213	2.8415769794433254347155	1.9170879142710712805808	-254.477717	-248.773935	0.381818	1.000000
-2.8103164290613227294102	-1.2953079705149757039351	2.7265817959997096231461	1.9445709385051794804156	-255.035918	-249.332136	0.381818	1.000000
-2.7839580756931412430788	-1.6945886102286591423649	2.7252334417054684401194	1.9335967346933953248111	-255.544385	-249.840603	0.381818	1.000000
-2.9578318305157562662089	-1.6945886102286591423649	2.7252334417054684401194	1.9335967346933953248111	-254.917980	-249.214197	0.381818	1.000000
-3.1929104177385250196153	-1.3977643022629235858290	2.6452425692961294423355	1.6238972783805150079672	-256.613580	-250.909798	0.381818	1.000000
-2.8659157951982749956699	-1.8726257580194800578255	0.9123165769759271626071	1.1718082017666970884306	-254.696188	-248.992405	0.381818	1.000000
-2.8659157951982749956699	-1.8726257580194800578255	0.9123165769759271626071	1.0168237209732611248114	-254.696188	-248.992405	0.381818	1.000000
-2.9931729456844760051126	-1.8297112202551311099796	0.7943777658204829172917	1.9843708047050112597276	-255.230417	-249.526634	0.381818	1.000000
-2.9931729456844760051126	-1.8297112202551311099796	0.7943777658204829172917	1.9843708047050112597276	-255.230417	-249.526634	0.381818	1.000000
-2.9931729456844760051126	-1.8297112202551311099796	0.7943777658204829172917	0.0283803273276952428006	-255.230417	-249.526634	0.381818	1.000000
-2.9931729456844760051126	-1.8297112202551311099796	0.7943777658204829172917	0.2593647400567506977609	-255.230417	-249.526634	0.381818	1.000000
-2.9639044742969651302644	1.4353257938319512465597	1.3521685295061531828509	0.0237193128382958764999	-254.942951	-249.239168	0.381818	1.000000
-2.9097905715895731049159	1.3813617273424534381832	1.2763662102229389461172	1.2045629222387705947739	-254.829627	-249.125844	0.381818	1.000000
-2.9097905715895731049159	1.3813617273424534381832	1.3741396927308697772929	1.2045629222387705947739	-254.829627	-249.125844	0.381818	1.000000
-2.9690679443637635337438	-0.0896984596675885342831	1.9230298594327088768097	0.9362048313945713351458	-255.031357	-249.327574	0.381818	1.000000
-3.0453983028439521874020	3.0305944765066832324862	0.9725793331305154776345	1.4968356024458557840262	-255.847055	-250.143273	0.381818	1.000000
-3.1096776545592428320219	-1.8678760130134295369686	2.5869799896189027421656	1.4974121245705520610869	-256.064548	-250.360766	0.381818	1.000000
-3.1453196294758192230745	-1.3279655585717335952722	2.5813869284988446572982	1.5122515301861234604530	-256.456512	-250.752729	0.381818	1.000000
-3.0970338240520423056523	-0.6478654575469388054998	2.4591999942414735080831	1.2875656128618535589681	-256.221019	-250.517237	0.381818	1.000000
-2.9515851123592939941886	-1.0959232883429474991743	2.2958436661251520050087	1.6801122844890870045020	-255.021998	-249.318215	0.381818	1.000000
-2.8996035957856780562736	-1.8833477871682644533280	2.2931845659866052500320	1.6584699705950358694651	-254.630208	-248.926426	0.381818	1.000000
-2.9300154140592304941038	0.7184404550522132115731	1.0131285067256174947659	1.2634072659580988240435	-255.232362	-249.528579	0.381818	1.000000
-2.9300154140592304941038	0.7184404550522132115731	1.0131285067256174947659	0.5239310285623004492805	-255.232362	-249.528579	0.381818	1.000000
-2.9783003619666343908534	-0.8481463137817389918993	1.7290339180085279036092	1.2444322801204339423720	-255.051044	-249.347261	0.381818	1.000000
-2.9106752777523907660395	-1.3857363598860459319440	1.8378418979310149339312	0.3413163368919732709728	-254.852167	-249.148384	0.381818	1.000000
-2.9113412713098965056702	-1.3913078415600497184101	1.8357057527598921176093	0.5426895382499781206320	-254.894731	-249.190949	0.381818	1.000000
-2.9133888981047268984526	-1.4084376096096411501435	1.8291380794832621248247	1.1618203965208335759485	-254.940087	-249.236304	0.381818	1.000000
-2.9133888981047268984526	-1.4084376096096411501435	2.9522186777599519480475	1.1618203965208335759485	-254.940087	-249.236304	0.381818	1.000000
-2.9050016253883930161805	-0.7659831727267912837576	2.7192211675020159233895	0.8230897010281587045100	-254.674338	-248.970555	0.381818	1.000000
-2.7292453662863804808580	-1.2018869376193950238019	1.8402352066813463249417	1.1059693388037841188520	-255.255473	-249.551691	0.381818	1.000000
-2.9456021037306214793716	-1.7187453168027777561377	1.4629585206313251433130	1.9568334621544922757863	-255.155201	-249.451419	0.381818	1.000000
-2.9482047322444406844966	-1.6793202752070710559451	1.4630916573748804498933	1.9579170569966304338294	-255.079318	-249.375536	0.381818	1.000000
-2.9710403058048009405923	-1.2288180067832790154370	1.2912813067889878926309	0.3322277820072843113053	-254.995857	-249.292075	0.381818	1.000000
-2.8377971419542502573563	0.3882268142095994800655	1.2287048783835299303746	0.3840577232239080207599	-254.435133	-248.731351	0.381818	1.000000
-2.8377971419542502573563	0.9180989751291268596844	1.7137962267000608207468	0.3840577232239080207599	-254.435133	-248.731351	0.381818	1.000000
-2.8132095537083863234784	1.0982658564901639497435	1.5254034431920813208450	1.6324900577797165635019	-254.964768	-249.260985	0.381818	1.000000
-2.9301181041723793896381	1.9638187382160881000459	1.4379037671855683377942	1.6309710258187748443959	-255.232362	-249.528579	0.381818	1.000000
-2.9926762170202172441691	1.7146369685004838601117	1.7614526595996671254341	1.1607367264335000101028	-255.227377	-249.523594	0.381818	1.000000
-2.9906367039638883653652	1.8441542890242605956530	2.0482921288675424165149	1.0632416697574773589707	-255.213535	-249.509753	0.381818	1.000000
-2.7601585395930334776438	0.3185944717127677794366	2.1252711591064619156555	1.7963736197653599191426	-255.803656	-250.099874	0.381818	1.000000
-2.9024996748874838381482	0.3106204804974700972586	1.7426641526909936175116	1.7916235868526364516384	-254.666921	-248.963138	0.381818	1.000000
-2.9024996748874838381482	0.7596081418963183118365	1.7426641526909936175116	1.7916235868526364516384	-254.666921	-248.963138	0.381818	1.000000
-2.9024996748874838381482	0.7596081418963183118365	1.7426641526909936175116	1.7916235868526364516384	-254.666921	-248.963138	0.381818	1.000000
-2.9024996748874838381482	0.7596081418963183118365	2.9590551240833979917966	1.7916235868526364516384	-254.666921	-248.963138	0.381818	1.000000
-3.0041832500406977501939	0.6331917585016566540901	2.8000604004223674792229	1.6847770118612601653041	-255.512546	-249.808763	0.381818	1.000000
-3.0064556385575467167826	0.6330308899391089427766	1.5162437815650358086117	1.6847973929357562550280	-255.537330	-249.833548	0.381818	1.000000
-2.8903296765503783127826	-0.1415615987098799433141	2.0166495034951887888042	1.8448605689356707415527	-254.565988	-248.862205	0.381818	1.000000
-2.9480136944760473305394	0.8273351874287926399631	2.8594381918195921343795	0.2000597163699203706599	-255.080563	-249.376781	0.381818	1.000000
-2.7242152264863377375548	1.1416868314218429070195	2.9486292280595374215579	0.1989529439056280102349	-255.305470	-249.601687	0.381818	1.000000
-2.7279818510197739733769	1.7847109238229528216380	1.5692321795778911841523	1.3957725551796977825347	-255.294567	-249.590784	0.381818	1.000000
-2.7767303734962558436905	1.9265362828775507431089	2.0679294676157500276759	1.6183191147000641763043	-255.675584	-249.971802	0.381818	1.000000
-2.9695911912405579258234	1.6246888237227499196536	1.9083566901626340950315	1.6076371954941739428335	-254.989200	-249.285417	0.381818	1.000000
-2.9368565189999693565426	1.1288186648220850383240	2.2728587241174293964718	1.5940082346914166144813	-255.199616	-249.495833	0.381818	1.000000
-2.9377166341226090828798	1.1216232263838079585838	1.6611981230320080893392	1.8540770203882503963655	-255.148433	-249.444651	0.381818	1.000000
-2.9377166341226090828798	1.1216232263838079585838	1.6611981230320080893392	1.8540770203882503963655	-255.148433	-249.444651	0.381818	1.000000
-2.9338436781417374099590	1.1540230942631055643943	1.4996186145092724739669	0.6830303401356009329604	-255.201585	-249.497803	0.381818	1.000000
-2.8403379820906096142608	0.2864241409313927899660	2.6878534579366064605210	1.7392295267222595001044	-254.360512	-248.656730	0.381818	1.000000
-2.8400826241783390102569	0.0901590579875270747845	2.6886725072578148143521	1.6620182088251935770273	-254.355864	-248.652082	0.381818	1.000000
-2.7443104604012518166201	-0.4871593489214346428540	2.7878721120507043984560	0.0272537399108530031810	-255.533391	-249.829608	0.381818	1.000000
-2.8264014347310402186508	-0.4074307401909695869335	2.8663404071657363481052	0.0595858692164156558690	-254.626668	-248.922886	0.381818	1.000000
-2.8264014347310402186508	-0.6775241660528013021292	2.8663404071657363481052	0.0595858692164156558690	-254.626668	-248.922886	0.381818	1.000000
-2.8680072997485503982773	-0.0472717307816941378906	2.8684687437115878871907	0.0769083186156606785078	-254.687879	-248.984097	0.381818	1.000000
-2.8714032403178531005494	-0.0756810456086054739178	2.8575764130474530233528	1.1037221914452013393770	-254.631613	-248.927830	0.381818	1.000000
-3.1130021757427281947628	1.0183287202970863205564	0.8530763200430795389906	1.5746285440829599355794	-256.069128	-250.365346	0.381818	1.000000
-3.1000795150918336595680	1.0410816135411264937716	1.4093753961151358478077	0.5824874665712034271792	-256.210153	-250.506371	0.384739	1.000000
-2.8107270122198886319609	3.2601426479329118635064	1.1233269001358954231051	1.9228939297861968871217	-255.043670	-249.339887	0.384739	1.000000
-2.8126657362378915117063	3.8433476818626539639467	1.2921182853967352333058	0.4719942299804728569335	-254.983371	-249.279588	0.384739	1.000000
-3.0642160447956419133675	3.0300613675122067824930	1.4164953340152335314883	0.9981648666201705655254	-256.047698	-250.343916	0.384739	1.000000
-2.9110060388953851173710	1.4971898561245455816504	1.2239757934571413588998	1.3260553645934241018267	-254.857299	-249.153516	0.384739	1.000000
-3.0541230510876857806579	1.5003553813730656774084	1.1769334525454768769492	1.3345847075366203959845	-255.859502	-250.155719	0.384739	1.000000
-3.1857337399065750460636	1.4918527781983446089953	2.3546651973336856222829	1.3372328068059431416259	-256.469311	-250.765529	0.384739	1.000000
-3.3838672011348642776341	1.4790525245747474514246	2.4071968277559769866514	0.9152932365379653489867	-260.095892	-254.392109	0.384739	1.000000
-3.1769658764849895149496	1.4790379781774298795227	2.1396336470390302508804	0.6775024542108449843170	-256.379371	-250.675588	0.384739	1.000000
-3.1254456146162636898111	1.4762887793138512737556	2.0394702886951625586676	0.9514420909284380112325	-256.235671	-250.531888	0.384739	1.000000
-2.8215420459647360118538	-1.5780380001140623669187	1.7103899574260092997235	1.5212168544161375205448	-254.702278	-248.998496	0.384739	1.000000
-2.9538152032238489397287	-0.2572855843256172114764	1.8706524053810933416742	1.6489877799750567444192	-254.969230	-249.265448	0.384739	1.000000
-2.9046206341484466229019	1.6647244736962494293664	2.4156105016615967429061	1.2552541803239460893593	-254.673125	-248.969342	0.384739	1.000000
-2.8812416880935973750866	-1.1119936796808009837889	2.6146677746816617826653	1.1179423003842507977623	-254.583565	-248.879783	0.384739	1.000000
-2.8664956136175758771856	1.1106172359349322231736	2.8360599361485703262531	0.4480018282301716503468	-254.697083	-248.993300	0.384739	1.000000
-2.8664956136175758771856	1.1106172359349322231736	2.8360599361485703262531	0.4480018282301716503468	-254.697083	-248.993300	0.384739	1.000000
-2.8619036802318507106691	1.1350605759980774145390	2.9585455518018664022861	0.7367655285523762032085	-254.686085	-248.982302	0.384739	1.000000
-2.8977403240964281216918	1.1268995782830590890455	2.9357228269589912272863	1.0028493569381369265869	-254.593989	-248.890206	0.384739	1.000000
-2.9002456543454071535848	1.1135634442187793968770	2.9273191908288511697833	1.5989573623768285060009	-254.621564	-248.917782	0.384739	1.000000
-2.9058513366177076697738	-1.1892407396980038125633	2.9865357268169518967227	1.0022302427750962028341	-254.752876	-249.049093	0.384739	1.000000
-2.9058513366177076697738	-1.1892407396980038125633	2.9865357268169518967227	1.2526601440276248222716	-254.752876	-249.049093	0.384739	1.000000
-2.9058513366177076697738	-1.1892407396980038125633	2.9865357268169518967227	1.2526601440276248222716	-254.752876	-249.049093	0.384739	1.000000
-2.8078682556741436648906	1.3263131909237020344960	2.5864820857006574073012	1.0377856304786179375554	-255.115087	-249.411305	0.384739	1.000000
-2.8078682556741436648906	-1.5555475952353492452573	2.0494490989129818814263	1.0159976962999084371120	-255.115087	-249.411305	0.384739	1.000000
-2.8226775708151152777248	-1.5564851284755143456806	2.0413163247440939684907	1.0157998291886840558362	-254.687762	-248.983980	0.384739	1.000000
-2.8213207592317948169125	-1.5492626789870662662452	2.0458674815618560494102	0.6929656451448789056258	-254.701746	-248.997963	0.384739	1.000000
-2.8205928662970340958793	-1.5453880290217116844076	2.0483090548306575051640	0.5197737852334640695773	-254.798856	-249.095074	0.384739	1.000000
-2.8584621089711443886472	-0.9511841249732052583354	2.0484482923833349232723	0.5329101262941707828347	-254.643825	-248.940042	0.384739	1.000000
-2.9719763901936304684170	-1.9182056351142835470824	1.7674484577948430530370	0.4312336457364900343947	-255.028379	-249.324596	0.384739	1.000000
-2.8645553235856215934518	-1.9321406733728667681760	1.7062205542848949413326	0.3760865408201434223479	-254.720216	-249.016433	0.384739	1.000000
-2.8672339394758710184874	-1.9425466415746648340956	1.6908798128060236187764	1.5375229624574013875815	-254.709468	-249.005685	0.384739	1.000000
-2.8646407458180283001070	-1.9287428014263545694718	1.6995781694096607772337	0.9205090978289910408350	-254.720216	-249.016433	0.384739	1.000000
-2.8821303734074694702372	3.5282006233604943368221	1.9648372575376602533481	0.3033788580340456286777	-254.585833	-248.882051	0.384739	1.000000
-2.8821303734074694702372	3.5282006233604943368221	1.9648372575376602533481	0.3033788580340456286777	-254.585833	-248.882051	0.384739	1.000000
-2.8404563498910513352769	3.3595431779509556946550	1.9085006751820918768914	0.2989865948430602826669	-254.360512	-248.656730	0.384739	1.000000
-3.0081904328882975718784	1.9294148600955600691975	2.0522419363055832697285	1.1450052214472170586390	-255.542611	-249.838829	0.384739	1.000000
-3.0055684367408588286708	2.7943810628587963940106	2.1870058489724764072548	0.8628258007872596779819	-255.515198	-249.811416	0.384739	1.000000
-2.9047241277485982280382	1.2120393556336490625824	0.8043184436080842436567	0.8278442394089728928464	-254.671185	-248.967402	0.384739	1.000000
-2.9047241277485982280382	1.2120393556336490625824	0.8043184436080842436567	0.5715091003573051775533	-254.671185	-248.967402	0.384739	1.000000
-2.9836234098728673380663	2.5949058123152797250555	0.7866112078250693251391	0.6522199027038354524066	-255.129268	-249.425486	0.384739	1.000000
-2.9841871779597610725432	0.4154318633368622171176	0.7847201589839157831463	1.6874779450725465590466	-255.160096	-249.456314	0.384739	1.000000
-2.9768418488446712899531	0.4279695503933922395845	0.8051140477966173270019	0.2400788173606858144637	-255.039736	-249.335954	0.384739	1.000000
-2.9469723134517997742421	1.7928879995689173121320	2.7156518891816383565185	1.4768537472793090703505	-255.092201	-249.388419	0.384739	1.000000
-2.9999381378628626748650	2.6463634311048762626228	2.7194248090721635513489	1.2420582501202019898301	-255.392089	-249.688306	0.384739	1.000000
-2.9975130795834301622449	2.6592722691079244690116	2.7275591887145447245189	0.6650498279314102090254	-255.381950	-249.678168	0.384739	1.000000
-2.9576117174240215135228	3.1776485608721474207528	2.6782977994801164811633	0.7286541363524541292662	-254.911951	-249.208169	0.384739	1.000000
-2.9576117174240215135228	3.1776485608721474207528	2.6782977994801164811633	0.7286541363524541292662	-254.911951	-249.208169	0.384739	1.000000
-2.8698290072722629773239	2.8133227494466366280790	2.7051947697959062288930	1.1714582721574462453873	-254.663994	-248.960212	0.384739	1.000000
-2.8698290072722629773239	2.8133227494466366280790	2.7051947697959062288930	1.1165739019627625161490	-254.663994	-248.960212	0.384739	1.000000
-2.8144242673420607481205	2.5326289160473174355559	2.8056453324072139210443	1.1556763523973219154328	-254.976507	-249.272725	0.384739	1.000000
-2.7374410030256344228405	2.9486588520468286489518	2.6218325600017724497093	1.0847853327348504492988	-255.366164	-249.662381	0.384739	1.000000
-3.0036878982893755463124	2.9315175206207713110018	2.9997748199509395305995	1.0886109041341109904266	-255.525192	-249.821410	0.384739	1.000000
-2.7521221005405576143232	0.5812589870560991300863	1.4980762030435414988716	1.2004985418710445443935	-255.706349	-250.002567	0.384739	1.000000
-2.8823982534849457159964	2.2254716495461654979238	1.1171266601222045178332	0.0109910320656047000298	-254.588212	-248.884430	0.384739	1.000000
-2.8546130127491160521913	2.4115154917020844571596	1.1247999938837953681769	1.2921771872568759143007	-254.507448	-248.803666	0.384739	1.000000
-3.0982263160938261492561	0.9457321647283487564550	1.0145808208177098386216	1.0658759521763898625579	-256.235888	-250.532106	0.384739	1.000000
-3.0210926942927538441097	1.6988110525495274671925	0.8452692120855803681323	1.8958044390466848305721	-255.796105	-250.092323	0.384739	1.000000
-2.9247235647461309326900	0.8678709684685197434106	1.5521491801109150721061	1.9451512812521329909288	-255.247333	-249.543551	0.384739	1.000000
-2.7887747571564678317202	-0.9394109613153024396226	1.9808856466242725780091	1.6287751125699534426872	-255.474400	-249.770617	0.384739	1.000000
-2.7864998520046113661408	-0.9273014040619053099945	1.9885163672187227135169	1.0874935098000086952652	-255.476760	-249.772977	0.384739	1.000000
-2.7427637868679033417152	1.1630542646358754677038	1.9058586145277514045659	1.4853132149582697341117	-255.499014	-249.795232	0.384739	1.000000
-2.8543067510323734126132	1.8080562641519415389979	1.0680427426545531233160	0.3947375247738307835199	-254.511633	-248.807850	0.384739	1.000000
-2.8870431948361812146686	3.2299767959666416672349	1.2057708920572922650649	1.0668994600911607673055	-254.591069	-248.887286	0.384739	1.000000
-2.8870431948361812146686	3.2299767959666416672349	1.2057708920572922650649	1.0668994600911607673055	-254.591069	-248.887286	0.384739	1.000000
-2.8909473492349415657543	3.2091945751433659239638	1.1926751762424061542589	1.9958379473497203093757	-254.584003	-248.880220	0.384739	1.000000
-2.8909473492349415657543	2.7099481615498444142531	1.1926751762424061542589	1.9958379473497203093757	-254.584003	-248.880220	0.384739	1.000000
-3.1174237589727145092411	-0.3142515135851022822777	2.0590667963166602305591	1.5760329270700361714574	-256.111636	-250.407853	0.384739	1.000000
-2.8073828450423796709856	-0.3195711369749810737417	1.6479138415759879698896	1.2063811904720440626448	-255.103264	-249.399482	0.384739	1.000000
-2.6188729722271508748577	0.6565628252301185519002	1.9517283316415410254763	0.2458166851081108050803	-258.806217	-253.102434	0.384739	1.000000
-2.7497557119208591025483	0.7629496248763385501945	0.7168680459097549473313	1.0980300696368263668745	-255.653828	-249.950046	0.384739	1.000000
-2.7497557119208591025483	3.5325185507738314782955	0.7168680459097549473313	1.0980300696368263668745	-255.653828	-249.950046	0.384739	1.000000
-2.7275133196828766912745	3.9445367797196513315328	0.9105367516424559548582	0.0748555385455282884521	-255.297415	-249.593632	0.384739	1.000000
-2.8990237801008595930341	3.9061823154351897890990	1.1193646702717816587835	1.0189982227730420838441	-254.584900	-248.881118	0.384739	1.000000
-2.9440507832124085396686	3.9033317911725720072980	0.8051556795374065211846	1.0183966174355933986817	-255.149830	-249.446048	0.384739	1.000000
-2.9440507832124085396686	3.9033317911725720072980	0.8051556795374065211846	1.0183966174355933986817	-255.149830	-249.446048	0.384739	1.000000
-2.8979211567379161706981	2.1487610337379829950066	0.7235233033456117679449	1.3432444813132062844119	-254.592555	-248.888772	0.384739	1.000000
-2.8966912587777211562923	-0.1482997510282442199525	1.1725795660647211349215	1.0506076043011658427417	-254.592756	-248.888974	0.384739	1.000000
-2.8984409514078635083933	-0.1576135472817995208938	1.9338350249490359189508	1.4669222934763503918276	-254.599707	-248.895924	0.384739	1.000000
-2.8078776484384446732179	-1.5786366358883796578993	1.9335020419850943440565	1.4355070775548626205165	-255.115087	-249.411305	0.384739	1.000000
-2.9557727088089058575804	-0.9057541148371265338213	0.6987757902676672294717	0.5877609741212749261408	-254.912765	-249.208983	0.384739	1.000000
-3.0154307712267724994604	-0.9210307633755187017854	0.6598805299902603671569	1.1072095944363153918744	-255.695279	-249.991496	0.384739	1.000000
-2.9139629115066316700222	1.6950742799336981914138	1.4725095517268491640550	1.1464517406263794452315	-254.943818	-249.240035	0.384739	1.000000
-3.0359009621353338914673	2.8215687474330599648908	2.4862449670702870818673	1.4614209587634696685399	-255.999473	-250.295691	0.384739	1.000000
-2.9373144667829831355732	2.8872243184485957279151	2.5491150990986191082754	1.0966304545447276286296	-255.148871	-249.445089	0.384739	1.000000
-2.9076773963239368470113	2.8891389976561581143244	2.4949414812540653407780	1.6262061374023597526417	-254.757655	-249.053872	0.384739	1.000000
-2.8763641570050486606647	3.8928285198641621178695	1.7568814019916429991497	1.8070535244504553062939	-254.603376	-248.899594	0.384739	1.000000
-2.8275276989516013870229	3.1265387293609467889155	1.7567018402042759994686	1.1015013564048774519222	-254.535407	-248.831625	0.384739	1.000000
-2.8290256409952685423548	3.1185650277210106295911	1.7516772890960350395062	1.4579155434275550273782	-254.553314	-248.849532	0.384739	1.000000
-3.0470640292305462004663	2.4963781993487965671363	2.2174108075385956517778	1.5823147367568033416774	-255.824004	-250.120222	0.384739	1.000000
-2.7771791209388294596749	2.7296878371368595850299	1.6113719615551747033066	1.4025303536804145654315	-255.718338	-250.014556	0.384739	1.000000
-2.7771791209388294596749	2.7296878371368595850299	1.0889372340177327913580	1.4025303536804145654315	-255.718338	-250.014556	0.384739	1.000000
-2.8908945534416852218840	2.7338151882496624089924	1.6447652293660648403772	1.3773540241759378854880	-254.582661	-248.878878	0.384739	1.000000
-2.8618937981131704617610	2.2323868092847836130943	1.6890217915618199739924	0.2473551600783221449120	-254.686085	-248.982302	0.384739	1.000000
-2.8489662438531970778399	2.2164003138444190454948	0.8145516120678013560763	0.6767268230035532461386	-254.397218	-248.693436	0.384739	1.000000
-2.8489662438531970778399	2.2164003138444190454948	1.0113490016163357854140	0.6767268230035532461386	-254.397218	-248.693436	0.384739	1.000000
-2.8757314616846070265410	2.2146711683764652711659	1.0602731584195084213462	0.6772653579388133726624	-254.601407	-248.897625	0.384739	1.000000
-2.8005744172848006101617	1.6962898898515157419808	0.8251648150005319592992	1.8949059360458870848731	-255.296939	-249.593156	0.384739	1.000000
-2.6952324831304892427397	1.7129080944174683853731	0.8883211746848602707871	1.4462135282562371685344	-256.101962	-250.398179	0.384739	1.000000
-2.7999672472099987885485	3.5608369037180116478680	1.0972671091725563208286	1.7196263544677035106645	-255.309617	-249.605835	0.384739	1.000000
-2.8461531369598707108537	2.9523697776264725689543	1.4293452862197166819413	1.7356476307622332733160	-254.367329	-248.663546	0.384739	1.000000
-2.8971820899065647836323	3.8042107906855497923004	1.4261014279377342006683	1.7550476578976270669585	-254.611196	-248.907414	0.384792	1.000000
-2.8971820899065647836323	3.8042107906855497923004	1.4261014279377342006683	1.7550476578976270669585	-254.611196	-248.907414	0.384792	1.000000
-2.8169371092248587373774	2.0984621077774745501188	1.4815229906037914453520	1.7929678987543302692842	-254.887652	-249.183870	0.384792	1.000000
-2.8169371092248587373774	0.5376479128446360888915	1.4815229906037914453520	1.7929678987543302692842	-254.887652	-249.183870	0.384792	1.000000
-2.8169371092248587373774	2.5121379089249549210194	2.6116899589266227010853	1.7929678987543302692842	-254.887652	-249.183870	0.384792	1.000000
-2.7654799192202221824743	2.6615466734737420750889	2.1099253234746933038934	1.6670175792406685122415	-255.770054	-250.066272	0.384792	1.000000
-2.8436333094154182532520	2.6575297952789047606359	2.2906609866767801975129	1.6680452477958935819657	-254.401217	-248.697434	0.384792	1.000000
-2.9159526298472049354871	2.6487693113725794269442	2.4524165364557020119207	1.8895332042827674978724	-254.994768	-249.290985	0.384792	1.000000
-2.9448246597160809834293	3.1246513926458798771080	2.9663251199449591766211	1.9448807131638157219555	-255.160740	-249.456957	0.384792	1.000000
-2.8130893592997412433476	3.1314222397506710215964	2.6839806474925596013748	1.9431484757584662759200	-254.987768	-249.283986	0.384792	1.000000
-2.7611581769933684071816	3.1554212405373780470086	2.5870973789175994994594	1.0097675711362961159523	-255.735441	-250.031659	0.384792	1.000000
-2.9650379643439945809291	2.4859504753490639927804	2.5953043219729634571991	0.5489829839434832159384	-254.959005	-249.255222	0.384792	1.000000
-3.0386535039840092409236	1.8424684008433167559105	2.5977547377485512569706	0.5343281721708957876515	-255.956800	-250.253017	0.384792	1.000000
-2.9416196476651896851706	0.2226542817098564608358	2.6039230806260018624698	0.9903909645097608294151	-255.162575	-249.458793	0.384792	1.000000
-2.9390807488613717168846	0.3328859190275048618446	2.6073345695866843030331	0.6173479406417262671525	-255.168512	-249.464730	0.384792	1.000000
-2.8494344462048140087518	0.3374935026203539356615	2.4000206715743122032336	0.6161691474236428156530	-254.478207	-248.774425	0.384792	1.000000
-2.8570120712948048335988	0.3116442306577486553998	2.1331042231822197052793	1.7295574294053346342537	-254.566313	-248.862531	0.384792	1.000000
-2.8570120712948048335988	0.3116442306577486553998	2.1331042231822197052793	1.7295574294053346342537	-254.566313	-248.862531	0.384792	1.000000
-3.0047770485126159556444	2.0527401696946609988004	2.5677517514227972128538	1.6238074785360043783555	-255.518832	-249.815049	0.384792	1.000000
-2.9914196432725468355329	2.0536396128187592857728	2.5960375714499286381454	1.6241779446684483367846	-255.247971	-249.544189	0.384792	1.000000
-2.9898632831239675411439	2.0589487665806052163475	2.5981288345824880003931	1.3955003403541028639268	-255.200197	-249.496415	0.384792	1.000000
-2.8977528084454955425997	0.5213220756032930225388	2.6039842031309121672678	0.3019895666246542043076	-254.593989	-248.890206	0.384792	1.000000
-2.8977528084454955425997	0.5213220756032930225388	2.6039842031309121672678	0.2989305032230473724297	-254.593989	-248.890206	0.384792	1.000000
-2.8977528084454955425997	-1.7865245225603518797186	2.6039842031309121672678	0.2989305032230473724297	-254.593989	-248.890206	0.384792	1.000000
-2.9667025037467409376291	-1.7218580652611730208434	1.7338611478211745087208	0.2105783178968633762018	-254.967928	-249.264145	0.384792	1.000000
-2.6587779928284716035591	-0.5801450268107888330604	1.3823450606139244811743	0.6601574552563623798918	-257.492042	-251.788260	0.384792	1.000000
-2.9790925886123411636675	-0.5997733226693229280357	1.2434211684651002016722	0.6562512532072241056014	-255.082463	-249.378680	0.384792	1.000000
-2.9790925886123411636675	-0.5997733226693229280357	2.0339676230639107679110	0.6562512532072241056014	-255.082463	-249.378680	0.384792	1.000000
-2.8578309625009596928180	0.6946675136139814910052	0.9885608752946262178796	0.6037616426771238442583	-254.571220	-248.867438	0.384792	1.000000
-2.7139729845219995318928	2.6543663987063959019963	1.0199001812526242716217	1.8484964017103644451367	-255.473269	-249.769486	0.384792	1.000000
-2.7139729845219995318928	2.6543663987063959019963	1.7970270160008854354317	1.8484964017103644451367	-255.473269	-249.769486	0.384792	1.000000
-3.0009160639937824122114	-0.6455838865364144085746	1.8221964782066235599700	1.8803944707692297200197	-255.494513	-249.790730	0.384792	1.000000
-2.9246319310751034414864	-1.9190168949240726803396	1.8270457824165415861017	1.8513930085960137450485	-255.240159	-249.536376	0.384792	1.000000
-2.9556659724198763861125	-1.4009567018006829908217	1.4847057574328426099441	1.8631914330088847897571	-254.912141	-249.208359	0.384792	1.000000
-2.9556659724198763861125	-1.4009567018006829908217	1.4847057574328426099441	1.8631914330088847897571	-254.912141	-249.208359	0.384792	1.000000
-3.0151928196763062572927	-0.4072578907727503194636	2.6646338346696447629824	0.9470401454541990116098	-255.695929	-249.992146	0.384792	1.000000
-3.0151928196763062572927	-0.4072578907727503194636	1.4612329396030758754677	0.6458374156286579292896	-255.695929	-249.992146	0.384792	1.000000
-2.9174230243209526847181	-0.8350564282337781252252	1.5104151653217667838902	1.0739628740976108201011	-255.056525	-249.352743	0.384792	1.000000
-2.8468232434999030111555	-0.0200855129961010625550	1.5215910793278759616243	0.2814704857032649387705	-254.427350	-248.723568	0.384792	1.000000
-2.7943950866298479240868	1.0722717991386474523097	1.6729236639424505117546	0.3562953072335310333862	-255.412943	-249.709161	0.384792	1.000000
-2.7282495049027586375701	-0.0640175510866571872981	2.8569475010112088675385	0.5651545033178032584331	-255.296624	-249.592842	0.384792	1.000000
-2.7938303530494903448300	3.5402376169761566870875	2.8527785936534106880913	0.5900868242873863467324	-255.377349	-249.673567	0.384792	1.000000
-2.7938303530494903448300	3.5402376169761566870875	2.8527785936534106880913	0.5900868242873863467324	-255.377349	-249.673567	0.384792	1.000000
-2.8024447247353152512517	-1.0496835076471735526127	1.0654002866619622924560	1.8558053545299348918718	-255.243274	-249.539492	0.384792	1.000000
-2.9226956997340272081942	-0.6798359347810428721104	2.0681205361870782510891	1.9677813762764120308901	-255.192903	-249.489120	0.384792	1.000000
-2.9126343993245096264388	-0.1120539171993646110348	2.7453849765722493359021	1.5705359085957448783688	-254.918231	-249.214448	0.384792	1.000000
-2.9181202097088760893939	-0.4796401113008621486244	2.7299255817135810175955	1.5578967151854072881179	-255.064492	-249.360709	0.384792	1.000000
-3.0914074922920167232121	1.2969593143764703846443	2.8776675700137359648068	1.5860403380602181577785	-256.223333	-250.519550	0.384792	1.000000
-3.1260417986733188833171	2.3645318852778740570386	2.8090222953697878693902	1.4630365272413339283730	-256.224066	-250.520283	0.384792	1.000000
-2.9693719223682131236330	2.3725843038402172346935	2.4467112820270457973493	1.1878413338039714997052	-254.987885	-249.284103	0.384792	1.000000
-2.9539436545905726205774	-1.8014750897992881650822	2.3083504507480170353517	0.9463915789192156591270	-254.969230	-249.265448	0.384792	1.000000
-2.9539436545905726205774	-1.8014750897992881650822	2.3083504507480170353517	0.9463915789192156591270	-254.969230	-249.265448	0.384792	1.000000
-2.9539436545905726205774	-1.8014750897992881650822	2.3083504507480170353517	0.9463915789192156591270	-254.969230	-249.265448	0.384792	1.000000
-2.9314390581770304322617	1.1444622387161191845451	2.5114908910789948137676	1.5025395309348816841322	-255.186116	-249.482333	0.384792	1.000000
-2.9290824849264467388821	1.0733827939298488107767	2.2914535866553600307327	1.5242701373564089273316	-255.211861	-249.508078	0.384792	1.000000
-3.0847716808988567827043	1.0653807797509198262986	2.6514967020876429870668	1.8801331327358412615069	-256.261087	-250.557304	0.384792	1.000000
-2.7248353833636178578104	1.0859413396217796332621	2.3918932791955205274803	1.8806860973179815310630	-255.325932	-249.622149	0.384792	1.000000
-3.0703377287343132095998	1.3991262441380440950667	2.7113509487636697770085	1.4770263445006204250376	-256.129048	-250.425266	0.384792	1.000000
-3.0687198086176317168849	3.9756104288673386193409	2.7135249293134360293323	1.2393036704829649696791	-256.084302	-250.380520	0.384792	1.000000
-3.1172366207311510422073	2.7931205378845311848579	2.7104407652516293580902	0.3434963511276183378840	-256.067403	-250.363621	0.384792	1.000000
-3.0589593942446970942228	2.0522056229999865450964	2.5226653005942569762965	0.0415851955293506242439	-255.968313	-250.264531	0.384792	1.000000
-2.9754309878452689375194	3.3515559909876948552210	2.4872465229982307910461	0.0375657809939532738586	-255.008155	-249.304373	0.384792	1.000000
-2.8887620855452480483905	3.3568669036918636905398	2.5248357599367476922225	0.0386226989371784915073	-254.601713	-248.897931	0.384792	1.000000
-2.8887620855452480483905	3.3568669036918636905398	1.1277824842045485187469	0.0386226989371784915073	-254.601713	-248.897931	0.384792	1.000000
-2.8348880003203649202703	2.4575312778259847945606	1.1312072046318621953986	0.0181410183440248798381	-254.471542	-248.767760	0.384792	1.000000
-2.8348880003203649202703	2.4575312778259847945606	1.1312072046318621953986	0.0181410183440248798381	-254.471542	-248.767760	0.384792	1.000000
-2.8348880003203649202703	2.4575312778259847945606	1.1312072046318621953986	0.0181410183440248798381	-254.471542	-248.767760	0.384792	1.000000
-2.9202697088251698964712	3.7559757854436668367271	1.1177021992087645685388	0.9753169056837248662717	-255.135021	-249.431238	0.384792	1.000000
-2.9278560990777848793698	3.6710912658574970102165	0.8816557021730917487190	0.5897356903401795857889	-255.262062	-249.558280	0.384792	1.000000
-2.9278560990777848793698	3.6710912658574970102165	0.8816557021730917487190	0.5897356903401795857889	-255.262062	-249.558280	0.384792	1.000000
-2.9331088112285894631270	3.4800441245258242339844	0.8191035860776800792138	0.5663025043899427846128	-255.200799	-249.497017	0.384792	1.000000
-2.7215662093505290641815	3.5477143587178936456894	2.0141800577293760277087	1.3442027462489634093146	-255.321908	-249.618125	0.384792	1.000000
-2.9101170187127536337357	2.3234117866051144929429	1.8125131654983295259598	0.3103013951616938603806	-254.832721	-249.128939	0.384792	1.000000
-3.1089072582852188553204	0.2886067881439519089426	2.4302693655779439296793	0.0428712498952025788945	-256.042504	-250.338721	0.384792	1.000000
-3.0671574839809565560245	2.1965227952139332323611	2.4329233559760861105303	0.0269989517658378724851	-256.087490	-250.383708	0.384792	1.000000
-3.0502797215857349044654	2.1975570337971386258857	2.4402434234146905822627	0.0272047742632228126136	-255.824089	-250.120306	0.384792	1.000000
-2.9556105662136746836666	2.2035201455560136096778	2.5263172924881116543361	0.0287746765196946058252	-254.909526	-249.205744	0.384792	1.000000
-2.9556105662136746836666	2.2035201455560136096778	2.5263172924881116543361	0.0377426384481793775194	-254.909526	-249.205744	0.384792	1.000000
-2.9582142016664847439245	2.1946384603166539939423	2.5228188176408488097024	0.4202974850240669968393	-254.918534	-249.214752	0.384792	1.000000
-2.7728517109400541151842	-0.8996710005986314762083	2.5346021213535459004618	0.3498269552106603175190	-255.660314	-249.956532	0.384792	1.000000
-2.7487448081126784060757	-1.7606628060904674359932	2.6012074512812657367533	0.5354367688604462216517	-255.651529	-249.947746	0.384792	1.000000
-2.8962508282434753503765	-1.7682442266071050074316	2.9423263497456177972822	0.5373763814379197700788	-254.560585	-248.856803	0.384792	1.000000
-2.8932274713666599197381	2.9380207589293489967019	2.9604510201869578267520	0.1876790649626079998669	-254.554481	-248.850699	0.384792	1.000000
-2.8932274713666599197381	2.9380207589293489967019	2.9604510201869578267520	0.1876790649626079998669	-254.554481	-248.850699	0.384792	1.000000
-2.8932274713666599197381	2.9380207589293489967019	2.9604510201869578267520	0.1876790649626079998669	-254.554481	-248.850699	0.384792	1.000000
-2.8473184735551932966757	2.6480026742172428910749	2.9738930194616024493826	0.1813811639608682024782	-254.379613	-248.675830	0.384792	1.000000
-2.8473184735551932966757	-1.0176917168527335189054	2.9738930194616024493826	0.1813811639608682024782	-254.379613	-248.675830	0.384792	1.000000
-2.8461465697636114668967	-1.0136940448297904193709	2.9754676930334484907803	0.0091921293145559301863	-254.367329	-248.663546	0.384792	1.000000
-2.8748026380672095925206	0.1684279607476639739616	2.9510408391782316783747	1.1284674982931346409742	-254.588824	-248.885041	0.384792	1.000000
-2.8893720014302011200868	3.4405248547315290252868	2.4163767572179621900830	1.9137492921780592247671	-254.610504	-248.906721	0.384792	1.000000
-2.9226770450951313762289	3.8851592192572512729498	2.3365514148490724721796	0.2651414458943995300366	-255.192178	-249.488396	0.384792	1.000000
-2.7908307104187803915352	1.6842103693729000291057	2.8771516283030718064140	0.2150165202841214373564	-255.404733	-249.700951	0.384792	1.000000
-2.7226754872292135978284	1.7191368269160931525619	2.8143509768128538439669	0.1754522879770547827416	-255.344853	-249.641071	0.384792	1.000000
-2.7248344110196764944476	2.6679010506980245232000	1.6355773055144640082403	0.6186918241213252844801	-255.325932	-249.622149	0.384792	1.000000
-3.0895772398929075563956	1.9162021932595625361984	1.8043247009912724010405	0.5717702528332300193625	-256.197877	-250.494094	0.384792	1.000000
-2.9113952027982255010841	2.3069130759426048626892	1.6173676535858159120096	0.5246608748491542462133	-254.894731	-249.190949	0.384792	1.000000
-2.8279215487813726959132	-0.5180628872544562613101	1.6493525027324171805532	1.2068943502106344034530	-254.528889	-248.825106	0.384792	1.000000
-2.8278974729411450184102	-0.5179807582319225778278	1.9635397560963974150638	0.7456050512339492675196	-254.528889	-248.825106	0.384792	1.000000
-2.8278974729411450184102	-0.5179807582319225778278	2.6290683645869190598887	0.6805832445860340307320	-254.528889	-248.825106	0.384792	1.000000
-2.8222976824830476871853	-0.4988784003340425154960	2.6365927382646741072847	1.0067972521438788291448	-254.688618	-248.984836	0.384792	1.000000
-2.8222976824830476871853	1.2054121072825632055014	2.6365927382646741072847	1.0067972521438788291448	-254.688618	-248.984836	0.386720	1.000000
-2.8222976824830476871853	-0.7083852605176343963933	2.6365927382646741072847	1.0067972521438788291448	-254.688618	-248.984836	0.386720	1.000000
-2.8224601810410767654957	-0.7075519926965373462835	2.6361728890075335485221	0.9629301178839668740039	-254.688119	-248.984337	0.386720	1.000000
-2.8703736065162210877588	0.1725490026855926173344	2.6403619716443151865803	0.2623859767268165721354	-254.661572	-248.957789	0.386720	1.000000
-2.8703736065162210877588	0.1725490026855926173344	1.0833127678907292779087	0.2623859767268165721354	-254.661572	-248.957789	0.386720	1.000000
-2.8703736065162210877588	0.1725490026855926173344	1.0833127678907292779087	0.2623859767268165721354	-254.661572	-248.957789	0.386720	1.000000
-2.8458932853525253925397	0.1725756400204536411547	1.0115291715912289038926	0.3215000489021118124100	-254.362943	-248.659160	0.386720	1.000000
-2.8458932853525253925397	0.1725756400204536411547	2.4773880064875504203314	0.3215000489021118124100	-254.362943	-248.659160	0.386720	1.000000
-3.0367599934107674108930	-0.6186380396100114031910	2.4211542042182756517832	0.0234483049209284234726	-256.012732	-250.308949	0.386720	1.000000
-2.9556507876134294754422	-0.5117164862380434442457	2.6095806800227863142538	1.9984305529646673171840	-254.912141	-249.208359	0.386720	1.000000
-2.9556507876134294754422	-0.5117164862380434442457	2.6095806800227863142538	1.9984305529646673171840	-254.912141	-249.208359	0.386720	1.000000
-2.9556507876134294754422	-0.5117164862380434442457	2.5666654389687493242889	1.1377202069896998892773	-254.912141	-249.208359	0.386720	1.000000
-2.9656077973150485327380	-0.3358344752987089121277	2.5661210016736362149459	1.9017939130957148829992	-254.995100	-249.291317	0.386720	1.000000
-2.6616422368247683039044	1.6981292734763959728639	2.1845172072770355775617	1.4433675840109041477177	-257.459024	-251.755241	0.386720	1.000000
-3.1240496927420693396016	1.8011870379099002015266	0.6856017472995282746595	0.6379458249181030327080	-256.214150	-250.510368	0.386720	1.000000
-2.8423118965509805988745	-0.9054855685439281431925	1.0417528186482540863977	0.9677847660687876052421	-254.344084	-248.640302	0.386720	1.000000
-2.8408155193268678218033	-0.9131587627199192480631	1.0456190244384224730112	1.3717377696510066886759	-254.406416	-248.702634	0.386720	1.000000
-2.9352748083183763938564	-0.7401880777119413945542	1.0582693770324644866321	1.1091465339723058924903	-255.158680	-249.454898	0.386720	1.000000
-2.8893586770927837115153	-0.7380351713413398906383	1.2623227111412704815052	1.1103276142225400047181	-254.610504	-248.906721	0.386720	1.000000
-3.0679929849448566159253	2.1130076884562418726432	1.4125495595680599425492	1.7278637459755734617772	-256.069178	-250.365395	0.386720	1.000000
-3.1740330236648062189886	3.1159875943342369986055	0.7792399620008747529454	1.7459362465988301771347	-256.392664	-250.688882	0.386720	1.000000
-2.9673040740588851882364	0.0797750593943892249982	1.8099166788069218636537	1.5689577098681841693661	-254.970116	-249.266334	0.386720	1.000000
-2.9673040740588851882364	0.0797750593943892249982	1.8099166788069218636537	1.5689577098681841693661	-254.970116	-249.266334	0.386720	1.000000
-2.8113568702404929666727	0.0879198198095096222771	1.1787618257234133700706	1.5295311319928734938856	-255.047506	-249.343723	0.386720	1.000000
-2.8135301004145225611808	0.0990638126782441563734	2.3423951816044423779317	0.9428589733096608416218	-254.970105	-249.266322	0.386720	1.000000
-2.9525550935752331582762	2.5324425513238040252872	2.7569057201430768877515	0.9392828951574246909573	-254.943803	-249.240021	0.386720	1.000000
-2.9525550935752331582762	2.5324425513238040252872	2.7569057201430768877515	0.9392828951574246909573	-254.943803	-249.240021	0.386720	1.000000
-2.9927146876234314021303	0.0450552793605254464637	2.7566386146145847035882	1.1590678561045981709299	-255.227377	-249.523594	0.386720	1.000000
-2.9970437537587204523959	0.0672540702278973667738	2.7454535602789715831307	1.3316902883043535421592	-255.301519	-249.597736	0.386720	1.000000
-2.9615205316397785750837	0.2532216890755615290587	2.9863282452532895483444	0.8062577136651323250760	-254.935077	-249.231295	0.386720	1.000000
-2.9615205316397785750837	0.2532216890755615290587	2.9863282452532895483444	0.8062577136651323250760	-254.935077	-249.231295	0.386720	1.000000
-2.9615205316397785750837	1.4929941638234476286584	2.9863282452532895483444	0.8062577136651323250760	-254.935077	-249.231295	0.386720	1.000000
-2.8139650352113001474663	0.9186249200334154485503	2.7161099589844210910883	0.1705045515684640022869	-254.970241	-249.266459	0.386720	1.000000
-2.8649497810286685961501	0.9162343574763390785520	2.9408772145874961800871	0.1691930935962701887387	-254.716036	-249.012254	0.386720	1.000000
-2.8649497810286685961501	0.9162343574763390785520	2.9408772145874961800871	0.1691930935962701887387	-254.716036	-249.012254	0.386720	1.000000
-2.9103610619089304023532	2.4371403305844521192114	2.8092935484626710973544	0.4185075570421118440478	-254.853703	-249.149921	0.386720	1.000000
-2.8306982304477634748707	2.4369690402155819164420	2.0988922525456397139010	0.4753149378990540463441	-254.478119	-248.774337	0.386720	1.000000
-3.0053437518407704054368	2.1054418667062990699890	1.9123604008118568753360	1.4803855939230652349892	-255.515831	-249.812049	0.386720	1.000000
-2.9194456063924612010396	2.6294615502778611038082	2.1324559940875098540403	0.5694677287980891566832	-255.101918	-249.398135	0.386720	1.000000
-3.1731979770336922186402	1.6539006680168331087089	0.9553527557933263469891	0.0801491859325341171605	-256.389407	-250.685624	0.386720	1.000000
-3.1759137977939708719077	1.7018733054835768481183	0.9552042579859477688942	0.0810719204450256192285	-256.373588	-250.669806	0.386720	1.000000
-2.8909598682839936500955	1.5844513383924505589562	1.3436597535868606279053	0.1921321711195864145871	-254.584003	-248.880220	0.386720	1.000000
-3.0318096579522348932301	2.6583416702644298013070	0.5642487733567576047022	1.1402614656484411082005	-255.966171	-250.262388	0.386720	1.000000
-2.8776072543466391095990	1.6695978566131095544023	0.7460033605205181883591	0.9160249660055627130006	-254.587606	-248.883824	0.386720	1.000000
-2.8684782628821068328762	1.6095572764926264763830	0.7388517203344523442965	1.4749615983498696181186	-254.674918	-248.971135	0.386720	1.000000
-3.1653621010565511362245	1.1965250987284865580307	0.8631494460249551359254	1.0695388312191125290695	-256.575345	-250.871563	0.386720	1.000000
-3.1818519923553942874150	2.4742628295969804064214	0.8160575117394809341320	1.8070629753626528124499	-256.421959	-250.718176	0.386720	1.000000
-2.7807535374345313528011	2.6423648709055238548160	1.9898753011258967227093	1.7605705344336106676906	-255.624978	-249.921196	0.386720	1.000000
-2.9656751605262892113046	3.0137148534833131385824	1.2572367200506637807678	1.6723837451225513905939	-254.996284	-249.292501	0.386720	1.000000
-2.9503339639953862771904	2.6306875757656715819621	1.2767754000616151621728	1.7619966959873036849160	-255.021861	-249.318079	0.386720	1.000000
-2.9533732864293762432339	0.6333304757366504667004	0.6973378672897876384695	1.4347052730649176854882	-254.953468	-249.249685	0.386720	1.000000
-2.9533732864293762432339	0.6333304757366504667004	0.6973378672897876384695	1.4347052730649176854882	-254.953468	-249.249685	0.386720	1.000000
-2.9524472854522643139319	0.6285820839608072807536	0.8667988731359469456450	1.6846829324389851478827	-254.943957	-249.240175	0.386720	1.000000
-2.9541913696988890691841	1.4817086810993029821759	0.8622926640703549860945	1.4976728710044437953286	-254.969003	-249.265221	0.386720	1.000000
-2.9540575090507772415549	-1.7338401860769099283033	0.8626385212542693192717	1.5338090871903402589993	-254.968009	-249.264226	0.386720	1.000000
-2.9640964731440089252601	-1.7343108910159730218226	0.8925702358190393814752	1.5335508593756954631715	-254.956676	-249.252893	0.386720	1.000000
-3.2611263457775798713101	1.9772836292937636670786	1.7752282179505529668972	0.2227202048918555943313	-258.175391	-252.471609	0.386720	1.000000
-3.2863855106657977600548	1.9701826097510932722656	2.3661897941093750219466	0.2077825805538834613717	-258.606195	-252.902413	0.386720	1.000000
-2.9557802375023234375817	1.1104099607166812990755	2.5430800571467018222904	0.4261725694890348137278	-254.914241	-249.210459	0.386720	1.000000
-2.8175911282519083833620	-0.7463378495218132568922	2.8974797017739679638737	0.6166036356101574078536	-254.885807	-249.182025	0.386720	1.000000
-2.7125077879590620000272	1.6390037229597322898655	2.5940788402285481772935	1.5191191450703260823474	-255.486681	-249.782899	0.386720	1.000000
-2.9705416740584693613414	-0.7354083688642352178988	2.6959054794415697742238	1.2617173097934417658195	-254.988858	-249.285076	0.386720	1.000000
-2.7722751064067194803897	-0.4071221583380176811673	2.2746160471583833917464	1.7019471099553478143918	-255.683187	-249.979405	0.386720	1.000000
-2.7722751064067194803897	0.7666318730064114461697	2.2746160471583833917464	0.0995113159862044405202	-255.683187	-249.979405	0.386720	1.000000
-2.8514227650779515599311	-0.4505145280038083122065	1.6229601387918171084834	0.5132244916282572289035	-254.452007	-248.748224	0.386720	1.000000
-2.8500476030566099794328	-0.4575661491078773512875	0.7738514697011809051475	0.8844549674612931511319	-254.475787	-248.772004	0.386720	1.000000
-2.8500476030566099794328	-0.4575661491078773512875	0.7738514697011809051475	0.8338523204248997622301	-254.475787	-248.772004	0.386720	1.000000
-2.8375496369874868562988	-0.4622718876477493465948	0.7699131037005186861677	0.8294379922307394403802	-254.386055	-248.682272	0.386720	1.000000
-2.8375496369874868562988	-0.4622718876477493465948	1.7700444851488534858674	0.8294379922307394403802	-254.386055	-248.682272	0.386720	1.000000
-2.7289891366641376713176	-1.8611330870695270700566	1.5989564074055602205249	1.6064074073538736620037	-255.276498	-249.572715	0.386720	1.000000
-2.8965740564034971882279	1.0206975088736964796254	0.5849436440822833871422	0.0827663741614795833712	-254.561588	-248.857805	0.386720	1.000000
-2.8993907672884988713236	1.0205348021838218652846	0.5839965146039850507620	0.0827827824550294438799	-254.587880	-248.884098	0.386720	1.000000
-2.8993907672884988713236	1.0205348021838218652846	0.5839965146039850507620	0.0827827824550294438799	-254.587880	-248.884098	0.386720	1.000000
-2.9583933903821604260997	0.7515419210204130617825	0.9349205097171860989747	0.0775141220120201396293	-254.918140	-249.214358	0.386720	1.000000
-2.9583933903821604260997	2.1006234859767864975311	0.9349205097171860989747	0.0775141220120201396293	-254.918140	-249.214358	0.386720	1.000000
-2.8365524161599440233772	-1.2390428125154704375177	1.4473880516725508016407	0.3290825897078784034733	-254.386033	-248.682251	0.386720	1.000000
-2.8801747200274250282348	-1.2535270607335085024658	1.4249028259527474205015	0.1901708854054969533021	-254.578110	-248.874328	0.386720	1.000000
-2.8785360640643333773880	-1.2619298385824582187098	1.8588433459832520711075	0.6325326023991854063055	-254.583310	-248.879527	0.386720	1.000000
-3.0123653628047133423706	-1.2766906519958742816101	2.2669889070407154285647	1.0717352963110768904187	-255.619559	-249.915777	0.386720	1.000000
-3.0123653628047133423706	-1.2766906519958742816101	2.2669889070407154285647	1.0717352963110768904187	-255.619559	-249.915777	0.386720	1.000000
-2.6997994442311714635707	-1.2620351237671632027570	1.3350567105976589576954	1.0797752906108957215991	-255.970186	-250.266404	0.386720	1.000000
-2.7026044038361387578107	-1.2476517187287137211626	1.3278095065563502163997	0.3225652508596449363765	-255.892624	-250.188841	0.386720	1.000000
-3.2336284563024930704955	-1.4269821377083267144315	1.1257188000698936658495	1.9752058755687837976467	-257.768982	-252.065200	0.386720	1.000000
-2.9738964036119086564725	-1.4148038732082182100669	1.4066248353244978908094	1.9818868478022335644084	-255.000105	-249.296323	0.386720	1.000000
-2.8544479746547972709436	-1.8347064194666093950303	1.6180925216367816332763	1.0354696612179294934464	-254.504455	-248.800672	0.386720	1.000000
-2.8544479746547972709436	-1.8347064194666093950303	1.6180925216367816332763	1.0354696612179294934464	-254.504455	-248.800672	0.386720	1.000000
-2.8803347113055610684285	-1.5177875790438992709142	1.7420369424261341606552	0.9716760588307653545570	-254.582745	-248.878963	0.386720	1.000000
-2.8250681451153578649382	1.2435114198208598867978	1.1979095883242552034176	0.6162639011336339400771	-254.600315	-248.896533	0.386720	1.000000
-2.9050986041250297375882	2.6571806326499332051583	1.1935336192396011067984	0.6434552635603583148338	-254.674121	-248.970339	0.386720	1.000000
-2.8361612907341529066230	2.0916149285868277374334	0.6751392893423320273882	0.6419895289460385567892	-254.386434	-248.682651	0.386720	1.000000
-2.9144453198075024324964	3.1424431925695497369588	0.7542617080253242178856	0.6824556826010227394974	-254.981883	-249.278101	0.386720	1.000000
-2.9130870397689800910257	3.1354781396985180741410	0.7577711106445188526948	1.0491287997972089662824	-254.940087	-249.236304	0.386720	1.000000
-2.7250275592920267797581	2.6567266715274224786469	1.3232637632114891967916	0.0252534593597665696363	-255.323062	-249.619279	0.386720	1.000000
-2.7250275592920267797581	2.6567266715274224786469	1.3232637632114891967916	0.0252534593597665696363	-255.323062	-249.619279	0.386720	1.000000
-2.9539910809555416371097	-0.9527352580552321814622	2.2712975114198310500058	0.0193639323843295824146	-254.969230	-249.265448	0.386720	1.000000
-3.0082802844533653718884	0.0533109836806735376546	2.2778256357711801349808	1.7110172361897253434648	-255.544209	-249.840427	0.386720	1.000000
-2.9759510550870507117338	0.2408904125980798061057	2.7459986975361254657457	1.8064190079993380777523	-255.035135	-249.331352	0.386720	1.000000
-2.9401334911371401759084	0.2856085459704516549273	2.6236844579799094567818	1.3381338590509952446439	-255.146328	-249.442545	0.386720	1.000000
-3.0312849962484031962617	1.0163909527337247062917	2.6202714469348618031574	1.2437464500367767517020	-255.957300	-250.253517	0.386720	1.000000
-2.6824340698224293788599	1.7986350559593990983132	2.6360768205375197936746	1.4963081980394739023410	-256.459765	-250.755982	0.386720	1.000000
-2.7338841471516701631117	-0.2590126232597538269431	2.9457197136916937196816	0.0299032300615298327062	-255.309221	-249.605439	0.388538	1.000000
-2.7374800460720987160812	-0.1942232693762688811034	2.9454433347285546851424	0.5355972870713840983115	-255.377614	-249.673831	0.388538	1.000000
-3.0393405704967872971167	-0.4183458103591474186445	1.3239744685471606100435	1.1434850071139686100707	-255.956718	-250.252935	0.388538	1.000000
-3.0065967666865520691033	-0.4170741797161960362494	1.8605457747848992422490	1.1441449191976225119305	-255.536582	-249.832800	0.388538	1.000000
-2.9594117388985154981640	-1.0955166753816103497599	2.1363708741239535449097	1.8554097616815898863507	-254.922992	-249.219210	0.388538	1.000000
-2.9466060937035187805577	-0.3969722057441149032364	2.0042138022249798012808	1.7971503145292249126186	-255.091697	-249.387915	0.388538	1.000000
-2.9208570341673980585995	-0.3959722213402541712846	1.9056752923901714158461	1.7976692559335005761056	-255.149397	-249.445615	0.388538	1.000000
-2.8529260178419737492561	3.4708864962391481334691	1.4414207088568617987079	1.9598510506915729489918	-254.530140	-248.826357	0.388538	1.000000
-2.8324200888499171391288	3.4710990916798394323450	1.2300831535341159028718	1.9612691469205001393306	-254.505360	-248.801578	0.388538	1.000000
-2.8700411679176935919600	1.8121375017020007192059	1.2238538897892661250211	1.6318436675649561351520	-254.661211	-248.957428	0.388538	1.000000
-2.8674704446568437532505	1.8078049789343046960255	1.9421286320970054806168	1.4561464505675139058383	-254.709382	-249.005599	0.388538	1.000000
-2.8855273660121700807224	1.6817077010256371583097	1.8338232884911729314581	0.5232715426321266072307	-254.609076	-248.905294	0.388538	1.000000
-2.9151942360490483707736	1.9569419556620208933140	1.7343639275427968904353	1.1765590139787918122494	-254.980981	-249.277199	0.388538	1.000000
-2.8882163468023756003333	1.8598705753318751643377	1.6875846528177251837377	1.0730549912147802071871	-254.605553	-248.901771	0.388538	1.000000
-3.1309424404907550965049	1.7589132440175132554572	1.0503765091006178611366	1.5491706220281755701507	-256.315392	-250.611610	0.388538	1.000000
-3.1040849665473557728035	2.1140793905880954639542	1.1047365326058047330093	1.8882795760613393376559	-256.150733	-250.446951	0.388538	1.000000
-3.0107732594296057193617	2.7568234028993141571107	1.5988477641381972915724	0.7509912996983615363078	-255.575893	-249.872111	0.388538	1.000000
-2.8644860770477946765311	2.1647709649341124737987	0.6180236775467368159909	1.8125915305406008481981	-254.720216	-249.016433	0.388538	1.000000
-2.9265964411948339751746	2.0072310538453059791664	1.0151700457928267695706	1.3065835806083758718898	-255.252779	-249.548997	0.388538	1.000000
-2.8801174038161452273243	2.1795513577243434966135	1.1176038156787919675139	1.2823720228707338186780	-254.581648	-248.877866	0.388538	1.000000
-2.9576709577069353329648	2.1774271524970902902396	1.0966101026558034980951	1.1481874152414288658974	-254.917980	-249.214197	0.388538	1.000000
-3.1456571388408525180580	-0.7787813161304717457512	1.2216257275977508989229	1.0499177548128009185291	-256.458413	-250.754630	0.388538	1.000000
-2.8271951054470734199242	-0.6705412954899354627258	1.0030168986346839066215	0.8576374767602262805255	-254.541101	-248.837318	0.388538	1.000000
-2.9268637171772291516447	-0.6744120021906907513909	1.3844365176082040758132	0.8556287754614122498253	-255.257444	-249.553662	0.388538	1.000000
-2.9268637171772291516447	-0.6744120021906907513909	1.3844365176082040758132	0.8556287754614122498253	-255.257444	-249.553662	0.388538	1.000000
-3.0449836215419292528850	1.1941496096703934082228	2.5625654033663272102217	0.8924050604706671441235	-255.827334	-250.123552	0.388538	1.000000
-2.9354754502824262907268	1.5264608134455290855414	1.7870412809152309563387	0.7371393482019592546806	-255.164452	-249.460670	0.388538	1.000000
-3.0216060329392915306812	1.6946884676100548716704	1.8610757974995137953300	0.5553300138427279541986	-255.793561	-250.089778	0.388538	1.000000
-2.9381162205816933052915	0.1353562721535950807983	1.0740266065536676620695	0.4999663680101267271283	-255.150432	-249.446649	0.388538	1.000000
-2.8622017484339790094339	-0.2185357908925981140769	0.9130133325450099368581	0.0226182305655300841529	-254.687172	-248.983389	0.388538	1.000000
-2.8622017484339790094339	-0.2185357908925981140769	0.9130133325450099368581	0.0226182305655300841529	-254.687172	-248.983389	0.388538	1.000000
-2.8925509842571135443734	-0.2477327650327904584593	0.9816675938292365177773	0.3978951210567306384647	-254.600470	-248.896688	0.388538	1.000000
-2.9277498662575620613779	-0.0230847575215341015153	1.0655206290167558158544	0.2052809693577126171071	-255.262062	-249.558280	0.388538	1.000000
-2.6592819317905416198755	1.1848123631740259398271	1.1480187503296181983359	0.2217892455823121944380	-257.447789	-251.744007	0.388538	1.000000
-2.7949763379494916293311	1.4337799401188298098475	1.4353585781497675277762	0.1553847971482577028368	-255.409636	-249.705853	0.388538	1.000000
-2.9901720986058579754285	-0.9917260837009822527222	0.7382272736680045577273	0.6997007177408656186657	-255.211857	-249.508075	0.388538	1.000000
-2.9973658164971936912480	-1.3121203258573759242722	0.8349645781953859424718	0.6937954674164545920689	-255.382528	-249.678746	0.388538	1.000000
-2.9973658164971936912480	-1.3121203258573759242722	2.2261251897683997924560	0.6937954674164545920689	-255.382528	-249.678746	0.388538	1.000000
-3.0139345748890118414920	-1.3125357864613040881352	2.3414238849268924624880	0.6930690941780532909888	-255.631414	-249.927632	0.388538	1.000000
-2.6552665049712285139094	-1.2986066378810428023627	0.9688449336278510681808	0.7002976188397344037284	-257.555946	-251.852164	0.388538	1.000000
-2.9980750022141626764949	-1.2410303086226870394881	2.2403001959805246556812	0.0842424608998939283833	-255.391191	-249.687408	0.388538	1.000000
-2.9963605673894067038532	-1.5381370625767825099928	2.2416499066571522469360	0.2610307087789974778147	-255.297545	-249.593762	0.388538	1.000000
-3.0698559641623499594232	-0.7827873467850547939406	2.7756161640024443748587	1.6212853531807478457694	-256.127332	-250.423549	0.388538	1.000000
-2.9550993579369815300595	3.8837659404451088107635	2.1145918416664972738772	1.6252760555720489055176	-254.918524	-249.214742	0.388538	1.000000
-2.9625475310651503413339	3.8963185866777751975576	2.1087281723993429594088	0.8572389985689748970188	-254.967699	-249.263917	0.388538	1.000000
-2.9625475310651503413339	3.8963185866777751975576	2.7578229640490192764446	0.8572389985689748970188	-254.967699	-249.263917	0.388538	1.000000
-2.9625475310651503413339	3.8963185866777751975576	2.7578229640490192764446	0.9106352221083340303664	-254.967699	-249.263917	0.388538	1.000000
-2.8795201471068554432975	2.5497212120558208070520	2.1820172931457344489559	0.5419890950583250432970	-254.585677	-248.881895	0.388538	1.000000
-2.8375779156755882581820	-1.1663038918717441028150	2.1638241859755034113277	0.8189973313206189153846	-254.385503	-248.681720	0.388538	1.000000
-2.8411215016099045094222	-1.1603317722844188608633	2.1610344527642828538205	0.4535915780713011269398	-254.405080	-248.701297	0.388538	1.000000
-2.8510229383507965650324	1.2167407474423979074629	1.4947004535815180403802	0.5410767999852117426940	-254.447500	-248.743717	0.388538	1.000000
-2.8982074832555571042292	3.2078814424067392252482	1.4874565255527727458684	0.0288342849232347368804	-254.596590	-248.892807	0.388538	1.000000
-2.8766940956376960691898	2.8485676849685108713572	1.4903412235679713848668	0.2015175550143958882465	-254.588958	-248.885176	0.388538	1.000000
-2.8991902966552247633558	3.2538945200690561065926	1.4886121769931439651202	0.2083734983296014475762	-254.588183	-248.884401	0.388538	1.000000
-2.8971141524242725040494	3.2503955272810700627417	1.4154833659357406450141	0.4224603190325060264598	-254.611196	-248.907414	0.388538	1.000000
-2.7794272878247148206299	3.2594563255420294645148	1.4455805875777578695107	0.2805341424705084518720	-255.663082	-249.959299	0.388538	1.000000
-2.7784574974967974902995	3.2578219066453786290083	1.4463440673792524737706	0.3805365050024180906263	-255.655389	-249.951607	0.388538	1.000000
-2.7526221271310311600189	2.9605427527538701326648	1.4556464516845470935635	1.4378449229325307445748	-255.716485	-250.012703	0.388538	1.000000
-2.8238188413935043641345	-0.5274000358587223047380	2.1099839130338025050548	1.4010962191768518980695	-254.706876	-249.003094	0.388538	1.000000
-2.8238188413935043641345	-0.5274000358587223047380	2.1099839130338025050548	1.4010962191768518980695	-254.706876	-249.003094	0.388538	1.000000
-2.8318698401215991466984	-0.5138314282130147514494	2.1036456616264489483115	0.5708972881563151302586	-254.478290	-248.774508	0.388538	1.000000
-2.8318698401215991466984	-0.5138314282130147514494	2.1036456616264489483115	1.4997298701551109445518	-254.478290	-248.774508	0.388538	1.000000
-2.8318698401215991466984	-1.2019766581387427706318	2.1036456616264489483115	1.4997298701551109445518	-254.478290	-248.774508	0.388538	1.000000
-3.1596241483831168928020	-0.9552129098042096977395	2.9304251610920273307670	1.2425127131741848796054	-256.618787	-250.915005	0.388538	1.000000
-3.1596241483831168928020	-0.9552129098042096977395	2.9304251610920273307670	1.2425127131741848796054	-256.618787	-250.915005	0.388538	1.000000
-2.7367485803261675236797	-1.5259998972209289913593	2.4377822249607845606079	0.8834156328721675111026	-255.364159	-249.660376	0.388538	1.000000
-2.7696159887894804541020	-1.5326775884999226384764	2.5780163976015528781716	1.2057238782093910867133	-255.689173	-249.985390	0.388538	1.000000
-2.8231764606123195271437	2.3632672805241985436453	2.7525328548621579294320	0.5242106980326705079065	-254.710892	-249.007109	0.388538	1.000000
-2.9159903057983882490589	2.6389356767146661120194	2.7795955165705059641823	1.6127622541044872583882	-255.017104	-249.313322	0.388538	1.000000
-2.9031931391315648482987	2.6394326644614412025192	2.7306223208043651773380	1.6130201656461307102575	-254.664941	-248.961159	0.388538	1.000000
-2.8196470801810091799666	2.6441104340321595067564	2.8202607338201404196809	1.6122370177676934588362	-254.788761	-249.084978	0.388538	1.000000
-2.8196470801810091799666	2.6441104340321595067564	2.8202607338201404196809	1.6122370177676934588362	-254.788761	-249.084978	0.388538	1.000000
-2.8196470801810091799666	2.6441104340321595067564	2.8202607338201404196809	1.6122370177676934588362	-254.788761	-249.084978	0.388538	1.000000
-2.8851082370843683655437	3.8235612901560180887373	2.8152294225760861046126	1.6321869631263568045654	-254.611148	-248.907365	0.388538	1.000000
-2.8748419402109370857090	3.8199876679312105842712	2.8075273712071049381223	0.0760557628466185242644	-254.592781	-248.888999	0.388538	1.000000
-2.8748419402109370857090	3.8199876679312105842712	0.8706891078194043398497	0.0760557628466185242644	-254.592781	-248.888999	0.388538	1.000000
-2.6798476903632706402902	3.8302861230059672692505	0.7448321554881668360437	0.0752939577751196575939	-256.529760	-250.825978	0.388538	1.000000
-2.6785758330899742674092	0.4506964333577196946123	0.7458334413440810273244	0.2064447111613740559743	-256.601889	-250.898107	0.388538	1.000000
-2.8793186269600958837600	2.5456522782375810010080	0.8947576259946676824342	1.8923555384322938710540	-254.585488	-248.881706	0.388538	1.000000
-2.8793186269600958837600	2.5456522782375810010080	0.8947576259946676824342	1.8923555384322938710540	-254.585488	-248.881706	0.388538	1.000000
-2.7497448545799767494202	0.1057336781519015445063	0.9001357431271026499076	1.1859740826597733320824	-255.653828	-249.950046	0.388538	1.000000
-2.7497448545799767494202	0.1057336781519015445063	0.9001357431271026499076	1.1859740826597733320824	-255.653828	-249.950046	0.388538	1.000000
-2.9586323074236875463328	0.0958647355322313626802	2.9137955882056743028841	1.2868031647621946955695	-254.917364	-249.213582	0.388538	1.000000
-2.9562734108451653725069	0.0918892110995823130359	2.9156526596155161179524	1.5300467031126741002112	-254.918709	-249.214927	0.388538	1.000000
-2.9650289211682960832661	0.1066451548432982981973	2.9087597724717104696879	0.6272002915939761669151	-254.959005	-249.255222	0.388538	1.000000
-2.9650289211682960832661	0.1066451548432982981973	2.9087597724717104696879	0.6272002915939761669151	-254.959005	-249.255222	0.388538	1.000000
-2.9176958377939268274304	1.4600111084148719164943	2.7564761401802653217885	1.0299852095543324814741	-255.061242	-249.357460	0.388538	1.000000
-2.8581040245777526997983	1.8386554995908279686034	2.8448102847841045814903	0.9093035183240831820228	-254.644782	-248.941000	0.388538	1.000000
-2.8268637881686644597323	2.4015034861006623323476	2.8472113934743159546770	0.0283959378884024449263	-254.620373	-248.916590	0.388538	1.000000
-2.8197964228675171938221	1.9675355145041768523129	2.8527752669239490046493	1.3062797339983520661377	-254.787637	-249.083855	0.388538	1.000000
-2.8197964228675171938221	1.9675355145041768523129	2.8527752669239490046493	1.3062797339983520661377	-254.787637	-249.083855	0.388538	1.000000
-2.8197964228675171938221	1.9675355145041768523129	2.8527752669239490046493	1.3062797339983520661377	-254.787637	-249.083855	0.388538	1.000000
-2.7132194305067032225054	3.8386284147290763435478	2.8803705050142882626574	1.2443379056075525301850	-255.494955	-249.791172	0.388538	1.000000
-2.7022688629483990752078	3.6413258173925879823685	2.3139688876579955767454	1.2678819206428684207566	-255.890497	-250.186715	0.388538	1.000000
-3.1381037288191335754561	2.5603474843529636650885	2.6506754657063482660817	0.4576085565959749357212	-256.403162	-250.699380	0.388538	1.000000
-2.9584336026913926609438	-0.6768712588796610418740	2.6644848202697222205870	0.6115841319832819866775	-254.918140	-249.214358	0.388538	1.000000
-2.9584336026913926609438	-0.6768712588796610418740	0.8915627453012482384054	0.6115841319832819866775	-254.918140	-249.214358	0.388538	1.000000
-2.9584336026913926609438	-0.6768712588796610418740	0.8915627453012482384054	0.6115841319832819866775	-254.918140	-249.214358	0.388538	1.000000
-2.9621981071419636322162	-0.6705268181965358120777	0.8885990911711642015192	0.2233978117221842585316	-254.943213	-249.239431	0.388538	1.000000
-3.0421536736029457514974	0.7700780500231780845155	0.8824537469763809038881	0.2477650740419207187060	-255.877745	-250.173962	0.388538	1.000000
-2.7502292263549867890049	0.6673928854181279124447	0.8460945487887797655802	0.2228899394537600664457	-255.645012	-249.941230	0.389185	1.000000
-2.7462479664339154439290	0.6575854178954627649034	0.8414294523623471189211	0.7857546683300795642424	-255.580471	-249.876689	0.389185	1.000000
-2.8510758329305896374706	0.8095437769703281993827	0.6940480554763595044676	1.3482854101116723555265	-254.447500	-248.743717	0.389185	1.000000
-3.0154506446896687243964	0.2993522832525734589382	0.8873515434715149030609	1.3690628579078465421048	-255.695279	-249.991496	0.389185	1.000000
-2.9509518407513422033617	-0.9341173230565282814553	0.8911021079350202045433	1.3471455086241206355879	-255.016061	-249.312278	0.389185	1.000000
-2.8879106530040101752377	-0.9430073389513118353733	0.6185896354590756374137	1.9863455249165546945278	-254.602507	-248.898724	0.389185	1.000000
-2.8879106530040101752377	-0.9430073389513118353733	0.6185896354590756374137	1.9863455249165546945278	-254.602507	-248.898724	0.389185	1.000000
-2.8959697513345492581038	-0.9231544916854504956305	0.6280329954926876512289	0.6752674832076477340337	-254.562663	-248.858880	0.389185	1.000000
-2.8878815712685681482697	-0.9228375224931090192726	0.5910920575045269798053	0.6749096254319948418043	-254.602507	-248.898724	0.389185	1.000000
-3.0747568631422796947561	0.3332535395233209296606	1.1396507491394300970455	0.7026643412572933788951	-256.135475	-250.431693	0.389185	1.000000
-2.6663425353570295861516	-0.9947364917478823675978	1.8660684735193306948986	1.1564456270565179885068	-257.233821	-251.530039	0.389185	1.000000
-2.7959981433708227527291	3.1183315766676158453663	1.8029977585237011439290	1.2644672001604824185250	-255.351148	-249.647365	0.389185	1.000000
-2.8624759586459740390296	3.4196453634771035723361	1.7277722391973218130090	1.0521740080608574796628	-254.668264	-248.964482	0.389185	1.000000
-2.8922088852217280319223	3.4229204147116703005338	2.5997317765317826676608	1.0557672925150898279867	-254.592713	-248.888931	0.389185	1.000000
-2.8922088852217280319223	3.4229204147116703005338	2.5997317765317826676608	1.0557672925150898279867	-254.592713	-248.888931	0.389185	1.000000
-2.8963548161061618557710	3.4331335340021476021377	2.6045898284391304500218	0.4696216226843251684286	-254.561588	-248.857805	0.389185	1.000000
-2.8322069373622982269012	3.4109482172381166975583	1.4934549712571354440627	0.9901396523943715166638	-254.508488	-248.804705	0.389185	1.000000
-2.8199810537847387337251	1.8509028696329286045597	1.8142818718605902006402	0.9655296895335705453789	-254.790289	-249.086506	0.389185	1.000000
-2.8199810537847387337251	1.8509028696329286045597	1.8142818718605902006402	0.9655296895335705453789	-254.790289	-249.086506	0.389185	1.000000
-3.0718023034273254090465	1.5231161167313456150652	2.8542609757660115654687	1.5734818543021633630019	-256.114066	-250.410283	0.389185	1.000000
-2.7284952310382579732106	-1.6708242710926013430139	2.9648819287929737420484	1.7888118379988759976129	-255.271285	-249.567502	0.389185	1.000000
-2.7271549481810830606321	-1.6294404082802216304771	2.7703990117482564237150	1.8278507716899021762202	-255.261240	-249.557457	0.389185	1.000000
-2.7968070319565052628263	-1.6321700167408510484535	2.9371582570074754592326	1.8309324958313193398851	-255.359182	-249.655399	0.389185	1.000000
-2.7968070319565052628263	3.6967752650195473407280	2.9371582570074754592326	1.8309324958313193398851	-255.359182	-249.655399	0.389185	1.000000
-2.7211126875248874412705	2.2492031005005057586743	2.9415598350365037561005	1.8052107880722614297042	-255.323664	-249.619882	0.389185	1.000000
-2.7211126875248874412705	0.8356579876978784682251	2.9415598350365037561005	0.7727079570614510117821	-255.323664	-249.619882	0.389185	1.000000
-2.7217803971966318954401	0.8373028290420833075203	2.9423422330876993768811	0.6783081361993524849296	-255.341486	-249.637704	0.389185	1.000000
-2.6992943742450594690752	0.7070232684976175407954	2.9461708933079036043523	0.6759108031945809669239	-255.997394	-250.293611	0.389185	1.000000
-2.7773549575315517046192	2.1681132034542858200155	2.9439743882659121787526	0.4324995755095237259802	-255.714174	-250.010392	0.389185	1.000000
-2.9799374791244552795888	0.9474926498824061127380	1.1762524449100544288171	0.8318998585084739216811	-255.128691	-249.424909	0.389185	1.000000
-2.8335327833285348653192	0.9523777840632703384216	0.5087384810254290679055	0.8735887083454763057944	-254.432123	-248.728341	0.389185	1.000000
-2.9317972941917989082583	0.9609287021245875859421	0.9407127393440090079579	0.1771042268084896953440	-255.179437	-249.475655	0.389185	1.000000
-2.8927006109520565502180	1.1985093280705965135269	1.1168667061799188999771	0.2184488365322447001038	-254.599529	-248.895746	0.389185	1.000000
-2.8082095492264058655962	1.4244247735750661387755	1.8403550108380164473942	0.8173683471506675290996	-255.108952	-249.405170	0.389185	1.000000
-2.8715900783723964373451	1.5335838994009938218710	1.6570261304566169524577	1.0686389938102820451604	-254.631274	-248.927491	0.389185	1.000000
-2.9189633730770201403004	3.3214979569413736193439	1.4413936639641806713996	1.0983398568163862396574	-255.102751	-249.398969	0.389185	1.000000
-2.9189633730770201403004	3.3214979569413736193439	1.4413936639641806713996	1.7852389103164700845383	-255.102751	-249.398969	0.389185	1.000000
-2.7844142480045577237036	2.8697765576546649946010	0.9054749435876695562442	1.4787418810699306526146	-255.522017	-249.818234	0.389185	1.000000
-2.7844142480045577237036	2.8697765576546649946010	2.7876384567639553857532	1.4787418810699306526146	-255.522017	-249.818234	0.389185	1.000000
-2.7817822633781590369040	2.8632929056813432033834	2.7845543923425259968951	1.8508480340251389772988	-255.613689	-249.909906	0.389185	1.000000
-2.7817822633781590369040	2.8632929056813432033834	2.7845543923425259968951	1.8508480340251389772988	-255.613689	-249.909906	0.389185	1.000000
-2.9725739762473306626589	2.8132788492029630056379	2.8741186046641362672460	1.9932347544476725076379	-254.984945	-249.281163	0.389185	1.000000
-2.8456365297654264701066	2.1906034830583505090829	0.5059186072930197397568	1.9779377924444103697965	-254.364522	-248.660739	0.389185	1.000000
-2.8456365297654264701066	2.1906034830583505090829	0.5059186072930197397568	1.9779377924444103697965	-254.364522	-248.660739	0.389185	1.000000
-2.8462458306714943923055	2.1921044397821671800841	0.5066325640644619987540	1.0662697791055226748114	-254.367329	-248.663546	0.389185	1.000000
-2.8509760344371763984839	0.0612043113620179823897	0.5121752458086979986618	0.3975204603261087710209	-254.447408	-248.743626	0.389185	1.000000
-2.8918131228308916469416	0.0544155167576743925562	0.7057290592998775036193	0.6925271429851117543919	-254.583801	-248.880018	0.389185	1.000000
-3.0012877952130887493354	0.0486095542350501175211	0.6817052832719993071819	0.6930012037874022645667	-255.477049	-249.773267	0.389185	1.000000
-2.9562567907595700411605	3.2867292698001961959164	1.4327874047422759495873	1.4641680090327369168079	-254.918709	-249.214927	0.389185	1.000000
-2.9606752600487555859843	1.1762314471641057700424	1.4325304735608086481591	1.4656694498160900419492	-254.909433	-249.205651	0.389185	1.000000
-2.8322359571260884436583	-0.4089711331743668965011	1.8225954074658035075629	0.6183865537272541512692	-254.508488	-248.804705	0.389185	1.000000
-2.8484932968827099131204	3.4538441071553389605242	1.8263807381488252890023	0.1616694928463752733983	-254.397307	-248.693524	0.389185	1.000000
-2.8484932968827099131204	3.4538441071553389605242	1.8263807381488252890023	0.1616694928463752733983	-254.397307	-248.693524	0.389185	1.000000
-2.8457958629692665653010	0.9557602529390245571506	2.3344748068069063329233	0.5430287706760914545612	-254.360955	-248.657172	0.389185	1.000000
-2.8369807974549017259847	0.9064398133886500952272	2.4215730416330174534778	0.5453149623004666102233	-254.388552	-248.684770	0.389185	1.000000
-2.8369807974549017259847	3.7404090091181458888059	2.8724130657272968214500	0.5453149623004666102233	-254.388552	-248.684770	0.389185	1.000000
-2.8524004947658658792875	-0.7322273448126821460136	2.6938003178460969699870	1.5503343069814867760670	-254.531438	-248.827656	0.389185	1.000000
-2.8151007657907083370219	0.0823970617909521862998	2.6824293367982399161065	1.5385246849008400449321	-254.951013	-249.247230	0.389185	1.000000
-2.8206210118503403094792	0.0808023696912020250593	2.2311128529188164471009	1.5347953745265481284576	-254.798856	-249.095074	0.389185	1.000000
-2.8923276198634049194425	3.3490363903519888566507	2.2153771265344470720038	1.5351058873728942177905	-254.596715	-248.892933	0.389185	1.000000
-2.8798899633690187016555	3.4607214240649968317598	2.0861021194028976921686	1.4143368119289156936702	-254.582158	-248.878376	0.389185	1.000000
-2.9521249593602596483777	3.4578905933773329550718	2.4160191694338220003146	1.4175328158233451159020	-254.955845	-249.252063	0.389185	1.000000
-2.9521249593602596483777	3.4578905933773329550718	2.4160191694338220003146	1.6474950693066028328815	-254.955845	-249.252063	0.389185	1.000000
-3.1835942223909352577493	3.4738375692713923115207	2.3808271350897016738202	1.4887151219709582328221	-256.426277	-250.722495	0.389185	1.000000
-2.9801708297227476052171	0.6862677920104636175580	1.6996659441099888354643	1.4054550092668971483789	-255.127857	-249.424075	0.389185	1.000000
-2.7993007665786269200225	1.8995485390965711758327	0.8816918698604699899946	1.2607004988001042633528	-255.307487	-249.603704	0.389185	1.000000
-2.7947963371939938959088	1.8884522917342438930177	0.8764137423726984232886	1.8975301644306115100846	-255.410460	-249.706677	0.389185	1.000000
-2.7177712353836498415660	1.5451471393907560969438	1.1503963582633285334111	1.8607859855779596003345	-255.367508	-249.663726	0.389185	1.000000
-2.8737356205846755763389	1.5390350221025754784421	1.8627285065429324273367	1.8676865574635761468869	-254.624117	-248.920335	0.389185	1.000000
-2.7447724907478403544303	1.5440889821742780352309	1.2737185014245966385715	1.8619806435981371972588	-255.534595	-249.830813	0.389185	1.000000
-2.7087389867365896378715	-0.2468014084044152234299	1.2665467224971340698403	1.8304614983796183569353	-255.621650	-249.917868	0.389185	1.000000
-3.1872891509866239090343	-0.2730713375386976671244	1.1610387051203898689522	0.9334338969763125160028	-256.491616	-250.787834	0.389185	1.000000
-2.7214508135551760403814	-1.1100459317506308210000	0.6278448207718329010518	0.0885483324473592958714	-255.323077	-249.619295	0.389185	1.000000
-2.8455742688690670583185	-1.6299278620224126878924	0.5279171426864547322921	0.1107027632390367721804	-254.364522	-248.660739	0.389185	1.000000
-2.9840807032992113789760	-0.2488844467431896578802	0.9010976721105499187559	0.7001289784042371566741	-255.160096	-249.456314	0.389185	1.000000
-3.0450920727778236773986	-0.4288260206352650927286	0.5065144178310012623712	0.5913948868153762195021	-255.827334	-250.123552	0.389185	1.000000
-2.7789927959071900609445	-1.3822891142336588554684	0.5046543391001462319778	1.0102009418362969395133	-255.664808	-249.961026	0.389185	1.000000
-3.1269842161483416553835	1.0275259740209183867421	1.0204400262690860312631	1.8953218381628027522368	-256.244266	-250.540483	0.389185	1.000000
-2.8578262003620644726709	-0.5155010203553386238795	0.9880371928453838270556	1.7634848434787950832714	-254.571220	-248.867438	0.389185	1.000000
-2.8605331266089346620163	-0.5088327565949345432372	2.1730407376756790682748	1.3807835533749308609686	-254.618070	-248.914288	0.389185	1.000000
-2.9273862756270694340799	0.6337237485403456327404	2.7600332699117458012950	1.9297221779456426027366	-255.269288	-249.565506	0.389185	1.000000
-2.8106194467297407335593	1.9879266956294887602752	2.8089905963794516985388	1.2344331963298207366364	-255.041104	-249.337322	0.389185	1.000000
-3.1306239283180161692144	1.8256899834406430382927	2.5711070861427849365555	1.2881059482872017074584	-256.315823	-250.612041	0.389185	1.000000
-3.0201938743037826107241	2.7370817510787981419185	2.6262230199173575151406	1.6549985614806559386381	-255.762171	-250.058389	0.389185	1.000000
-2.9509317705314574986630	1.4125192064170351002872	2.6302505672393898805694	1.6314625944888454522896	-255.016061	-249.312278	0.389185	1.000000
-2.9509317705314574986630	1.4125192064170351002872	2.6302505672393898805694	1.6314625944888454522896	-255.016061	-249.312278	0.389185	1.000000
-2.9488511737972680215591	1.4073938477861329676699	2.6278125992137044697472	1.9256143303482460282794	-255.035922	-249.332140	0.389185	1.000000
-2.8548401638824927317728	-0.3904646597790386586269	2.6332792797013260255312	1.8936684334477680291542	-254.512515	-248.808733	0.389185	1.000000
-2.7980968837984017127951	-0.9654199477077002322645	2.2874903190270141628559	0.6761148682838297174769	-255.329277	-249.625495	0.389185	1.000000
-2.8986045767538914930128	-1.1467397639717060719988	1.4753599133924855113520	1.6604460052669265390790	-254.587747	-248.883964	0.389185	1.000000
-3.1324722542277583237080	-1.1570802146953589328859	2.2263367308423189783184	0.6580605084365451773465	-256.302474	-250.598692	0.389185	1.000000
-3.0702598845403725746905	0.5176785130384529143299	1.1322201229400976618678	0.2529471005408373551759	-256.129077	-250.425295	0.389185	1.000000
-2.8282908467757317261260	-0.4262070880719774912393	2.3610415538001738866569	1.6208635419906756158781	-254.533444	-248.829662	0.389185	1.000000
-2.8316867593680865589079	-1.2978683728237434547026	2.3650207613910234627497	1.1407543658811585274293	-254.477534	-248.773752	0.389185	1.000000
-2.7214811607154456574165	-1.2920236458048146577227	2.3892049362456981853597	1.1402771399312896516420	-255.323077	-249.619295	0.389185	1.000000
-2.7825617998011882292531	-1.2944173463259169842843	2.6681769772161891829398	1.1429796244779206748632	-255.614626	-249.910843	0.389185	1.000000
-2.8837302374583124731089	0.1830936185102675084480	2.6312887267163360682787	0.5256072436483825160991	-254.601318	-248.897535	0.389185	1.000000
-2.8457764660739224282793	-0.5427310571257792926048	2.7552823575356062413277	0.5127101662876650811640	-254.360955	-248.657172	0.389185	1.000000
-2.8624223418328456070014	1.9952896154340247214520	2.3684313446294962268723	0.3146761301369681573803	-254.687172	-248.983389	0.389185	1.000000
-2.8640116227371161805593	1.9992046627210728892976	2.3702936065300241885723	0.0899859107026708959776	-254.722563	-249.018781	0.389185	1.000000
-2.9963931070297138425929	1.9935521755903424789835	2.0786494635450809553845	0.0803555562398321626683	-255.297075	-249.593292	0.390607	1.000000
-2.9432306279983078134421	-1.9813256164181138885283	2.0756749493772397308078	0.0606934175088020416711	-255.161962	-249.458180	0.390607	1.000000
-2.9847683960081878851156	-0.2260699059296955581999	2.0886703899477496726433	0.0941507268291132404237	-255.180768	-249.476986	0.390607	1.000000
-2.7280948170670988872644	-0.2083472730973371100927	0.6069111708782790604033	1.7547927572583950084351	-255.297712	-249.593929	0.390607	1.000000
-2.8663079630221739435569	0.1365952574726078949663	0.5233968871915263276762	1.0135046951064552445132	-254.693304	-248.989522	0.390607	1.000000
-2.8980118001532497729045	0.7675987148419337602334	0.5251707606910221981522	1.0252303568012182122260	-254.596590	-248.892807	0.390607	1.000000
-2.7434568481635412950936	-1.2698460830903213203413	0.8741272746856506570268	0.7325726338549198857208	-255.526834	-249.823052	0.390607	1.000000
-2.9887334523241904093993	-1.6462837287159490795574	0.7191002200062277527337	0.2501367902737243742450	-255.222654	-249.518872	0.390607	1.000000
-3.0750840356979654011127	-1.6440782869346219907669	1.0975112723212538945461	1.3381377350296768113935	-256.144036	-250.440253	0.390607	1.000000
-3.1820701670655715531666	-1.3375958418946334305133	0.5736524481601817937459	1.4579171140558493391381	-256.420131	-250.716348	0.390607	1.000000
-3.1808752724694713265308	-1.3358878932380118254031	0.5760170922774610069439	1.3688787833938280691370	-256.391165	-250.687383	0.390607	1.000000
-3.1846717191654820844349	-0.9340732938742498658868	2.3940221351469301858117	0.1183375887006340859697	-256.452127	-250.748344	0.390607	1.000000
-2.9522067738358495070372	0.5222471537672914720929	2.7675053988707407626180	1.4402197721429670362880	-254.955845	-249.252063	0.390607	1.000000
-2.8414569014808677138717	0.7261645110130844349428	2.7360971324656571113110	1.4706322106612819133886	-254.403503	-248.699721	0.390607	1.000000
-2.8414569014808677138717	0.7261645110130844349428	2.7360971324656571113110	0.8577234604371681836454	-254.403503	-248.699721	0.390607	1.000000
-2.8414569014808677138717	0.7261645110130844349428	2.7360971324656571113110	0.8577234604371681836454	-254.403503	-248.699721	0.390607	1.000000
-2.8414569014808677138717	0.7261645110130844349428	2.7360971324656571113110	0.8577234604371681836454	-254.403503	-248.699721	0.390607	1.000000
-2.8542158034499003349538	3.3689869853228966434244	1.8458950768335657954822	0.8650646453649449840739	-254.510138	-248.806356	0.390607	1.000000
-2.8562453609539555365870	3.3660859930312745369463	1.8418786713461634541034	1.0162984133754868754096	-254.566771	-248.862989	0.390607	1.000000
-2.6877679467186794681766	3.3777189135887981663586	0.8692699487109288858377	0.9929523746968099695565	-256.281548	-250.577766	0.390607	1.000000
-3.0006757005673434512971	3.7512864153072729145322	1.2221367840145611616265	1.2307897696598928405365	-255.495372	-249.791589	0.390607	1.000000
-2.7050251171471955125014	1.8072754161984490028914	0.5524482919271211933676	1.1304010183205661643768	-255.816788	-250.113006	0.390607	1.000000
-2.7050251171471955125014	1.8072754161984490028914	0.5524482919271211933676	1.1304010183205661643768	-255.816788	-250.113006	0.390607	1.000000
-2.7540698463859696332179	0.2200048376502311830993	0.9091121502537237164532	1.2846078125902753441778	-255.757649	-250.053867	0.390607	1.000000
-2.9079001383011910952803	-1.8098486075161321906535	0.5160314402765524555150	0.8790249720019602808208	-254.762243	-249.058460	0.390607	1.000000
-2.9079001383011910952803	-1.8098486075161321906535	2.9442904155329028270671	0.8790249720019602808208	-254.762243	-249.058460	0.390607	1.000000
-2.8181624614112488202977	-1.4024056302046770117187	2.6314625243128997311715	1.0004972238135412254678	-254.880550	-249.176768	0.390607	1.000000
-2.8567828089700695315400	-1.3982982805529353687035	2.8930171171357423887116	0.6354747703160439353809	-254.566436	-248.862654	0.390607	1.000000
-2.8854316676623312787342	-1.7228307740237513989712	0.7592325937353983089650	0.7904722813608350273640	-254.609076	-248.905294	0.390607	1.000000
-2.8854316676623312787342	-1.0298588090054070498525	0.7592325937353983089650	0.7904722813608350273640	-254.609076	-248.905294	0.390607	1.000000
-2.8945258087704832661302	2.3694821483793280236796	1.2344590336008871567230	0.2906871487944144849536	-254.577984	-248.874202	0.390607	1.000000
-2.8026607064575137506779	3.6244883929027822411228	0.7800387515997438958593	0.8376492157490772472173	-255.247012	-249.543230	0.390607	1.000000
-2.7941834039271351564082	3.6366056102002661809536	0.7968149623419141791558	0.2059576269801828285466	-255.412943	-249.709161	0.390607	1.000000
-2.8013384364672018200793	3.0394641355690574791026	0.7826554660482401004629	0.7391194265893579196103	-255.250833	-249.547050	0.390607	1.000000
-2.8013384364672018200793	3.0394641355690574791026	0.7826554660482401004629	0.5597529137437531332466	-255.250833	-249.547050	0.390607	1.000000
-3.1584945035952598502149	3.8389326897489448597867	2.0492477131905091347619	1.7401252136731790720603	-256.638106	-250.934323	0.390607	1.000000
-3.0598721680221312446690	3.8366589775189070543604	2.2055685566827869514839	0.5118739540305773383366	-255.992181	-250.288399	0.390607	1.000000
-2.9500001471285095533403	3.9396208487447044177543	1.5939802442882742283814	1.5000265673970787361213	-255.014764	-249.310981	0.390607	1.000000
-2.8214504220092293529376	3.9484968678051335366774	0.8518713716486860931809	1.4822133378411159743138	-254.700069	-248.996287	0.390607	1.000000
-2.7709902852062575639991	3.0411347502010857013488	1.0772738674932074154356	1.0174096059847992368219	-255.710475	-250.006692	0.390607	1.000000
-2.8535293704426170080524	2.9075271296329057157948	2.0372971458382496123818	0.5701202384068912998316	-254.511906	-248.808124	0.390607	1.000000
-2.8535293704426170080524	2.9075271296329057157948	2.0372971458382496123818	0.5701202384068912998316	-254.511906	-248.808124	0.390607	1.000000
-2.8535293704426170080524	2.9075271296329057157948	2.0372971458382496123818	0.5701202384068912998316	-254.511906	-248.808124	0.390607	1.000000
-2.8791060607135685600610	2.0179768838926173124548	0.9325817321182873209651	1.1168303052497667859910	-254.580510	-248.876727	0.390607	1.000000
-3.0145458958729252074704	1.2252930756732385297880	2.2762851119110125708289	1.2167113897577539471939	-255.635214	-249.931431	0.390607	1.000000
-2.8199159931477635332442	0.0193670147741391573959	1.5017408322333953840655	1.1756210062790777293174	-254.788126	-249.084343	0.390607	1.000000
-2.8200316632809028227769	0.0192016791460837901728	1.5015119261016203200398	1.1842402398045905886903	-254.791707	-249.087925	0.390607	1.000000
-2.8165220224570055584934	-0.7411770538213389158955	1.5084573517107726647879	0.9227171220308525434461	-254.889860	-249.186078	0.390607	1.000000
-3.1370136663222130124495	-1.0052155082581413214626	2.6933532409872871227208	1.5221285566521589593947	-256.415832	-250.712050	0.390607	1.000000
-2.6768435435739430516833	1.8052408372338664133139	1.6971709821869553902474	1.3898172621859012920709	-256.611117	-250.907334	0.390607	1.000000
-2.8239570955848227740148	1.0869321337193527110543	1.8091495586439543252766	1.3050456711550109112352	-254.706608	-249.002826	0.390607	1.000000
-2.8514328256089962465580	-0.9829490326346306261485	1.7147806265714653495280	1.3189666057954050337742	-254.452007	-248.748224	0.390607	1.000000
-2.9016352354964540793958	-1.3282226970761756845718	2.0167359747396851332724	1.6604627461929055698420	-254.617626	-248.913843	0.390607	1.000000
-2.8422694425704415621681	-1.0937301706095521325324	2.0541392958835560378361	1.7145276365794357431582	-254.344113	-248.640331	0.390607	1.000000
-2.8476023664421008518843	-1.5660460364142037015256	2.2315903328805295480208	1.7843067367580929261095	-254.381025	-248.677243	0.390607	1.000000
-2.9727314765290642206708	-1.5129367745582935622650	1.6113873914153635791280	1.5272534404986142231309	-254.999733	-249.295951	0.390607	1.000000
-2.9229068839865424145330	-1.5086033056955709952263	1.1913476582635360578877	1.5204586248974834017389	-255.196362	-249.492580	0.390607	1.000000
-2.8820945636444088577832	-1.5057853227483419811250	0.9557408920039953681425	1.5148032317778843403033	-254.585833	-248.882051	0.390607	1.000000
-3.0475661584595470365855	-1.5172106994123211176628	1.9109972223321536333174	1.2811743367353933820141	-255.820877	-250.117095	0.390607	1.000000
-3.0475661584595470365855	-1.5172106994123211176628	1.9109972223321536333174	1.2811743367353933820141	-255.820877	-250.117095	0.390607	1.000000
-3.0483579899814046143547	-0.6863882241162848618643	2.1030967644509801495190	1.0525842503048432607926	-255.825127	-250.121345	0.390607	1.000000
-2.8210376810218953380627	-0.8044759935579208764977	1.2410846428278974329373	1.6168813085337714330336	-254.793296	-249.089514	0.390607	1.000000
-2.8210376810218953380627	-0.8044759935579208764977	2.1653208542573718631274	1.6168813085337714330336	-254.793296	-249.089514	0.390607	1.000000
-2.8210376810218953380627	-0.8044759935579208764977	2.1653208542573718631274	0.6653841691064985575110	-254.793296	-249.089514	0.390607	1.000000
-2.8436204742438095927071	0.5675348367858442655276	1.4789011045818649670025	1.4635547083540296764426	-254.401217	-248.697434	0.390607	1.000000
-2.8434928006685447066104	0.5677173297957476272302	1.4791537650003379056329	1.4540410307055342542526	-254.401217	-248.697434	0.390607	1.000000
-2.8416891254251392950891	0.5318186683859374985772	1.4790528468779433612923	1.0599929134784371598244	-254.338630	-248.634847	0.390607	1.000000
-2.8925534345306891381711	0.5293057863798467099770	1.4702351272830265216385	1.0590279343547244206292	-254.600470	-248.896688	0.390607	1.000000
-2.8529749642745487747675	0.2466630452755333990922	1.1148918401513325804331	1.1749545669771654932134	-254.530140	-248.826357	0.390607	1.000000
-2.9695528630003078518484	-0.3577341431517940262275	1.5246459778088194969570	1.9103077795718517162271	-254.989200	-249.285417	0.390607	1.000000
-2.8443317030147783341931	-0.1782497561934737184686	0.7287010560368142320087	1.8965443203354244161574	-254.399156	-248.695374	0.390607	1.000000
-2.8388538925239279464563	1.8106748869553821457146	0.7283945649699820057421	1.8945183525518347611438	-254.356632	-248.652850	0.390607	1.000000
-2.8388538925239279464563	3.0105006379499892332774	0.7283945649699820057421	0.8818727657465668112735	-254.356632	-248.652850	0.390607	1.000000
-3.0556160546389907750608	3.6935195197793353472093	0.5434407460867467509757	0.9205124344844864969772	-255.904408	-250.200625	0.390607	1.000000
-2.8883491541337011909718	3.6947131974356421935113	1.4719446553351163142764	1.4635399461874314397392	-254.602728	-248.898946	0.390607	1.000000
-2.8646730542947191899827	3.2751017782316309556734	2.1212397167058467672973	1.4284626649794947006455	-254.720216	-249.016433	0.390607	1.000000
-2.8255057607790661222680	3.8833408602578378676640	1.8951295791052049644065	1.4230352244320123578092	-254.600214	-248.896432	0.390607	1.000000
-2.7665250919046697752890	2.3405744519068987230526	2.1836417432401629135086	0.4339022620776856742353	-255.717970	-250.014187	0.390607	1.000000
-2.8228520752979817665107	1.7157568907619014098032	2.7315283919019646141635	0.0012916599927316196883	-254.688150	-248.984368	0.390607	1.000000
-2.8228520752979817665107	1.7157568907619014098032	2.7315283919019646141635	0.0012916599927316196883	-254.688150	-248.984368	0.390607	1.000000
-2.8228520752979817665107	1.7157568907619014098032	2.7315283919019646141635	0.0012916599927316196883	-254.688150	-248.984368	0.390607	1.000000
-2.8548979457632466250061	0.4261843266805156460464	2.9165270356693100417544	0.0057322797325928369350	-254.512515	-248.808733	0.390607	1.000000
-2.7235578415967669485553	0.4326730058789917676698	2.9392958539325042544021	0.0082240162931719821421	-255.320308	-249.616525	0.390607	1.000000
-2.7235578415967669485553	3.8903247212309874925040	2.9392958539325042544021	0.0082240162931719821421	-255.320308	-249.616525	0.390607	1.000000
-2.7235578415967669485553	3.8903247212309874925040	2.9392958539325042544021	0.0082240162931719821421	-255.320308	-249.616525	0.390607	1.000000
-2.7235578415967669485553	3.8903247212309874925040	2.9392958539325042544021	0.0082240162931719821421	-255.320308	-249.616525	0.390607	1.000000
-2.7235578415967669485553	0.4838386487101562494217	2.9392958539325042544021	0.3996395793359799331057	-255.320308	-249.616525	0.390607	1.000000
-3.1316971513821743045014	0.4890087634790289405906	2.8637147023187528027677	0.6056177911645684863728	-256.305124	-250.601341	0.390607	1.000000
-3.1499357705754333913717	0.7869058671901385526581	2.8585245746621388285291	0.8386586700125900906144	-256.476006	-250.772223	0.390607	1.000000
-2.9417042022357540176358	0.8012837071104573771763	1.6564178079215234884458	1.8664669885831082218886	-255.162575	-249.458793	0.390607	1.000000
-2.9035940855375805824679	-1.1226339943958798528456	1.9878819390563546853912	1.3017773632680598172584	-254.669111	-248.965329	0.390607	1.000000
-2.8647382496939881590947	-1.8959841303719890959201	1.5817813060768923794086	1.2874065354062604882301	-254.714557	-249.010774	0.390607	1.000000
-2.8894165767856607729414	-1.8795230319578315469897	2.2208025205349022357382	0.2381735972216631747056	-254.610504	-248.906721	0.390607	1.000000
-2.8894165767856607729414	3.8465552817455517242706	2.2208025205349022357382	0.2381735972216631747056	-254.610504	-248.906721	0.390607	1.000000
-2.7310296163711971217936	3.5856102426153859674685	1.3842708277206912104162	0.2130773860094924976316	-255.287636	-249.583853	0.390607	1.000000
-2.9800267704686222991484	3.5481984831477695330193	2.7064944768566840949120	1.3530835713398086106452	-255.128691	-249.424909	0.390607	1.000000
-2.8351102186437380225925	3.5582045883726216572995	1.9678851082571870989568	1.3330023786206490754580	-254.473412	-248.769630	0.390607	1.000000
-2.9361773159076456352068	3.2994448891823506819776	1.0343974221890137599189	0.2079427664323071078822	-255.179948	-249.476165	0.390607	1.000000
-3.0495950011698176318475	3.3281410814438543432914	0.9226651405086845336712	0.1437129375393876862255	-255.820180	-250.116398	0.390607	1.000000
-2.7638357066407261974916	3.0383253958895899415893	1.5669558345664382770224	0.9842747939096291309724	-255.718045	-250.014263	0.390607	1.000000
-2.7761483575750722785358	2.0069834849701413403977	2.0659279809464212718240	0.4471678040908283469079	-255.669637	-249.965854	0.391345	1.000000
-3.0084370196095768790201	1.9050123160593996907153	1.8735527566093441720341	1.5099176396604405692159	-255.543642	-249.839859	0.391345	1.000000
-2.7998804219033766038649	0.3084848719817829820755	2.0763312726615668069030	1.7789183686899414649218	-255.307110	-249.603327	0.391345	1.000000
-2.8799186531732918759019	2.0173995549660377335499	2.4909004865965505004510	1.8021576392240874486816	-254.582158	-248.878376	0.391345	1.000000
-2.9548830215355827988333	2.1763201226149573308533	2.3620875057349079995106	1.7923884052208509665149	-254.928493	-249.224711	0.391345	1.000000
-2.9323915782690841425051	2.2349213069940407905278	2.2879589555655819310687	1.8665486462281519752793	-255.182385	-249.478602	0.391345	1.000000
-2.7302559647967075129316	-0.8932660331139640197406	0.8685311964786552874074	0.5339340200533813085571	-255.240980	-249.537197	0.391345	1.000000
-2.7487482775362170883682	-0.8901453672310336573403	2.0356165513839390435180	0.2190539475795008073078	-255.651184	-249.947402	0.391345	1.000000
-2.6907466032823901258553	-1.6113387100063434331787	1.9352501396643631004224	0.2500929541628369445760	-256.186209	-250.482427	0.391345	1.000000
-2.6829288598021867606747	-1.6192143613150713488125	1.9337975569891374671982	0.8565834951161060972780	-256.458721	-250.754938	0.391345	1.000000
-2.8955145792538070637079	3.6620526806671724884268	2.0682111633143378526256	1.0309605694165944189677	-254.591143	-248.887360	0.391345	1.000000
-2.7649001466742388899434	3.6716293882447530450008	1.2099632800238566687767	0.7691019120609645653985	-255.726112	-250.022329	0.391345	1.000000
-3.0240865213974155167875	3.6665382019547876346621	1.1725985377533789666415	0.2328246852300799307756	-255.835931	-250.132149	0.391345	1.000000
-3.0119243768940435757031	3.4068614576212228328700	1.1715667477827591547168	0.2292933807284089353651	-255.614337	-249.910555	0.391345	1.000000
-2.9574169984891280904549	3.4108579625517658762135	0.8134069241259502813790	0.2277848553419632160466	-254.958246	-249.254463	0.391345	1.000000
-3.0441054936708158429326	2.2980095139108809298989	1.2475459779588733422173	1.1062338723201021739584	-255.839448	-250.135665	0.391345	1.000000
-2.7160399645746795549428	2.5887200080040031480166	1.2080647314348169629739	1.2431389367473937301867	-255.422270	-249.718487	0.391345	1.000000
-2.7160399645746795549428	2.5887200080040031480166	1.2080647314348169629739	1.2431389367473937301867	-255.422270	-249.718487	0.391345	1.000000
-2.7187721851458968025383	2.5902124252213143407175	1.2081675717664777103266	1.1239530055980064826571	-255.372844	-249.669062	0.391345	1.000000
-3.0112092132236671915280	3.2222436918279879769500	1.5598123460839279363910	0.0333031123399356587811	-255.579676	-249.875894	0.391345	1.000000
-2.9098474906299442999114	3.2296755778582593165993	0.8937796409328740976363	0.8022452865629119411750	-254.829700	-249.125918	0.391345	1.000000
-2.8710559596998375120336	3.2402885643662044934388	0.5355501208910818933262	0.7806342325706626672499	-254.640407	-248.936624	0.391345	1.000000
-2.7556717151543628219201	2.9942610248845769049808	0.8670465031496744634509	0.0609730179914642345107	-255.770223	-250.066441	0.391345	1.000000
-2.7626100643129953837729	2.5080652015265294529911	2.7887077095079697564017	0.1444251840385635254904	-255.792507	-250.088725	0.391345	1.000000
-2.7352309497712994357244	2.4931099441189790155704	2.7876771641524054068384	1.3387669934350681089086	-255.326456	-249.622674	0.391345	1.000000
-2.8902579270206643080598	2.1949229531888692079633	2.8310459332471760163230	0.3010460832698717559275	-254.567356	-248.863573	0.391345	1.000000
-2.8902579270206643080598	2.1949229531888692079633	2.8310459332471760163230	0.3010460832698717559275	-254.567356	-248.863573	0.391345	1.000000
-2.8636854164686198487288	3.9964491312327354854972	2.4296766317219780084713	0.4085121718629878828644	-254.676543	-248.972761	0.391345	1.000000
-2.8636854164686198487288	3.9964491312327354854972	2.4296766317219780084713	0.4085121718629878828644	-254.676543	-248.972761	0.391345	1.000000
-2.8343670989713767305318	-1.4850009473972718421209	0.6975171143628593473096	0.2388289630700641819061	-254.426932	-248.723150	0.391345	1.000000
-2.8343670989713767305318	3.4134328707430885430085	0.6975171143628593473096	0.2388289630700641819061	-254.426932	-248.723150	0.391345	1.000000
-2.8328429437167832460887	-1.0365246266362824201224	0.6974597454104636273797	0.3053162244385929091628	-254.428127	-248.724345	0.391345	1.000000
-2.8328429437167832460887	-1.0365246266362824201224	2.3218171235741293934041	0.3053162244385929091628	-254.428127	-248.724345	0.391345	1.000000
-2.8229643246648388199560	-1.0419206116133703510229	2.3214452939823480015491	0.7362449798178117843506	-254.691650	-248.987867	0.391345	1.000000
-3.0044440310730897714109	-0.7653611231475559995019	2.4650303316937769437800	0.8034239732814636436586	-255.530464	-249.826681	0.391345	1.000000
-2.7892551572035140239336	-0.2121611587490417893953	2.2791241860405460073480	0.2148462203065207853925	-255.470947	-249.767164	0.391345	1.000000
-2.7934631391249786780406	-0.1223155689949109864445	2.2794811751835308832881	1.5889831762515840285488	-255.380852	-249.677069	0.391345	1.000000
-2.9004253937469250956838	-0.1245750381812238821722	1.5810932400988497725791	1.5908042800743347200410	-254.620860	-248.917078	0.391345	1.000000
-2.8948294984228524207026	-0.2440542861858537859732	1.5806185056743069505814	1.5891794999754551565019	-254.581654	-248.877872	0.391345	1.000000
-2.8886745291724511552900	-0.6992283407328014899207	2.0992798161290457947814	0.9040427767537353442862	-254.602125	-248.898342	0.391345	1.000000
-2.9175833285848726816880	-0.7013479466057821465341	2.2892352093744698926514	0.9048428456449842949283	-255.061117	-249.357334	0.391345	1.000000
-2.8703535488971261280255	-1.7097618345928293770442	2.9696010790333340345626	0.8911295787471908980137	-254.661572	-248.957789	0.391345	1.000000
-2.8179327568989118724119	-1.7059183190942932561995	2.6251519022896330213257	0.8896788009291961563108	-254.883985	-249.180203	0.391345	1.000000
-3.0716648237603711990573	3.8350025898658568479505	2.8838054933987522510108	1.4236349977712434711208	-256.113350	-250.409568	0.391345	1.000000
-3.0210930587781725797925	3.8441599086326725398521	2.3398396922854742818743	0.9215230579639401842229	-255.796105	-250.092323	0.391345	1.000000
-2.8884954216934515258686	0.8284856287945580044507	2.3281719570722274603725	0.4934934288554014836237	-254.602728	-248.898946	0.391345	1.000000
-2.7934673395730258427250	0.9713757875777728756361	0.8435461331651610272786	0.4913828998340007414569	-255.380852	-249.677069	0.391345	1.000000
-2.9070568638126133009791	3.1740315048562774968843	0.5421502556511088588564	0.1197601892628008812824	-254.746123	-249.042340	0.391345	1.000000
-2.8424483871145826974214	2.3273619234402178612697	2.6750524262458421631550	0.1075334057989800612409	-254.344257	-248.640474	0.391345	1.000000
-2.7613337736558274393417	2.3264056500762224644063	2.2148599735655820630598	0.5916807118432900747251	-255.743693	-250.039911	0.391345	1.000000
-3.0189343456979722546407	0.2128275467741977400316	2.3340829332212762459164	0.6195923554818048017978	-255.763607	-250.059824	0.391345	1.000000
-2.9240839084680239068348	2.0666980389522140448832	2.2713113343145043820925	1.9763753580678846688556	-255.229653	-249.525870	0.391345	1.000000
-2.6326914872037114889736	2.0485004268152060546981	2.4104043974203204214746	1.8259527947989853124966	-258.201854	-252.498071	0.391345	1.000000
-2.6326914872037114889736	2.0485004268152060546981	2.4104043974203204214746	1.8259527947989853124966	-258.201854	-252.498071	0.391345	1.000000
-2.9935046011653048125822	1.6450362313975159800350	2.8912513651805382686177	1.3540033309213697076956	-255.231695	-249.527913	0.391345	1.000000
-2.8207655196178689216424	1.6556598442502798995690	1.7777385814330921576243	1.4930691618880089777122	-254.795717	-249.091935	0.391345	1.000000
-2.8287063634316651494771	1.6599973608302125427372	1.7780374734845172390862	1.1466707510021749705231	-254.531901	-248.828118	0.391345	1.000000
-2.7557551786714755692742	0.1023998377494463873916	1.7718485731010757966430	1.1254892194824277495968	-255.767570	-250.063788	0.391345	1.000000
-2.8319299552046768297942	0.0507050523149178630766	1.8714497204553501852331	1.1045051910922050186770	-254.506501	-248.802718	0.391345	1.000000
-2.7933851588495830498005	0.0411778943801253335955	1.7484442619231501669930	1.9737829708403784589876	-255.383977	-249.680194	0.391345	1.000000
-2.7676036030862598558144	-0.5092900319479929382993	1.7462570530262164769653	0.1178921653679105840951	-255.701528	-249.997745	0.391345	1.000000
-2.9428337575098422185249	2.6577686161078419857517	1.9349912982763137758724	0.1617291327783876297985	-255.201826	-249.498044	0.391345	1.000000
-2.9209646029849478665597	2.1908352683929068760449	1.9331360025841386462986	0.1553793772891243762935	-255.150996	-249.447214	0.391345	1.000000
-2.9181134954755809651772	2.1991827523112159603613	0.8179534429770470849164	0.1352111058662777143269	-255.064492	-249.360709	0.391345	1.000000
-2.9160953537892599918280	2.1993307233462564553861	0.8046925360752767986128	0.1351552525477665300802	-255.017104	-249.313322	0.391345	1.000000
-2.9160953537892599918280	2.1993307233462564553861	0.8046925360752767986128	0.1351552525477665300802	-255.017104	-249.313322	0.391345	1.000000
-2.9074409408770378604459	2.1946034348645051537119	0.8043667854006797401922	0.5126812372214752944188	-254.760060	-249.056277	0.391345	1.000000
-2.7668036129447739490672	-0.8081764974983225435778	0.7924356506887852980014	0.4718468901955463756792	-255.698403	-249.994621	0.391345	1.000000
-2.9742609712518044418061	3.9647815598223612454376	0.7766769220084789315806	0.4944415707024960027205	-255.041474	-249.337692	0.391345	1.000000
-2.8988981617343094754347	3.0191331444537072847822	1.8477925024839993994874	1.6312706736524138495525	-254.585872	-248.882090	0.391345	1.000000
-2.8628241954289888049345	3.3686677288733943846921	1.7050489004606570464517	1.2856803705222192846236	-254.669731	-248.965949	0.391345	1.000000
-2.8929306416532214463189	3.2443590156361419296616	1.7429802590929528438579	1.5516521698135676832209	-254.557566	-248.853784	0.391345	1.000000
-2.8716180439031666615790	2.7893088396173704168746	0.6569644428534686664278	1.5454640117665878751296	-254.631274	-248.927491	0.391345	1.000000
-2.8951200971317891941226	0.4436976100412308721133	0.6578490562606734703976	0.5202487976346950038220	-254.587972	-248.884190	0.391345	1.000000
-2.8951200971317891941226	0.4436976100412308721133	0.6578490562606734703976	0.5202487976346950038220	-254.587972	-248.884190	0.391345	1.000000
-2.8951200971317891941226	0.4436976100412308721133	2.4293951691679209758945	0.5202487976346950038220	-254.587972	-248.884190	0.391345	1.000000
-2.8934814093775198529102	0.4428025118035440743647	2.4293334892311277961596	0.5917322378492848589104	-254.555524	-248.851742	0.391345	1.000000
-2.9483704801805390438574	-0.3545225908365569056357	1.7819363584019556334681	0.8889538540399489763288	-255.080013	-249.376231	0.391345	1.000000
-2.8750173331451933655956	1.2257448151202312569552	2.7306083134094794040436	0.1998004654672809465854	-254.592781	-248.888999	0.391345	1.000000
-2.9415277373985353470687	1.2180219741159044044565	2.0283354652276868179683	0.5420403064487991917630	-255.162575	-249.458793	0.391345	1.000000
-2.8768211301662529599810	-0.3877979119772930194365	2.0233254474141153522737	0.9693398795976344572978	-254.588958	-248.885176	0.391345	1.000000
-2.9692038653981809304128	0.6161949366737626831991	2.0015054509911731628335	1.8207870452782581871531	-254.980919	-249.277137	0.391345	1.000000
-2.9619672766366433869223	0.6167255265408987385811	1.9539549095680428525412	1.8205867682116021466499	-254.940722	-249.236939	0.391345	1.000000
-2.8932180133427563006876	0.6747505050699105222378	1.9247614640521337747714	1.8763798647328950863766	-254.554481	-248.850699	0.391345	1.000000
-2.7977942839583831435846	-1.4273861112008550122709	1.9166660786609617250775	1.8486733821263245935995	-255.364596	-249.660813	0.391345	1.000000
-2.8829796350371577062788	-0.2640908187509015125904	2.7847558815190400771655	1.5541925596113477237026	-254.594084	-248.890302	0.391345	1.000000
-2.7760058163547962628570	-1.6645944909779952780582	2.7756806305873689133534	1.5231324840326347924702	-255.672239	-249.968457	0.391345	1.000000
-2.8214264701201883234205	-1.1450608923191292198851	2.7785125417631761912673	0.5859795573355462972032	-254.700069	-248.996287	0.391345	1.000000
-2.8806134818638398087387	0.1186546072099792237253	2.7835337421847889949333	0.6031646319704401237871	-254.584256	-248.880473	0.391345	1.000000
-2.9017394701128176315308	-0.1653695293243606367906	2.2298009108883589668437	0.6304113222399803095897	-254.617626	-248.913843	0.391345	1.000000
-2.9017394701128176315308	-0.1653695293243606367906	2.2298009108883589668437	0.6304113222399803095897	-254.617626	-248.913843	0.391345	1.000000
-2.8737505058085570652793	-0.1580273824855126241218	1.8901109632817367778301	0.2569333788332366363960	-254.626754	-248.922972	0.391345	1.000000
-2.8408869911267440322433	-0.1759783765045066505905	1.8888739860094700961923	1.6905177092698908669632	-254.407734	-248.703951	0.391345	1.000000
-2.8296686924706206944791	-0.1751558459186756400161	1.8151602249373690600720	0.5718387650704371827359	-254.549200	-248.845417	0.391345	1.000000
-2.9884234582245094991038	1.0996941079011355313355	2.4929074166217159991277	0.7575510162897336474686	-255.196656	-249.492874	0.391345	1.000000
-3.0027508136722027565213	1.1075201202567728220316	1.8732477503040416699776	0.1325578448266793996080	-255.489610	-249.785828	0.391345	1.000000
-2.7149301222234525354793	1.7040543814767534769317	1.5968963713569064299946	0.3070778051866813185278	-255.420996	-249.717214	0.391345	1.000000
-2.7558701131524134808615	3.5686443180745115455466	1.6005181256438734127556	0.4571903622134467770621	-255.767429	-250.063647	0.391345	1.000000
-2.8450523624646977260966	3.6379449501999259197760	1.3252568088783602817671	0.4993507474218169539526	-254.359182	-248.655399	0.391345	1.000000
-2.8640131240498307718667	3.6483018618420834933147	1.3259704888171239822725	0.7820780845338084485974	-254.722563	-249.018781	0.391345	1.000000
-2.8870703330473101999587	2.4882969734684787788126	1.7756825852900450790628	1.9818498937503095103096	-254.591069	-248.887286	0.393633	1.000000
-2.9825596455282346042281	3.7973777387732283727928	2.6901014965073430929010	0.6335344570402665631548	-255.136246	-249.432464	0.393633	1.000000
-2.9825596455282346042281	3.7973777387732283727928	2.7927424875591246866691	1.4211508420058829305077	-255.136246	-249.432464	0.393633	1.000000
-2.9968093819780268205477	2.3372950869369510940032	2.2986799729735443165168	0.1283210218891706611011	-255.299484	-249.595702	0.393633	1.000000
-2.9542255591259727331988	1.6462975491922346993334	2.2934270159399590127691	0.4586096251588348549078	-254.969003	-249.265221	0.393633	1.000000
-2.9542255591259727331988	1.6462975491922346993334	2.2934270159399590127691	0.4586096251588348549078	-254.969003	-249.265221	0.393633	1.000000
-2.9537664766723725762176	1.6461554079965337038516	2.2932054897229958712046	0.4721067757714872969999	-254.969230	-249.265448	0.393633	1.000000
-2.8708093227461746188567	1.1779269749215115492547	1.3355822317005912047705	0.1694894267756488215326	-254.660644	-248.956862	0.393633	1.000000
-2.8478725516870961875782	1.1708252875486053756759	1.3245142937251284109834	0.7977402717697128498031	-254.383104	-248.679321	0.393633	1.000000
-2.9868921930447323020985	1.4782846457541958251625	0.8744649333251139911027	0.3611288030600487419797	-255.184628	-249.480846	0.393633	1.000000
-2.8636273083098533476232	2.1954389986562530268088	1.3673643996001789702177	0.1204368405100822575493	-254.677157	-248.973375	0.393633	1.000000
-2.8283477578985785072518	3.5781274847458259813493	2.0564314419554414747893	1.6750901062207905756196	-254.530146	-248.826363	0.393633	1.000000
-2.8324381216114065118461	3.3264948098569777634737	2.0641121224437304348953	1.2109408738719589226918	-254.503667	-248.799884	0.393633	1.000000
-2.7300133059640567800841	0.3173588035135024298938	1.5377446237437477627452	1.1496412988199837812431	-255.240353	-249.536570	0.393633	1.000000
-2.8150532731212840609203	0.3136283719211093723445	0.8898007112243750960090	1.1623834658553811038928	-254.950598	-249.246816	0.393633	1.000000
-2.8439494483542624436723	-0.1766178001512496431591	0.7854566938051789071196	0.9696453818879527952745	-254.400216	-248.696433	0.393633	1.000000
-2.8778642078883081012464	-0.1710738223887616482610	1.4192048334316438307212	0.3869039780880647594330	-254.585691	-248.881908	0.393633	1.000000
-2.8973704755884321926374	0.2871433227503002449943	1.4184135909620509963247	0.4282839645987551180362	-254.591856	-248.888073	0.393633	1.000000
-2.7503703519303503988169	-1.6721167616682257595073	1.8050812677372274350773	0.0157288256488982980397	-255.646000	-249.942218	0.393633	1.000000
-2.7635168781780974356366	-1.6726934577616536792277	1.8982254417056652062712	1.6052085043004991060656	-255.757449	-250.053667	0.393633	1.000000
-2.9830482047858222216519	-1.3845538856510137826206	2.3556100505356534213774	1.9824169666477049478459	-255.171524	-249.467742	0.393633	1.000000
-2.9691579147844326946881	-1.3839445630185993607597	2.2571962517891441812878	1.9803356817967763259247	-254.980871	-249.277088	0.393633	1.000000
-2.7195963182404727653818	-1.4433108129067788727440	2.2164259605885838766426	1.3776257703494390050025	-255.369603	-249.665821	0.393633	1.000000
-2.8301517061884000625582	-1.3437087235483526903579	2.1593509984680649971267	1.2477106665999904144826	-254.472490	-248.768707	0.393633	1.000000
-2.8736211555716866250521	-0.9936639665575756064086	2.2554643358245569650933	1.3351924693390901932588	-254.624117	-248.920335	0.393633	1.000000
-2.8393068990572478682566	-0.9920668790064632869274	2.3881327796409506092346	1.3362196103799623969621	-254.359170	-248.655387	0.393633	1.000000
-2.8393068990572478682566	0.1123181827313652902944	2.7052162466318319111735	1.3362196103799623969621	-254.359170	-248.655387	0.393633	1.000000
-2.9017691728616918922512	-0.1513981549721343800030	1.2486713514813629899436	0.9559441322627700854397	-254.617626	-248.913843	0.393633	1.000000
-2.9017691728616918922512	-0.1513981549721343800030	1.2486713514813629899436	0.9559441322627700854397	-254.617626	-248.913843	0.393633	1.000000
-2.9017691728616918922512	-0.1513981549721343800030	1.2486713514813629899436	0.9559441322627700854397	-254.617626	-248.913843	0.393633	1.000000
-3.0776847376088807273220	1.9964342106363663909008	1.1913243340948336257412	0.9102508419523643867777	-256.167906	-250.464123	0.393633	1.000000
-3.0294819082991160108520	2.5863186318979956013209	1.7671705879667978233982	0.8278208242925909621235	-255.945697	-250.241915	0.393633	1.000000
-3.0274695635242525604269	2.5865669261693975400362	1.9399969022738468016342	1.0607291262330182934903	-255.905420	-250.201637	0.393633	1.000000
-2.8538764078895422215965	1.5888948524706023590625	2.3141006390417944160731	1.6432814356115890142007	-254.506821	-248.803038	0.393633	1.000000
-2.9525423765763907368864	1.5867272417643725201941	2.9728013883933046557217	1.4774518598545007819212	-254.943803	-249.240021	0.393633	1.000000
-3.1086576426537102513237	-1.7548552215297803513749	2.7021220506704426433942	0.9559102855517310759481	-255.996925	-250.293143	0.393633	1.000000
-2.7065145057251105420448	1.8287290869468675325038	1.0570842874671519950880	1.0039357941896498438439	-255.725943	-250.022161	0.393633	1.000000
-2.9653417158584534085719	3.8313388132285752796236	1.4168674175637836487596	0.9485385670998305318591	-254.996072	-249.292289	0.393633	1.000000
-2.8528845479829647580061	0.3160773905156872842781	1.4498073241498907748337	0.3172891250302873888955	-254.530140	-248.826357	0.393633	1.000000
-3.1421687936228406279326	0.2184763266555340976982	2.2177214241986393794548	0.0285645659048401889812	-256.488555	-250.784772	0.393633	1.000000
-2.7791826276713957888376	0.8106986329801694202146	2.1004233423210743048060	1.0315179176598237020812	-255.660374	-249.956591	0.393633	1.000000
-2.7699069122219523997330	-0.1668601819852002510203	1.9678870094506479837548	0.7310832599736858394834	-255.668865	-249.965083	0.393633	1.000000
-2.9250744739444893838254	-0.5252514153878333758030	1.6276337963005849118758	0.9855349813521590007781	-255.247124	-249.543342	0.393633	1.000000
-2.8985814611151918818166	-0.4535179624043573221037	2.7883997702734455437223	0.8552957855214010640665	-254.599268	-248.895485	0.393633	1.000000
-2.9177124703011041439993	-0.4543571786393488243228	2.9239444772343259337788	0.8581623260758196591880	-255.060441	-249.356659	0.393633	1.000000
-3.0324564597806844545858	2.0845788719404056976714	1.2841594484056031433283	0.8887847567302179507820	-255.977460	-250.273678	0.393633	1.000000
-3.1900851959746683306207	1.8081396385307137997245	1.2220649230361229076181	0.1253116525468019604173	-256.527143	-250.823360	0.393633	1.000000
-3.1823316456448478284358	-0.7142991086354522067836	1.2221408148973900154033	1.2859104275621429103182	-256.412999	-250.709217	0.393633	1.000000
-2.8206526714831192670374	-1.4670714414032841599322	2.5011267262212344419936	1.6854176767557742522285	-254.798856	-249.095074	0.393633	1.000000
-3.1638581179685107969135	0.3759368265339886328036	2.0690829592679849113779	1.7844542241077894217938	-256.561354	-250.857571	0.393633	1.000000
-2.9277380803153874033740	-0.1515407697684263144122	0.5682661102137855912986	1.7462354062103291330033	-255.262062	-249.558280	0.393633	1.000000
-2.9277380803153874033740	-0.1515407697684263144122	0.6753831388340670871528	1.7462354062103291330033	-255.262062	-249.558280	0.393633	1.000000
-2.9889889632548958253722	0.4943372095204286442716	0.7113692378796432347343	1.7446454032635740905022	-255.223621	-249.519838	0.393633	1.000000
-2.8666821376686399958089	-1.3157224233654687406414	1.4757330678160358594653	0.7228250398396435238979	-254.712375	-249.008592	0.393633	1.000000
-3.0737418739959618818602	-1.3248054722862181442622	2.9427676090231713601497	0.7538503310619466546427	-256.140143	-250.436361	0.393633	1.000000
-2.6939839175793962589012	0.8165713074113456482195	1.4308022447796435727696	1.2991216855451339640126	-256.120813	-250.417030	0.393633	1.000000
-2.6939839175793962589012	0.8165713074113456482195	1.4308022447796435727696	1.9680696902074772403068	-256.120813	-250.417030	0.393633	1.000000
-2.6987613596143504857139	0.8163312275808227713725	1.4652206489720558391099	0.2214477579392744033271	-255.996952	-250.293169	0.393633	1.000000
-2.8644412884669736563126	-0.8145741715567770269146	1.1715222200077919367800	0.1343556522399150521263	-254.720776	-249.016993	0.393633	1.000000
-2.8733244737851149075425	-0.8149638485082110195279	1.2344602876824082304807	0.1356866855753450784583	-254.624396	-248.920613	0.393633	1.000000
-2.8236161058615447672082	-1.9148590840586026118331	1.2349468338969546987727	1.6066357231482688572299	-254.709113	-249.005330	0.393633	1.000000
-2.7591722626867669632134	-0.0387614131928636362900	0.5936405802998152569927	1.1624948701408266416024	-255.774229	-250.070446	0.393633	1.000000
-2.8827336511249526118661	2.2699583975782036127100	0.7285369391762691604342	1.1932252184775367087610	-254.585164	-248.881382	0.393633	1.000000
-2.8543168247553385441506	2.2698551103838391362899	0.5524142557097787564757	1.3018088079123877331966	-254.511633	-248.807850	0.393633	1.000000
-2.7274069177186870405194	1.1037966558025673613486	0.6934682653791932605003	1.3140316117653945138244	-255.269257	-249.565475	0.393633	1.000000
-2.7218194441458023469238	-1.6562685643576733340865	0.6538805750107177239272	1.3131943992881138782991	-255.341486	-249.637704	0.393633	1.000000
-2.6479977741962392734365	-1.6199024994487640771723	0.6248102840435395544105	1.6571485013833604504896	-257.613415	-251.909633	0.393633	1.000000
-2.6912500915632597831006	2.2615418317779991674854	0.8177180469319490496716	1.1554807535012046049161	-256.190470	-250.486687	0.393633	1.000000
-2.7566420290480824206725	2.3515329602598762370746	0.8332493521774404499070	1.1877203856025551065301	-255.806809	-250.103027	0.393633	1.000000
-2.6806232940679279863616	1.9993586148714912464897	1.3786524857508704045017	0.7701606215041018055345	-256.524247	-250.820465	0.393633	1.000000
-2.8656737759072035132135	0.5611651303623870212789	1.1073715489373832099318	0.7231827812002928901336	-254.689787	-248.986005	0.393633	1.000000
-2.8775941689639568110692	3.2038188089545340808684	1.1131236301983180592146	0.3727199412741017403583	-254.587606	-248.883824	0.393633	1.000000
-2.8739243235347435856397	3.2039862746342913091269	1.0082866670438981326896	0.3726054394609014108752	-254.602124	-248.898341	0.393633	1.000000
-2.8408962830356365714124	3.2054351092215025431642	0.7742803986113764302956	0.3676566039549633013728	-254.407731	-248.703949	0.393633	1.000000
-2.8497739051613950600483	3.2084082904651483048042	0.8970699996899978989617	0.0923857093121299710603	-254.477535	-248.773753	0.393633	1.000000
-2.7398831715845544110266	2.3297829831275698175830	1.0976632936666430584438	0.1801502972688230064247	-255.427539	-249.723757	0.393633	1.000000
-2.8583621842547657365685	2.3245856874714774242818	1.9370964305878306532804	0.1979028837302171106582	-254.643825	-248.940042	0.393633	1.000000
-2.7858792934562575105417	2.3277652802533372877747	1.4235494400717143559376	0.1870422362883446265602	-255.538124	-249.834341	0.393633	1.000000
-3.0212649218381133486844	2.1545524542264984368956	1.5446942096312121783797	0.0082556937385359907555	-255.796105	-250.092323	0.393633	1.000000
-3.0212649218381133486844	2.1545524542264984368956	1.8270284758136745573154	0.0082556937385359907555	-255.796105	-250.092323	0.393633	1.000000
-2.9202166519084538087725	3.5035566826574342513823	1.2740137712924413104787	1.5211652065157552637942	-255.135021	-249.431238	0.393633	1.000000
-3.0169866715307542825997	1.6883590958353762445654	1.1144566480764634963663	0.7281183085253801756664	-255.708486	-250.004704	0.393633	1.000000
-2.8316811750964712146583	1.7356739520367197027184	1.0198611185181785110387	0.7392126949901877130955	-254.477534	-248.773752	0.393633	1.000000
-2.8807625192381034473499	2.8216950553405921731098	1.0193807096213567398024	0.7523113336571766174288	-254.584256	-248.880473	0.393633	1.000000
-2.8405402811175228805496	3.9592265054775794830277	1.7965887158039466342530	1.9415927653145570452864	-254.361461	-248.657679	0.393633	1.000000
-2.9707309379431019458195	-1.4240724487411611232091	2.0459767006992071181060	0.5002909324464306362046	-254.987551	-249.283768	0.393633	1.000000
-3.0043286123151138333753	-1.8610040369218239231230	2.1299386484228333138446	0.5109944558293022520701	-255.530464	-249.826681	0.393633	1.000000
-2.6663500501053776226001	-1.9334255227329133486336	0.5305006083841031783166	1.1163547266661892898298	-257.233821	-251.530039	0.393633	1.000000
-2.9030343426897142755649	0.8351130442052902003169	0.6978839583431064585994	1.4375131433375614165016	-254.689983	-248.986200	0.393633	1.000000
-3.0606441153432863977457	2.1267601254649024511423	0.9673193030496020083930	0.2959660756400413483824	-256.010615	-250.306832	0.393633	1.000000
-3.0606441153432863977457	2.1267601254649024511423	2.1619034988722765078251	0.2959660756400413483824	-256.010615	-250.306832	0.393633	1.000000
-3.1207883637656959052720	2.1205552328084062985170	2.6546474664653478825471	0.6031279496259630557020	-256.186801	-250.483019	0.393633	1.000000
-2.9874480438263195658521	-1.1933018617791417703700	2.6641539915706653474103	0.0733371026475190673777	-255.195950	-249.492167	0.393633	1.000000
-2.9874480438263195658521	-1.1933018617791417703700	2.6641539915706653474103	0.0733371026475190673777	-255.195950	-249.492167	0.393633	1.000000
-2.9456143036324755613009	-1.2062544322927002404811	2.6439674866544105036326	1.3032605895046112109981	-255.155201	-249.451419	0.393633	1.000000
-2.7817960865580437790356	-0.9831285659217487982175	2.7099596270257082508692	1.3011214933928476611413	-255.613689	-249.909906	0.393633	1.000000
-2.6601403232052427405563	1.7827417893163004514179	2.0181352884517691492761	1.2800866287132786069947	-257.440822	-251.737039	0.393633	1.000000
-3.2050355777852654881599	2.9655884819724973588961	0.9472354788532355573949	0.6870636016302429371905	-257.031390	-251.327608	0.393633	1.000000
-3.1158092427280252856292	0.9949784980397984313072	1.1156394386742913837907	1.3524447803896624265008	-256.095504	-250.391721	0.393633	1.000000
-2.7039481374761611398583	-1.2267433456658389800964	0.9791711560570385275426	0.9678810749006319102961	-255.827068	-250.123286	0.393633	1.000000
-2.8147168527372841140277	-1.2303053735319546824201	1.7960329326398980498425	0.9838740364836721097319	-254.956871	-249.253088	0.393484	1.000000
-2.8375347097505003723938	-1.0193051290134009789767	1.3370671403381617636796	1.6928941143699121063548	-254.386055	-248.682272	0.393484	1.000000
-2.8375347097505003723938	-1.0193051290134009789767	1.3370671403381617636796	1.6928941143699121063548	-254.386055	-248.682272	0.393484	1.000000
-2.8375347097505003723938	-1.0193051290134009789767	1.3370671403381617636796	1.2558615270440842692778	-254.386055	-248.682272	0.393484	1.000000
-2.9131838991720666598439	-1.2049543306973771183976	0.7114117497326091221765	1.8013969999370231800384	-254.940087	-249.236304	0.393484	1.000000
-2.9391725326867623735438	-1.8692369901862937453529	1.3038917086240491283178	1.8027962872109695169343	-255.175717	-249.471934	0.393484	1.000000
-3.0085497931956113326635	-1.9261419823973517928550	1.1644408694641925627877	1.5067276168716468021103	-255.544791	-249.841008	0.393484	1.000000
-2.8965389669354002499801	-1.0020733315976344535159	1.9605067167911149894621	1.6206195962522085274315	-254.561588	-248.857805	0.393484	1.000000
-3.0228603793104902308642	-0.3827966191011429875068	1.2659447109173271872606	1.2343549153096071702151	-255.798190	-250.094408	0.393484	1.000000
-2.7215889105166350958598	-0.8628099819699751593660	0.7583331285785592790205	1.6785544815140356345040	-255.321908	-249.618125	0.393484	1.000000
-2.7883310946316477441087	-0.8095464173373737581940	1.2369148930200555280834	1.6704361294575582608246	-255.466896	-249.763114	0.393484	1.000000
-2.8734774757103638265221	0.5257113918019855614006	1.2141228353556587915563	1.7643194708592484509779	-254.623483	-248.919700	0.393484	1.000000
-2.8734774757103638265221	1.4454292468996396969771	1.2141228353556587915563	1.7643194708592484509779	-254.623483	-248.919700	0.393484	1.000000
-3.0165434148964274108096	1.6643414376994682957189	2.9941936308621937001817	1.6324168604946791560906	-255.705736	-250.001954	0.393484	1.000000
-2.7084103642209456097589	2.3487382573147321807028	1.3976223461379884138722	1.2371468525955902073576	-255.700132	-249.996350	0.393484	1.000000
-3.0639422124447417417059	2.4584852397258978307093	0.9884108056540499287479	1.4430160707464372293884	-256.048237	-250.344455	0.393484	1.000000
-2.9762325466708858812126	2.5052038246229866302883	0.9919986213853768663995	1.4232726328842111307438	-255.029558	-249.325776	0.393484	1.000000
-2.9862145766224887921680	0.5166337237204308152627	1.1398046162804018610615	0.0345643858471716275416	-255.215332	-249.511549	0.393484	1.000000
-3.0055221800722233815861	1.6617223519057697789236	2.3575501950234651893368	0.9657465916375670422767	-255.515831	-249.812049	0.393484	1.000000
-2.9888051804940807265609	1.2817936557490274829263	2.3582340137740884777884	0.9619835965388866538817	-255.221575	-249.517793	0.393484	1.000000
-3.0719652345245900271209	2.0409850211466227243307	2.3675633510926101799043	0.0785918288706052986514	-256.127195	-250.423413	0.393484	1.000000
-2.9761907559053288885309	1.4825167082987493749613	1.8650430043187664619353	0.0714736477519454238561	-255.034321	-249.330539	0.393484	1.000000
-2.8854991557334357388243	-0.4978880750459535597940	1.2096938815271842670995	0.2405912683564047638285	-254.609076	-248.905294	0.393484	1.000000
-2.8642497705886293957178	0.4242238463081315913428	1.0104890867411495669614	0.0470461087805919414562	-254.720558	-249.016775	0.393484	1.000000
-2.8480412636592422614967	-0.5175272472894241193586	1.1979696717256300697585	0.0413640194462063792713	-254.390759	-248.686977	0.393484	1.000000
-2.8415054162948609750572	-0.5183944456106800435791	1.8820303223439622808399	0.1577019867018556453786	-254.338481	-248.634698	0.393484	1.000000
-2.8339604618508342781524	-0.2163227989674152418331	1.9394565133142211976747	0.2803443855638001469543	-254.436791	-248.733008	0.393484	1.000000
-2.6852506889517120391986	0.4343455271348382051855	1.9625224837804113864337	0.2771166898448069737526	-256.381317	-250.677535	0.393484	1.000000
-2.8575638341112030715863	-1.7504879551146856897503	1.8168481028540326427390	0.3054940004483077120589	-254.566212	-248.862429	0.393484	1.000000
-2.8873420014649053833011	-1.0737169685662428797457	1.8156300093139527973563	0.3121970632363321174196	-254.589613	-248.885830	0.393484	1.000000
-2.9780920835065849416878	0.9887679998065059816525	1.8119178235577348967666	0.0450953263696318024101	-255.037741	-249.333959	0.393484	1.000000
-2.9593549271776291575975	0.5144701048243460750342	1.1578764960695278052327	0.5031916126228945795873	-254.924068	-249.220286	0.393484	1.000000
-2.9499267883167266113276	2.6959288357595476703921	0.6900848995535693308767	1.2420259856018578403791	-255.012325	-249.308543	0.393484	1.000000
-2.8704692960872542073503	-0.1488577939529092120097	1.6004101639133594403575	0.1704555183492942882495	-254.661572	-248.957789	0.393484	1.000000
-3.0459750440090904710644	0.5588752871721449633213	2.4800796186782370078561	0.4012957564572292579186	-255.861449	-250.157667	0.393484	1.000000
-3.0050793969252520554392	2.1141922673191206882848	2.6132708896152094801835	0.0745729879253280159013	-255.520036	-249.816254	0.393484	1.000000
-2.8143035158716469545936	3.8558774579995245268549	2.4027983342571443969860	1.8468032200754287419642	-254.973877	-249.270094	0.393484	1.000000
-2.7706699150621449945220	2.1258797980040053943185	2.2640255201995707068363	1.9375247718250530049033	-255.676752	-249.972970	0.393484	1.000000
-2.7689268158339332970286	2.7577748690276657761444	2.2907547675997261826808	1.8496623719278511011055	-255.724200	-250.020417	0.393484	1.000000
-2.7689268158339332970286	2.7577748690276657761444	2.2907547675997261826808	1.8496623719278511011055	-255.724200	-250.020417	0.393484	1.000000
-2.7524382216061051842360	2.3830371610344736055254	2.2914292432944640687253	1.8459507908529451114532	-255.705279	-250.001497	0.393484	1.000000
-2.8595252328201676839114	2.1568254088983378480293	1.4796071816106672880409	1.0428675389220207758711	-254.631610	-248.927827	0.393484	1.000000
-2.8606711558489457125631	1.2893382387053464732674	1.4105630892163301126629	0.8373773156927910576997	-254.621627	-248.917845	0.393484	1.000000
-2.8804020408504826811225	0.8557032608175527688132	1.4196866639168428392281	0.1381394642087939439445	-254.584645	-248.880863	0.393484	1.000000
-2.8543086639303112406196	0.2260324540506833956854	0.8602814153670528263262	1.3919910978188876349293	-254.511633	-248.807850	0.393484	1.000000
-2.8840801822058645953462	-1.1782326239114804256047	2.1387361678737937253914	1.9786862758914185445036	-254.603283	-248.899501	0.393484	1.000000
-2.8840801822058645953462	-1.1782326239114804256047	2.1387361678737937253914	1.9786862758914185445036	-254.603283	-248.899501	0.393484	1.000000
-2.8472652505695625890780	1.5314769181368521611120	1.3830495027424403176042	1.6140296771365310046775	-254.426196	-248.722413	0.393484	1.000000
-2.8828471973602747269183	3.4293952084822927339758	1.2930877183609406078091	0.9350502979609582876463	-254.594491	-248.890708	0.393484	1.000000
-2.8535312838207071983732	2.7931602712321055292932	1.2939488062509785226695	0.9524085413676461886467	-254.511906	-248.808124	0.393484	1.000000
-2.8294490894607591258136	2.2458421558610086599117	1.2949339026483615011642	0.9469876415872549024755	-254.551872	-248.848089	0.393484	1.000000
-2.8294490894607591258136	2.4607199169664628612963	1.2555193012171221855766	0.9469876415872549024755	-254.551872	-248.848089	0.393484	1.000000
-3.2567343896464717722949	1.1780751083117477762130	1.1971503734709281197013	0.9645915320293318995226	-258.148726	-252.444944	0.393484	1.000000
-3.1228094446748984047701	3.7665578628904663460730	1.6374143670026470864798	0.8732535900781922544311	-256.177704	-250.473922	0.393484	1.000000
-2.8225385934417359656834	-0.9190559914874267821716	1.1257737530511735535299	1.7663008624429106241394	-254.688883	-248.985101	0.393484	1.000000
-2.8921716033547748558874	-0.8828476824270455880495	1.7538567920784684517344	1.9527303678973322309531	-254.592713	-248.888931	0.393484	1.000000
-2.8921716033547748558874	-0.9294618218165666689856	1.7538567920784684517344	1.9527303678973322309531	-254.592713	-248.888931	0.393484	1.000000
-2.7989323682881583899018	-0.9264634955044879216501	1.0662658326257248297964	1.9392683402757495692015	-255.300507	-249.596725	0.393484	1.000000
-2.7989323682881583899018	-0.9264634955044879216501	1.0662658326257248297964	1.9392683402757495692015	-255.300507	-249.596725	0.393484	1.000000
-2.8861756067583339557814	0.8226600748416124098128	0.6235986146050556122589	0.3589032934039041444763	-254.619433	-248.915651	0.393484	1.000000
-2.8604384730098946221233	-0.5376748793617487365282	1.8833805819100193357230	0.2996484660395584698200	-254.617509	-248.913726	0.393484	1.000000
-2.8579217233591607261189	-0.5375939473732642692738	1.8648208596448789808875	0.3317874324230440929995	-254.570340	-248.866557	0.393484	1.000000
-2.8845260923614923775915	-0.7379062318345460669278	2.1260010062844942879678	0.3349212162756455279933	-254.597940	-248.894158	0.393484	1.000000
-3.1155507462547062935698	1.4098578640588019794677	2.0185613938977167158839	0.5570126312816741087630	-256.093494	-250.389711	0.393484	1.000000
-3.1755288998205459805035	3.1007891332068222567386	2.0550767315625702025272	1.3829036208909233351960	-256.328502	-250.624720	0.393484	1.000000
-3.1755288998205459805035	3.1007891332068222567386	2.0550767315625702025272	0.1181380464955201770039	-256.328502	-250.624720	0.393484	1.000000
-3.1755288998205459805035	3.1007891332068222567386	2.0550767315625702025272	0.1181380464955201770039	-256.328502	-250.624720	0.393484	1.000000
-2.6928721760279841213048	3.4461179538105284336780	0.7629017428960106483871	0.8588635643951737508317	-256.167991	-250.464208	0.393484	1.000000
-2.7139949509774146108043	3.9261770881208684080832	0.7620377032991861865341	0.8636182991329290903337	-255.473269	-249.769486	0.393484	1.000000
-2.7215949026592212156572	3.6467922018094678371369	1.9144334404637868285448	0.7532101339372643256098	-255.321908	-249.618125	0.393484	1.000000
-2.8283904956443635114738	3.8338174365144439548203	2.5502110452544730634372	0.1970087239561377212560	-254.530146	-248.826363	0.393484	1.000000
-2.9451358370472546788221	2.3208871819965768423799	2.3447592707287001623229	0.4473773603074583382622	-255.148467	-249.444684	0.393484	1.000000
-2.8945620023457863112526	2.3141768746550073210244	2.3339630974172926869414	1.3475907217082174760492	-254.577984	-248.874202	0.393484	1.000000
-2.8427987494827848813372	1.1377489470748940458833	2.3360805038774357100806	1.3359388181531137718139	-254.348300	-248.644517	0.393484	1.000000
-2.8842069420787814770790	1.1364173695119990092905	2.6414444298678545486325	1.3419173982228542740813	-254.601527	-248.897745	0.393484	1.000000
-2.7133396667881299890723	1.1009840188446122777322	1.4345114551796687152319	1.2873811996592035011844	-255.494333	-249.790551	0.393484	1.000000
-2.8918701581131807110125	1.2840193444346266193890	2.0920402016086887542201	0.4608154856157898882074	-254.587929	-248.884146	0.393484	1.000000
-2.9229108893151622972084	2.9959754978754098431182	2.0794388858511827500308	1.2707484500524128812060	-255.196362	-249.492580	0.393484	1.000000
-2.8748877692348266954525	2.9594117295151658453278	2.0481973188169484423327	0.9335010084212971293027	-254.592781	-248.888999	0.393484	1.000000
-2.7811231200870540902770	2.9679615714935474457548	1.1162968664343151381502	0.3174710489852397010679	-255.629183	-249.925401	0.393484	1.000000
-2.7834669472131343681554	2.9682725583994118423448	1.1167972114054747212464	0.2757509676790508290622	-255.613777	-249.909994	0.393484	1.000000
-2.8360043935083951716081	2.9643384229715863398269	1.6017465406075108713679	0.5276885587713520120445	-254.382599	-248.678817	0.393484	1.000000
-2.8955744559265768067746	3.3154067310034660565066	2.1739215246521359503618	0.6563913768717377639206	-254.591143	-248.887360	0.393484	1.000000
-3.0013299389148242468650	1.6651877796842244894293	0.7942793433433907868135	1.5177791424694992983291	-255.477049	-249.773267	0.393484	1.000000
-3.1684649561323663391477	3.9357025073064719755678	0.7856384871686777904287	1.3072296917902612722884	-256.446388	-250.742606	0.393484	1.000000
-3.1688961722452271274619	3.9455027932223214470753	0.7856208480186517295607	1.3073267584984096245648	-256.438911	-250.735129	0.393484	1.000000
-3.1688961722452271274619	3.9455027932223214470753	1.6274322496652531278016	1.3073267584984096245648	-256.438911	-250.735129	0.393484	1.000000
-3.2034815528139652940354	3.9530856731160119998947	1.5047511249386686937868	0.1213661342504487317129	-256.978661	-251.274879	0.393484	1.000000
-2.8704046643611103029059	3.9680020409462626318486	1.5503357938315462938306	0.1033118120218463747984	-254.661572	-248.957789	0.393484	1.000000
-2.8532986137756020106337	3.8079452909747892874748	1.5466841054063953375675	0.4077992092850970529128	-254.502632	-248.798849	0.393484	1.000000
-2.8532986137756020106337	3.8079452909747892874748	1.5466841054063953375675	0.4077992092850970529128	-254.502632	-248.798849	0.393484	1.000000
-2.9509878438226695429591	2.0125667538299332193219	2.7055929237582558855024	0.0483242541890183119335	-255.016061	-249.312278	0.393484	1.000000
-2.8615417853340723297606	2.0154431016516038965847	2.0459746725842795633810	0.0354098913764654549263	-254.699370	-248.995588	0.393484	1.000000
-2.8118528196571723754005	1.2603876197070602582784	0.5732585770042613049213	1.1678948291047286378586	-255.018651	-249.314869	0.393484	1.000000
-2.9335125057588014030330	1.2562120934918277193049	1.3138139771955890111599	1.1835799353729943295122	-255.201523	-249.497740	0.393484	1.000000
-2.8983767931942807649648	-0.0567372619857950954980	1.5223357756981488186909	1.5442069194161660572462	-254.599707	-248.895924	0.393484	1.000000
-2.8296704131938357207332	1.1709061327817571473986	1.6101744832582436384172	0.9777537208295313808648	-254.549200	-248.845417	0.393484	1.000000
-2.8296704131938357207332	1.1709061327817571473986	1.6101744832582436384172	0.9777537208295313808648	-254.549200	-248.845417	0.393484	1.000000
-3.0302166481633423522624	1.6877523964262175493189	1.3388830470498003233359	0.7130943779964842299535	-255.948619	-250.244836	0.393484	1.000000
-3.0767289473014036715881	-0.0342276163799230467855	1.5791938918399590630059	0.9223269256657197212590	-256.171142	-250.467360	0.393484	1.000000
-2.7243995322948935111640	-0.6989119984357244907969	1.5475037738055061886655	0.9380090688529612030777	-255.305623	-249.601840	0.393000	1.000000
-2.7275757941536604711530	-0.6990303125312706811201	1.5719227616517108536698	0.9383183766523646163193	-255.297415	-249.593632	0.393000	1.000000
-2.8419995183269977090390	-0.0981782218882145535366	2.6537496455712914489311	1.5565390150546027925316	-254.338187	-248.634404	0.393000	1.000000
-2.8419995183269977090390	-0.0981782218882145535366	2.6537496455712914489311	1.5565390150546027925316	-254.338187	-248.634404	0.393000	1.000000
-2.7890663751322288810286	2.2638558010034697254298	2.6547493308306542303399	1.5477927013899259733876	-255.470947	-249.767164	0.393000	1.000000
-2.7193391472783621232168	2.2647846401385067771628	2.6601352069895045637793	1.8389725061719337517729	-255.369679	-249.665897	0.393000	1.000000
-2.7440289758738978243002	3.0681409552804135287829	2.6408034402835092180339	1.9068332019281535316679	-255.547968	-249.844186	0.393000	1.000000
-3.2329003035557772882669	0.4641901473300585334592	1.9796568085784169710450	1.3172968778841731563034	-257.819066	-252.115284	0.393000	1.000000
-3.2329003035557772882669	0.4641901473300585334592	2.7118625186719991226880	1.3172968778841731563034	-257.819066	-252.115284	0.393000	1.000000
-3.0108992655451141118306	0.4724595700635941253331	1.0051264590916744179339	1.2956781777940602484733	-255.576658	-249.872875	0.393000	1.000000
-2.8015825813237325014882	0.2300500884310171800795	1.1794552670980171793502	1.8519662754070456145428	-255.238532	-249.534750	0.393000	1.000000
-2.8336576409269089715792	0.9799687435855766182158	1.1788495036321957609715	1.8572661407687214296658	-254.431602	-248.727820	0.393000	1.000000
-2.8207034846166734176620	0.5512400707861411230937	1.4727113614265738839038	1.7252812011456160057321	-254.795717	-249.091935	0.393000	1.000000
-2.8103266166423304106559	2.3181648644514734058930	2.9237419880122264004285	1.7242706905704301423299	-255.035918	-249.332136	0.393000	1.000000
-2.8956251556817336201277	3.3466637886704417859107	2.3004717914457399885464	1.4398079172845410500514	-254.590286	-248.886504	0.393000	1.000000
-2.6939531097194877595769	3.2600823210557985376568	1.8092334748574230296470	1.5521319943285762921192	-256.120813	-250.417030	0.393000	1.000000
-2.7363889643673702245508	3.2580031118957673008651	1.6043248176937359161798	1.5660906492272119727716	-255.368628	-249.664845	0.393000	1.000000
-2.7363889643673702245508	3.2580031118957673008651	1.6043248176937359161798	1.5660906492272119727716	-255.368628	-249.664845	0.393000	1.000000
-2.7384971023477739926477	3.0595027403720282954680	2.3734870005672448201040	1.5343185747565943888304	-255.382861	-249.679078	0.393000	1.000000
-2.8860780520036191099109	2.0341507854809819377806	2.5766697510544247506914	1.2402094464777375648623	-254.616934	-248.913152	0.393000	1.000000
-2.7298807587059279455843	2.2233440663842296558528	0.9112450886884871925631	1.2023982382562321546970	-255.241104	-249.537322	0.393000	1.000000
-2.9559690239419387225439	0.4597596312594767198334	1.1871349716684940212019	1.3211205005619293118002	-254.915399	-249.211617	0.393000	1.000000
-3.0131737346105302854937	0.4589976050666556006696	1.1827163607922721588750	1.0822345302204599004625	-255.635053	-249.931271	0.393000	1.000000
-2.9471079155797408333228	0.4610856088066050406660	0.7958218093285193139863	1.1423993684498219280954	-255.094386	-249.390604	0.393000	1.000000
-2.8811987255696820398043	-1.0798789831898081281736	0.7970665577362827658447	1.4367294088778037597365	-254.583565	-248.879783	0.393000	1.000000
-2.9886882609308456082431	2.3200457155348290783081	0.6783686839262004220075	1.8067009908282627428378	-255.222654	-249.518872	0.393000	1.000000
-2.9886882609308456082431	-1.8132156827662821996228	0.6783686839262004220075	1.8067009908282627428378	-255.222654	-249.518872	0.393000	1.000000
-3.1136045885814254141621	1.2250946418312724794930	1.0765712933094446768223	1.1299115957859877656944	-256.045390	-250.341607	0.393000	1.000000
-2.9263180796623995405525	1.2334457285804170112442	1.1015470278694321493163	1.0845745157616899501107	-255.253396	-249.549613	0.393000	1.000000
-2.8644348663549292766106	1.2357508459597530414698	2.4783163305496564987607	1.0785482618256949649549	-254.720776	-249.016993	0.393000	1.000000
-2.7437697396097320279296	0.3385181553695563727580	0.5873667386660912370644	0.0582187905043098918867	-255.539518	-249.835735	0.393000	1.000000
-2.8310281647232113932944	0.4184375103143280760776	1.2948490146842501768987	0.1022220034033261421014	-254.483843	-248.780060	0.393000	1.000000
-2.8310281647232113932944	0.4184375103143280760776	1.2948490146842501768987	0.1022220034033261421014	-254.483843	-248.780060	0.393000	1.000000
-2.8634041994968115751874	-0.5714288280791892660204	1.0198117764457590439520	0.1025101595455412822888	-254.673591	-248.969809	0.393000	1.000000
-2.7167532095261885949355	-1.6150430065560166248417	1.1069677204474972498360	0.3404021032993891915375	-255.419026	-249.715243	0.393000	1.000000
-2.7890463191381753560449	3.8461775229339907333781	0.6428556637003943752262	0.8366681279307385254995	-255.470947	-249.767164	0.393000	1.000000
-2.8431374601778256483442	3.8209652766682911106955	0.6839765216385149670941	0.8727452311850121269288	-254.344639	-248.640857	0.393000	1.000000
-2.8875934639761315914086	3.8195496445918797334684	0.9477610325556538040104	0.8341538642176111739701	-254.590315	-248.886533	0.393000	1.000000
-2.8307992511227118015427	3.4655517732656786478174	1.8227659996500837902289	0.6357648740555493782622	-254.478119	-248.774337	0.393000	1.000000
-2.8683782628811167469962	2.0034981522079680082982	2.7196433325845190687176	0.5317602508678783701512	-254.675304	-248.971521	0.393000	1.000000
-2.8447097442185063087550	0.8838433397077718467472	2.1258855211909528648562	1.1572325498073665617227	-254.344613	-248.640831	0.393000	1.000000
-2.6385064638057080799172	0.8893425612702209326343	1.2486166771153253129967	1.5786439629527078132298	-257.943090	-252.239308	0.393000	1.000000
-2.6402290131199817047047	-0.2092682528288332122202	1.6234004125277612384792	0.9530001938595218380357	-257.887202	-252.183420	0.393000	1.000000
-2.7498494621889033595608	1.8701750493984050649487	0.8456397420856854862947	0.8961323847600257685997	-255.653317	-249.949534	0.393000	1.000000
-2.8095095825444253989644	1.8684375774637800304845	1.1469665355009182050594	0.8153555144408251020849	-255.073088	-249.369305	0.393000	1.000000
-2.7190306923983231790487	3.0886221405425553498958	1.1554869593160417284849	1.8452181470636841442712	-255.372844	-249.669062	0.393000	1.000000
-2.7190306923983231790487	3.0886221405425553498958	1.1554869593160417284849	0.9323316050507206576015	-255.372844	-249.669062	0.393000	1.000000
-2.7357426000148210576413	3.0879996307110562092646	1.5285463882382881450894	0.9339590286066293822742	-255.305609	-249.601826	0.393000	1.000000
-2.7357426000148210576413	3.0879996307110562092646	1.5285463882382881450894	0.9339590286066293822742	-255.305609	-249.601826	0.393000	1.000000
-2.8435427318746500091606	2.8192401267203561765484	0.6591488023847507093933	1.2309046234333447245035	-254.401217	-248.697434	0.393000	1.000000
-2.9264974086764881100464	3.1233636775676729691043	0.8808016018216506815008	0.9248122789529222842475	-255.252382	-249.548600	0.393000	1.000000
-2.8229006725057654847433	-0.4367282348010011472361	0.6247145784760365083699	1.1426501060272076237823	-254.691650	-248.987867	0.393000	1.000000
-3.0959396894959896329169	2.4840977227071245891921	1.4734694984086753599684	1.4571394672471500442157	-256.252161	-250.548379	0.393000	1.000000
-2.7455833542162126903463	0.8031274514817691168034	1.4645875945521025229823	0.8974884798358545578978	-255.557769	-249.853986	0.393000	1.000000
-2.8099247070636228507112	0.9961358955417211058503	1.5730907021371725029724	0.9238022350976498042741	-255.054198	-249.350416	0.393000	1.000000
-2.8099247070636228507112	0.9961358955417211058503	1.5730907021371725029724	0.9238022350976498042741	-255.054198	-249.350416	0.393000	1.000000
-2.9112726902250947169648	0.1840375185990664741453	2.2832302043481447206830	1.4157985174114080528796	-254.894731	-249.190949	0.393000	1.000000
-2.9112726902250947169648	2.0477474217085340768563	2.2832302043481447206830	1.4157985174114080528796	-254.894731	-249.190949	0.393000	1.000000
-2.9127673357705647916305	2.0625368021891539171975	2.5180079239499244536660	1.5621516303681282078486	-254.918192	-249.214410	0.393000	1.000000
-2.7794299351525904029359	1.0886049478521975242273	2.5187946390576256838756	1.5552686069042440664134	-255.663082	-249.959299	0.393000	1.000000
-2.9292266722290047908928	3.9398924439281266529633	2.5086499432647215712677	1.0357959817517095046924	-255.219999	-249.516216	0.393000	1.000000
-2.7261132617088175145170	3.6384131645591324399902	2.0677812918514106854673	0.5796812670677466972080	-255.316475	-249.612693	0.393000	1.000000
-2.7180300773989940488207	0.4847418985826932313898	1.9309471383051994841651	0.5795517067690044710204	-255.369323	-249.665540	0.393000	1.000000
-2.6982185933036513247885	0.0215470770234571507018	1.9313212942200173038998	0.3907380076587672057542	-256.017186	-250.313404	0.393000	1.000000
-2.6913791405479137175405	-0.1480975081556221706336	1.9858217738067784896572	0.7228752946441248106169	-256.172862	-250.469079	0.393000	1.000000
-2.8519503770065570691372	-0.4203498845512688153470	1.9727451040648009694678	0.0022062763265535498963	-254.453869	-248.750087	0.393000	1.000000
-2.8444966149695876111991	1.9956907327627328996300	1.9733208481533626166282	0.0333330691393266681510	-254.344501	-248.640718	0.393000	1.000000
-2.7796034039732919751486	2.3514523542682259638070	2.3336637821995460662095	0.3395877182130335181220	-255.667459	-249.963677	0.393000	1.000000
-2.7796034039732919751486	0.9181785076553730107207	2.3336637821995460662095	0.3395877182130335181220	-255.667459	-249.963677	0.393000	1.000000
-2.8190869632606392336527	1.8808203315171683200901	2.2268625653990055113240	1.2643860249994842703813	-254.782654	-249.078871	0.393000	1.000000
-2.8296338761599861832963	1.8788365316623660827844	2.8242330293378081762512	1.5495368276738381574376	-254.549740	-248.845958	0.393000	1.000000
-2.9951329980416416809419	2.6480189594419609733222	2.2817693866088126775082	0.6380002435725449227988	-255.302565	-249.598782	0.393000	1.000000
-2.9487876393117695705826	2.6486363277819995332152	1.0956776993054091473567	0.8315377313355547528317	-255.035922	-249.332140	0.393000	1.000000
-2.8103025441858942023998	2.8596642574393156266410	2.0171884841699130319626	0.9876879342846305309678	-255.035918	-249.332136	0.393000	1.000000
-2.8280741129888777862789	-1.3644411443642132653054	1.1660467997559975650290	1.2154649844268878844389	-254.534650	-248.830867	0.393000	1.000000
-2.8433165112994900347587	-1.0080720842957344718371	1.1657589347249641686943	1.2179835349716008341403	-254.349230	-248.645448	0.393000	1.000000
-2.8433165112994900347587	-1.0122756452043686348219	1.5395323841490196059567	1.2179835349716008341403	-254.349230	-248.645448	0.393000	1.000000
-2.8209157124965478224965	-0.2898122873055480885895	2.0778560017494567269125	1.1501778954347097183586	-254.793607	-249.089824	0.393000	1.000000
-2.8889355551430213608910	2.5889423582785315858246	2.1237442883142150229503	1.2438849061877617074856	-254.604791	-248.901009	0.393000	1.000000
-2.8889355551430213608910	2.5889423582785315858246	2.1237442883142150229503	1.2438849061877617074856	-254.604791	-248.901009	0.393000	1.000000
-2.9155391502745078291525	-0.6072676322435226481389	2.7085229907376962010801	0.5099206630842573195750	-254.990297	-249.286515	0.393000	1.000000
-2.9155391502745078291525	-0.6072676322435226481389	2.7085229907376962010801	0.5099206630842573195750	-254.990297	-249.286515	0.393000	1.000000
-2.9155391502745078291525	3.7389939853808513703370	2.7085229907376962010801	0.5099206630842573195750	-254.990297	-249.286515	0.393000	1.000000
-2.9142057490038335565430	3.7381187583032038368458	2.9984170109755918787187	0.6749673548363772646042	-254.974626	-249.270844	0.393000	1.000000
-2.9142057490038335565430	3.7381187583032038368458	2.9984170109755918787187	0.6749673548363772646042	-254.974626	-249.270844	0.393000	1.000000
-2.9061780286714742338461	3.7384177866933852030229	2.9367001834767698653650	0.6741856067876846880793	-254.738256	-249.034473	0.393000	1.000000
-2.8658643546665838464094	2.7468696995959054341085	2.9535910268440264125900	1.5805371509544565711280	-254.694490	-248.990708	0.393000	1.000000
-2.8266844478074726332295	1.8308388823700587622056	2.9543309711017506913322	1.5740633288071166351330	-254.620801	-248.917018	0.393000	1.000000
-2.8266844478074726332295	1.8308388823700587622056	2.9543309711017506913322	1.5740633288071166351330	-254.620801	-248.917018	0.393000	1.000000
-2.8052590951108147265813	2.4029530623888164519997	2.6015887456200021965458	1.1747366745597640491638	-255.178832	-249.475049	0.393000	1.000000
-2.7334054918179870874440	2.4311058135811096647672	1.6891868145185093830207	0.5247028663814247151365	-255.311845	-249.608062	0.393000	1.000000
-2.7921053480386106571132	2.7497929607837696686090	2.3579828804122549001931	0.5642039053063232501017	-255.433073	-249.729291	0.393000	1.000000
-2.6236092528321162120619	1.7301127487136818139390	2.7896787533688680582600	1.4260305906410581933130	-258.636716	-252.932934	0.393000	1.000000
-2.6866997600145756663892	1.6917562072072267476130	1.2007277004087228977625	1.4628071434121217020419	-256.357460	-250.653677	0.393000	1.000000
-2.7491690677315636648359	0.9323569128715591958212	0.9641928044935467179144	1.5306568240171165573571	-255.633842	-249.930059	0.393000	1.000000
-2.9436349732782005617082	0.7904219912926956359556	0.9020876867796192577487	1.4817730010946879026790	-255.147788	-249.444006	0.393000	1.000000
-2.9415400030709406564711	1.6459946410285803963802	0.9043837119778098676548	1.6492885531851548819304	-255.162575	-249.458793	0.393000	1.000000
-2.9248105077728090428479	0.0005919620135628835857	0.6322752521444128248618	1.7489418783750854125003	-255.247333	-249.543551	0.393000	1.000000
-2.8698760396073197398437	1.1496643849433680895089	0.8397661319552638392594	1.7683219264501999212769	-254.663994	-248.960212	0.393000	1.000000
-2.8712077283374415337391	1.8557385605890923674366	0.6176128993516485365944	1.7704976111152217477240	-254.632341	-248.928558	0.393000	1.000000
-2.8739785959707755402803	1.6472078658194175826424	1.6904251309769406930172	1.8613798433176240720854	-254.602124	-248.898341	0.394091	1.000000
-2.6845361007511612250198	3.5444599029927150724006	1.5134875442199495765294	1.9230686480073535538082	-256.425920	-250.722138	0.394091	1.000000
-2.6885397888144919598119	3.5441450992709024880867	1.5128102743685161168941	1.9436463553565210826690	-256.260134	-250.556351	0.394091	1.000000
-2.7295068649905283031387	2.6359071163299154783033	1.4441300437154127589423	0.0331874901744837469408	-255.262834	-249.559052	0.394091	1.000000
-2.9184419179125224985683	1.4268818582667879280024	1.8467133813648455298306	0.8129946840443711408852	-255.077241	-249.373459	0.394091	1.000000
-2.9184419179125224985683	-1.8105643476225592447548	1.8467133813648455298306	1.2987643721704724697474	-255.077241	-249.373459	0.394091	1.000000
-2.8307596782896204956614	-1.8032808091709082720655	2.0887085645457030835814	0.7159433870786393594443	-254.478119	-248.774337	0.394091	1.000000
-2.8886466317314090090917	-1.8217061271312937620337	1.6531701628726467312447	1.4218203401699804899749	-254.602125	-248.898342	0.394091	1.000000
-2.9429477747007060095541	-1.8242409654363331839022	2.6564582658504058976234	1.1118613425436518760137	-255.201826	-249.498044	0.394091	1.000000
-2.8954455799172951202536	-1.8212130929001779655607	2.2517767363573244487895	1.1078306970411984089253	-254.591143	-248.887360	0.394091	1.000000
-2.8902277755993028840464	-1.9492662061279828478177	2.2514406136410696213090	1.1068758393781092941310	-254.567356	-248.863573	0.394091	1.000000
-2.9458267078027788876682	-1.9992361281567470054910	0.7299866924211955154789	1.2267929544931808205632	-255.155446	-249.451663	0.394091	1.000000
-2.8047515621152006026762	-1.7736683204027756666221	0.7585880275041367859501	0.6705897939531605400632	-255.180659	-249.476877	0.394091	1.000000
-2.8494719504044598856751	-1.7771846144925429467065	0.7510230598409181057562	0.9004386353716146151882	-254.478207	-248.774425	0.394091	1.000000
-3.0666783239542740879813	-1.5007228093735254237373	0.9176438657751824212738	1.4034480355035698906363	-256.089360	-250.385578	0.394091	1.000000
-2.9578102379266013599590	-1.4921626822792060096390	0.9360601537785147030490	0.8439000441254391748913	-254.917980	-249.214197	0.394091	1.000000
-2.9578102379266013599590	-1.4921626822792060096390	2.0121304201241327902494	0.8439000441254391748913	-254.917980	-249.214197	0.394091	1.000000
-2.8461988762561700738729	-0.2846636413239181373491	1.1340152751403222985971	1.0072758705403268564282	-254.367329	-248.663546	0.394091	1.000000
-3.0996976741480946060392	-0.2440271291541325215935	1.3881945409881226716209	1.3936926592305425298690	-256.182091	-250.478309	0.394091	1.000000
-3.1030283562734668478811	1.7925087960716892254709	1.3899033996834564419487	1.4763052169733228424775	-256.141717	-250.437934	0.394091	1.000000
-3.0278123667891798653784	1.7936213048772506883921	1.3961548686279947606437	1.7359259411171148457242	-255.901630	-250.197847	0.394091	1.000000
-2.8216975671755393229034	0.1062140221635890224849	2.7700531304538493770906	1.3449051360915456054812	-254.702412	-248.998629	0.394091	1.000000
-2.8933825768280754253681	-0.4962129185391090935298	2.7727698326439242926256	1.2785328837733715978686	-254.555895	-248.852112	0.394091	1.000000
-2.8514886278473792202703	2.3752585848447846927911	2.8886609205195021843338	1.2694896370307917621290	-254.449434	-248.745652	0.394091	1.000000
-2.8648272685191233932755	2.4982396140585394483935	2.9112006562048877711391	0.7711829667103760055369	-254.715404	-249.011622	0.394091	1.000000
-3.0295415194189838636873	2.4897319973544895788109	2.2042274481995196566686	1.2608997575918037270526	-255.945697	-250.241915	0.394091	1.000000
-3.3522900518302218841882	-0.8539786004197578161978	2.2004790884389380245523	1.4613632132195015778109	-260.351135	-254.647352	0.394091	1.000000
-2.8846755057507231789771	1.0857581454152220867826	1.6735021182824929564248	1.2372636608633533761292	-254.599354	-248.895571	0.394091	1.000000
-2.8924179136767755871062	1.0863743697532304288700	2.3871425875796461468781	0.8611043637336031064677	-254.596715	-248.892933	0.394091	1.000000
-3.0237371579503915519638	3.8529872032823178074068	2.3759457568877437871890	0.6649498526994940261758	-255.833678	-250.129895	0.394091	1.000000
-2.7551023531378384667789	3.6342903402611859142723	1.7701901925876926124914	0.1197161564605437877873	-255.767010	-250.063228	0.394091	1.000000
-2.9912672545639593657540	3.6319424159299154020175	1.3975421452337983829750	0.2334701472634658769856	-255.217308	-249.513526	0.394091	1.000000
-2.8537802144749671029444	0.6520793144871865898438	1.3924261566081757024449	0.1289302204164516907348	-254.507180	-248.803398	0.394091	1.000000
-2.9423084449848144750206	1.4131349412650306973660	1.3246454445975812674874	1.1853796044131796882937	-255.195877	-249.492095	0.394091	1.000000
-3.0170610119511094282529	-1.0380149428957592405709	2.7853109689520576530697	1.0015751604372573613233	-255.708486	-250.004704	0.394091	1.000000
-2.9792861507608270343894	-1.7826948196192038409436	1.5369511845516712345017	1.9297388677129860834469	-255.077917	-249.374134	0.394091	1.000000
-2.8007901660154832512717	1.5275423531277700917030	2.0207289921371947016837	1.3857827231925783362243	-255.296233	-249.592451	0.394091	1.000000
-2.7360664822293969677958	-0.0608785042434496492803	2.0165595946139500682648	1.3739382955981207512508	-255.305609	-249.601827	0.394091	1.000000
-2.7360664822293969677958	-0.0608785042434496492803	2.8749116208650518089485	1.3739382955981207512508	-255.305609	-249.601827	0.394091	1.000000
-2.8350209890113267086065	0.3191400752456903799903	2.9011506168498191193805	0.1366627062019800664672	-254.471542	-248.767760	0.394091	1.000000
-2.8350209890113267086065	3.1940620930141854216799	2.9011506168498191193805	0.1366627062019800664672	-254.471542	-248.767760	0.394091	1.000000
-2.7262294533136999241663	3.2009966547666888203594	0.7434737200217388375378	0.1274315513876813077410	-255.274765	-249.570983	0.394091	1.000000
-2.7463345801339968943466	3.1997151190058112923964	0.9147536684407039375699	0.1291375070674972980189	-255.580471	-249.876689	0.394091	1.000000
-2.7519636910224671844105	-0.3950794678118272340583	0.9138014396369532610365	0.1580693805468168788853	-255.706349	-250.002567	0.394091	1.000000
-2.7881704296093303696580	-0.0500488325133908937281	1.5128143117803067863036	0.0499057491939282407700	-255.463493	-249.759711	0.394091	1.000000
-2.7286060920043415656266	2.4363477352251790009063	1.5089772711924327452948	0.0390054814294135410169	-255.271693	-249.567911	0.394091	1.000000
-2.8544135100714362884844	2.4270518247783274823348	1.8356170451221724970736	0.4831981104730846965367	-254.505582	-248.801799	0.394091	1.000000
-2.9166514738194275757621	0.3861740253593337612870	2.0663267540061074356572	0.3799802716162848925663	-255.021375	-249.317592	0.394091	1.000000
-2.8549223563625698574242	0.3901087466975990958318	1.5404429757806994416569	0.3747424464845755531783	-254.512515	-248.808733	0.394091	1.000000
-2.7161595646285388028218	0.2422158244729200049505	1.6898168455168620649687	0.1612739228272378200213	-255.422270	-249.718487	0.394091	1.000000
-2.9657646947812521531773	1.5888903299693049042673	2.9660450306460286462595	1.1904180685261096517280	-254.996284	-249.292501	0.394091	1.000000
-2.7709074698734386110743	0.1841048920647229691916	1.1737389179180623965948	1.3038066134282024766122	-255.683358	-249.979575	0.394091	1.000000
-3.1425420507636205869062	0.5558747452071148842379	0.7391093205771857022057	1.8535063971300254070940	-256.458562	-250.754779	0.394091	1.000000
-3.1612599481505618825850	0.5544029862516950402096	0.7359429731040877387116	0.4125342080712273151732	-256.611661	-250.907878	0.394091	1.000000
-3.1682921353168693734403	0.6891190589709732527979	0.6803912445995853319758	0.3785556158967668394233	-256.506043	-250.802260	0.394091	1.000000
-2.9477688751263042554740	0.5008547174559040415787	1.4875226559977654527955	0.3182965509634044232179	-255.102870	-249.399087	0.394091	1.000000
-3.0541535637489949372991	0.4940735723232044240838	2.3938369579531544317774	0.3273234805333345986966	-255.859502	-250.155719	0.394091	1.000000
-2.8027580654287951311687	0.0858795610922731544878	2.8862393709070426339736	0.3552634106445426431797	-255.247012	-249.543230	0.394091	1.000000
-2.8027580654287951311687	0.0720855820516690393163	2.8862393709070426339736	0.3552634106445426431797	-255.247012	-249.543230	0.394091	1.000000
-3.1057919244769585098709	0.5314374140274787938765	1.6002774641912893560658	0.2054053903448228579620	-256.087966	-250.384184	0.394091	1.000000
-2.8350890350218680424632	0.5419839611833289216847	1.6315954723272629856012	0.0957851626823083002193	-254.473197	-248.769415	0.394091	1.000000
-2.8686049275661740232124	1.3645166054428667923304	1.5944876803968905942810	1.7246685354381150467873	-254.669972	-248.966189	0.394091	1.000000
-2.8686049275661740232124	1.3645166054428667923304	1.5944876803968905942810	1.7246685354381150467873	-254.669972	-248.966189	0.394091	1.000000
-2.8686049275661740232124	1.3645166054428667923304	2.3865074893050302051734	1.7246685354381150467873	-254.669972	-248.966189	0.394091	1.000000
-2.9095761726725104523439	1.3617777792315832741110	2.6612843286311789192666	1.5567172339714900886065	-254.826661	-249.122879	0.394091	1.000000
-3.0048342891007959742922	3.8273355599345668665023	1.9293689351854976798961	0.2370293443482259787558	-255.518832	-249.815049	0.394091	1.000000
-2.8563901436724030702408	3.8347748066215427975578	1.3695725958780784470292	0.2476006275539149315001	-254.578497	-248.874715	0.394091	1.000000
-2.9784711781502597460758	3.8269931490967410425696	2.4096074822629534040175	1.2744720199108161562407	-255.084705	-249.380922	0.394091	1.000000
-2.8327831982870055327339	1.9459100773623152491609	2.6078824247235030675540	1.0300382160391619024153	-254.428127	-248.724345	0.394091	1.000000
-2.8327831982870055327339	1.9459100773623152491609	2.8635132631371931211106	0.4042183283581060049272	-254.428127	-248.724345	0.394091	1.000000
-2.8520397638164349807255	2.4184964404836497564588	2.8647537406861833808591	0.4077422779046905310096	-254.453869	-248.750087	0.394091	1.000000
-2.8520397638164349807255	2.4184964404836497564588	2.8647537406861833808591	1.9882183208952020070370	-254.453869	-248.750087	0.394091	1.000000
-2.7486482816176205368208	2.4250867934315416540869	1.5448694766362049968222	1.9794453702006757911391	-255.611541	-249.907758	0.394091	1.000000
-2.7737571021325391207313	-0.0596274300939540688460	1.5530841325531463681386	1.0721534591885195641936	-255.666020	-249.962237	0.394091	1.000000
-3.1884024477273618103368	0.3720714285905221685447	1.6908652445744911663184	1.6369300374944839582270	-256.491185	-250.787403	0.394091	1.000000
-3.2102231100527047757964	3.7703918797643574123413	1.7051460245414056249302	1.6448809121345759898247	-257.355242	-251.651459	0.394091	1.000000
-3.2116663537238836489962	-1.2207427235309156188237	1.7174413312940055575950	1.6450033739205778271497	-257.385239	-251.681456	0.394091	1.000000
-2.8435802319428895579279	-0.5069741043511277744926	1.6754774780820740343046	0.7142307067017101829265	-254.401217	-248.697434	0.394091	1.000000
-2.8880691122884027954854	-0.5066030544868680429715	1.2963962458256230725340	0.5548032290074690342507	-254.605553	-248.901771	0.394091	1.000000
-2.8880691122884027954854	0.0727546092581095038554	1.2963962458256230725340	0.5548032290074690342507	-254.605553	-248.901771	0.394091	1.000000
-2.8663679084786890527425	0.3241009268116198382970	1.2595562975232970082118	0.5528931673593449058757	-254.694396	-248.990614	0.394091	1.000000
-2.7525619257788860316793	1.8751346388886536153962	0.9467738851336005012627	0.9764952841382591453012	-255.714831	-250.011049	0.394091	1.000000
-2.7464054433513251929355	0.2498625338581207944166	0.9463772942555193079528	0.9753686484759442887338	-255.580471	-249.876689	0.394091	1.000000
-2.8333266739146831802998	-0.0500213765827751677406	1.5659089588263748193953	1.1107177572776214535821	-254.434086	-248.730304	0.394091	1.000000
-2.8699034429039933513650	0.3818042219417468463583	1.3939149783202184895714	0.6575092986476718248667	-254.663026	-248.959243	0.394091	1.000000
-2.8699034429039933513650	0.3818042219417468463583	1.3939149783202184895714	0.6575092986476718248667	-254.663026	-248.959243	0.394091	1.000000
-2.9757379784463342531353	2.6732736907820449090423	1.2955308372169178632305	0.6454253300160907036442	-255.036790	-249.333007	0.394091	1.000000
-2.9481372435689854327734	3.5666129447072134617258	2.6029985399602768580962	0.8427021162259823450214	-255.080563	-249.376781	0.394091	1.000000
-2.9562394368073632300309	-1.4351768803004738561668	2.6035204704568872813297	0.8441848167701206939739	-254.918709	-249.214927	0.394091	1.000000
-2.9049213497071506573377	-0.2356499864605761107583	2.1857370580476440657947	0.9378842261703957960961	-254.670277	-248.966494	0.394091	1.000000
-2.9461431235883552837151	2.7078801333381554705682	2.6781767230535113988310	0.4969224367122648255979	-255.116821	-249.413039	0.394091	1.000000
-2.8670019101995469767985	1.7219292860818093959807	2.6821512921211021485135	0.2899117116419617778966	-254.711518	-249.007736	0.394091	1.000000
-2.8670019101995469767985	1.7219292860818093959807	2.6821512921211021485135	0.2899117116419617778966	-254.711518	-249.007736	0.394091	1.000000
-3.0198368443364396185302	2.7479681040968433336502	2.5022316192415687829964	0.8009819516009881734675	-255.762304	-250.058522	0.394091	1.000000
-2.7086373041635622982426	2.7600459165989885690351	2.5544295694738270441349	0.8634330352335963798538	-255.696004	-249.992222	0.394091	1.000000
-2.7484636679216398746917	1.7631948533121382105548	2.4018941938529945190339	0.5220261545705021655195	-255.611541	-249.907758	0.394091	1.000000
-2.7129884080454900185941	-0.2355326254209376968252	2.2271762286284357834631	0.5619090848123469150721	-255.494955	-249.791172	0.394091	1.000000
-2.7824742037248570980523	1.4697579373493632193259	2.2316523938813861427377	0.5746249784022057216504	-255.610416	-249.906633	0.394091	1.000000
-2.8974981514320874431689	2.4763397361682182307163	2.6332777031262901701325	1.1530409254607678626314	-254.590993	-248.887210	0.394091	1.000000
-2.6860468811386133403118	1.2744975844897468153505	1.2494828730194942334464	1.1302511186774943929834	-256.368991	-250.665208	0.394091	1.000000
-2.8356147000053222306803	1.2676730243817035947984	1.6862971277625331545380	1.1257044242064389028002	-254.469022	-248.765239	0.394559	1.000000
-2.8061839710379832268927	3.3204337515398685276580	2.4554971262299014611585	1.1158064083210963435278	-255.146934	-249.443152	0.394559	1.000000
-2.8228498281191454211125	3.1147862795611906960858	2.6932020172037876015736	1.0946186208681112361774	-254.688150	-248.984368	0.394559	1.000000
-2.8228498281191454211125	3.1147862795611906960858	2.3318862628529797298427	1.0946186208681112361774	-254.688150	-248.984368	0.394559	1.000000
-2.9071681859228086786118	3.6985662017401499390701	2.6014070412466923087891	1.6649527138870408027316	-254.746123	-249.042340	0.394559	1.000000
-3.0949853732246608295497	2.9051574709863055012704	2.0988284270460879632481	1.5013240443506266075246	-256.228303	-250.524520	0.394559	1.000000
-2.8701481156098358482609	1.0628105509903069680888	0.6889000163990157687977	1.4785668508635276818808	-254.660730	-248.956948	0.394559	1.000000
-2.7187305102641041720801	1.4911064742404491756389	0.7052387213132217391731	1.4970353297149534554933	-255.354437	-249.650655	0.394559	1.000000
-3.0408894802206889451668	-0.8336091870672783787910	0.6501667724147531801648	1.4314466720590728332496	-255.889461	-250.185679	0.394559	1.000000
-2.9670895666714303118283	0.6072854944955056177847	0.6792688650021504459531	0.8203032911601815246883	-254.971965	-249.268182	0.394559	1.000000
-2.9670895666714303118283	0.6072854944955056177847	0.6792688650021504459531	0.8203032911601815246883	-254.971965	-249.268182	0.394559	1.000000
-3.0801328937100751481637	-1.8147722762174767208165	1.0165517509103043636287	1.3516048901983734875643	-256.218013	-250.514230	0.394559	1.000000
-3.1236648332563694552277	-1.8187465378696605622366	1.6489510380707872450046	1.2579291250204935881385	-256.221855	-250.518073	0.394559	1.000000
-2.8281002117090001668487	3.3394654826033147720921	0.8659624405397193802614	1.3124713972772490411245	-254.534650	-248.830867	0.394559	1.000000
-2.8367095108802971026307	1.3399631621044649776309	0.7287134666401177129913	0.0078575514066381302314	-254.385994	-248.682211	0.394559	1.000000
-2.8367095108802971026307	1.3399631621044649776309	0.7287134666401177129913	0.0078575514066381302314	-254.385994	-248.682211	0.394559	1.000000
-2.8845077838349273413598	1.3381490549573926696070	0.7235557977189165379528	0.0020275728438305913939	-254.597940	-248.894158	0.394559	1.000000
-2.9806229219498856508608	1.3292275260655144197841	0.7787050547607833328456	0.7440338358756032333119	-255.135947	-249.432164	0.394559	1.000000
-2.9996100508662344452659	1.3274469650639257878311	0.7754356380264472159425	0.9031501444682689117016	-255.390194	-249.686412	0.394559	1.000000
-3.0074050119241970691064	1.5260420725263341701350	1.6509367997496471325292	0.9044609321568384263657	-255.547703	-249.843920	0.394559	1.000000
-2.8754242610467519725148	1.3532465000941742427898	1.5592720318172454962991	1.6547508556109589150651	-254.602531	-248.898749	0.394559	1.000000
-2.9008031521424060272807	1.3508665371230703655669	1.5549020098085162278068	1.8674315344596024157653	-254.625011	-248.921228	0.394559	1.000000
-3.1150350236164081607626	-0.6180933981894646267463	1.1179410281064483534408	1.3327321165658045920566	-256.097084	-250.393302	0.394559	1.000000
-2.8189666552447079084232	0.3730933063299945451341	1.2348343331143030177088	1.1067216822943408693902	-254.782951	-249.079169	0.394559	1.000000
-2.8925141730246388682701	2.2008632108137353711186	1.2981246232934273709958	1.0587645849805169540048	-254.600470	-248.896688	0.394559	1.000000
-2.7141320408071116787596	1.8016576758084648091085	1.2303233919943692420418	1.1029381357589369549999	-255.473925	-249.770143	0.394559	1.000000
-2.7224408095294787557350	0.9177890752503543581042	0.9084568662067706856789	0.7690018248321625060626	-255.339608	-249.635826	0.394559	1.000000
-2.8761895590174826331520	-0.2659795260882877876440	0.7842474135844730298572	0.2837105474803708338172	-254.600511	-248.896728	0.394559	1.000000
-2.8582876322251351552950	-0.4778760761071643159426	0.7849214074297370391520	1.4608846583130470353495	-254.645533	-248.941751	0.394559	1.000000
-2.8800520572341912206582	2.8253241647013518367260	0.5232979631731179415155	0.6869762147346181180296	-254.581648	-248.877866	0.394559	1.000000
-2.8873375916180656908239	3.0109404202705323250200	0.5241444196792089949000	1.0248162924629018455391	-254.589613	-248.885830	0.394559	1.000000
-2.8873375916180656908239	3.0109404202705323250200	0.5241444196792089949000	1.0248162924629018455391	-254.589613	-248.885830	0.394559	1.000000
-2.9559552333316911898464	3.0054756066238192957485	1.2691997612649914550786	0.9299565518499377514416	-254.915399	-249.211617	0.394559	1.000000
-2.8510107569032014929178	3.8248420664242197553051	0.8859398168860181943529	0.7442638050781257286204	-254.447500	-248.743717	0.394559	1.000000
-2.9527746872625026952619	3.4277734741203516044550	2.7646794723836145557527	1.0186211973546344111696	-254.944345	-249.240563	0.394559	1.000000
-2.8426245672761045746313	3.4359724184938227331543	1.1210916570699025474056	1.5670318810617152038844	-254.348920	-248.645137	0.394559	1.000000
-2.8645820337468865801611	3.6397276680220675970645	0.7160438971754068404607	1.6849438961527598568324	-254.720216	-249.016433	0.394559	1.000000
-3.0247730186997179302466	3.6260652817346001874910	1.7495936030286953766222	1.0911980972611217133306	-255.834695	-250.130912	0.394559	1.000000
-3.0498901501402073677127	3.6237098658677915352655	1.7452686537321564497205	1.3016851727349849632276	-255.822808	-250.119025	0.394559	1.000000
-3.0289852155289009871808	3.6254187053826676390145	1.5525671291126745821032	1.3002393485457055533061	-255.908385	-250.204603	0.394559	1.000000
-2.9291887758648043060816	3.6278895209045303182904	1.8437728720768147283593	1.3181590719069116168782	-255.219999	-249.516216	0.394559	1.000000
-3.1674752189133155155787	1.5071383349631977122129	0.9180487684702414163951	1.9735816936291590284469	-256.485597	-250.781815	0.394559	1.000000
-3.1437728350874940552728	3.6888434656962987290285	1.5155858127213133190736	1.9968411962406418247440	-256.431235	-250.727453	0.394559	1.000000
-2.9839845047178954473566	2.5809600495186693080996	0.7173378310356041120954	1.1712691694532844088883	-255.160096	-249.456314	0.394559	1.000000
-2.9692655314425944190759	2.5823403545617797938405	0.7198723088784905188575	0.7007099996296626276404	-254.987885	-249.284103	0.394559	1.000000
-2.9692655314425944190759	2.5823403545617797938405	0.7198723088784905188575	0.7007099996296626276404	-254.987885	-249.284103	0.394559	1.000000
-3.0932017972764285218545	1.9105929764047671071125	0.7583801395905698239375	0.6205307214586692765579	-256.277327	-250.573545	0.394559	1.000000
-2.8579392105939529500347	3.4276072770349799156975	1.8843829523061430553099	1.8527009383499541961271	-254.570340	-248.866557	0.394559	1.000000
-2.8566114446682653316145	3.4277158130779050715375	1.8721436163323579293660	1.8526091075870863011943	-254.578497	-248.874715	0.394559	1.000000
-2.8486760249966165403634	3.6671944272525935915041	1.5772195175968790614718	1.1661110311331575051241	-254.392591	-248.688809	0.394559	1.000000
-2.8830283102752582991002	3.4928796918762659018398	2.0977767989642090995517	1.4122660496856860312676	-254.594084	-248.890302	0.394559	1.000000
-2.8479652184100192613414	3.4950068873646200628968	2.1024774433556836505943	1.2952430646185422169481	-254.391426	-248.687644	0.394559	1.000000
-3.0197618872889058216913	3.8233163516144390570162	1.5757397278858646938460	0.7439111324085403431638	-255.761376	-250.057593	0.394559	1.000000
-2.8494788846107441671052	1.5735455165681060396565	0.8324210866475081349591	0.7351762335239742096604	-254.478207	-248.774425	0.394559	1.000000
-2.8850710620862902722195	2.5038717233712604048890	1.0419170361745035968681	1.9960869188682786035116	-254.611148	-248.907365	0.394559	1.000000
-2.8850710620862902722195	-1.3440173849869976319127	1.0419170361745035968681	1.9960869188682786035116	-254.611148	-248.907365	0.394559	1.000000
-2.8854870494836646344083	-0.7657023171123015226058	1.5768998665331255271127	1.7089654191172654051911	-254.609076	-248.905294	0.394559	1.000000
-2.9509375361323701980609	2.0674541161326649429952	1.1935838260909517050123	1.6227538030659101053743	-255.016061	-249.312278	0.394559	1.000000
-2.9467338548721442315070	2.0674680062452877038481	0.8975403139753275194579	1.8501886906961524381643	-255.091604	-249.387821	0.394559	1.000000
-2.8559033492843823864860	2.0759858425499064793485	2.0506130777217856930861	1.0890091137098769635827	-254.589082	-248.885300	0.394559	1.000000
-2.8309115031134894913123	1.8209670856523687554329	0.9238791730507861510446	0.7002755284339148289519	-254.480059	-248.776277	0.394559	1.000000
-3.0403154280324868885543	-0.2365118350670536995217	1.8791164555116630641152	1.5357463382485072589390	-255.970897	-250.267114	0.394559	1.000000
-2.8933774297015846244108	0.3860915626339633810460	0.8123144482864789184262	1.0810893890175201637049	-254.554558	-248.850775	0.394559	1.000000
-2.7136666293723781251401	1.0840617053372145761614	2.5461293466148671171823	1.1108714812445461550539	-255.493336	-249.789554	0.394559	1.000000
-2.7736216999191283250070	-0.1619534164548321053534	2.2736925728638412991245	1.5206213006630044937140	-255.666020	-249.962237	0.394559	1.000000
-3.1057812371934199191514	-0.1727427616073015093079	2.3689457228861519055840	1.3734682730101972492065	-256.047582	-250.343799	0.394559	1.000000
-3.1789834532642080588971	1.6922571863031623529139	2.3774505886638146456846	1.3857778359301531345693	-256.381402	-250.677619	0.394559	1.000000
-2.8997887759837550625264	1.0395016919161912394287	2.2173196224607889526226	1.3299733496292838186292	-254.632759	-248.928977	0.394559	1.000000
-2.8858176629812914981699	1.0406872682826229237207	2.1225014697673953989465	1.7235437273756029075145	-254.613834	-248.910052	0.394559	1.000000
-2.8126115561060891501199	-0.0399203745381402561043	1.8346323452892407956938	1.7142720305643976974608	-254.985003	-249.281221	0.394559	1.000000
-2.6864037438505636856689	-0.8700936972789957701835	0.6712497137370103672538	1.7055432633509195472499	-256.358901	-250.655118	0.394559	1.000000
-2.6864037438505636856689	-0.8700936972789957701835	0.6712497137370103672538	1.7055432633509195472499	-256.358901	-250.655118	0.394559	1.000000
-2.6864037438505636856689	3.5712328796295258470650	0.6712497137370103672538	1.7055432633509195472499	-256.358901	-250.655118	0.394559	1.000000
-2.6864037438505636856689	3.5712328796295258470650	0.6712497137370103672538	1.7055432633509195472499	-256.358901	-250.655118	0.394559	1.000000
-2.7272565873486378507096	2.4967803442068143837673	2.4955888981644465118848	1.7042200483877159022938	-255.261884	-249.558101	0.394559	1.000000
-2.9131778381172979131009	2.3851662796342201211530	2.9184901991274041499480	1.5183962236922121658012	-254.940087	-249.236304	0.394559	1.000000
-2.7709933974898746100735	2.3763207180784591265876	1.9186047541884039269178	0.6767001140361368349829	-255.710475	-250.006692	0.394559	1.000000
-3.0683474493005284955416	2.9208431956912099813906	1.4717828749527275267184	0.9348033808338520600500	-256.096969	-250.393187	0.394559	1.000000
-2.9062079024237048585633	0.7718585157353285985948	2.0253720055808654976204	0.2549357742039156660141	-254.738256	-249.034473	0.394559	1.000000
-2.9062079024237048585633	0.7718585157353285985948	2.0253720055808654976204	0.2549357742039156660141	-254.738256	-249.034473	0.394559	1.000000
-2.6721394915975560380161	-0.8845321988927050682605	1.2010978363542283986476	1.6375056400571981196634	-256.875894	-251.172111	0.394559	1.000000
-2.9261147597637595652031	3.3583102220622147449092	1.1833712521651222893126	1.6167829479779591839161	-255.235815	-249.532032	0.394559	1.000000
-2.9261147597637595652031	0.3172673283997347049024	1.1833712521651222893126	1.6167829479779591839161	-255.235815	-249.532032	0.394559	1.000000
-2.9736852924261194530686	-0.8839389571110133347887	0.5978867973656762924151	0.4476866126415857127796	-254.999360	-249.295577	0.394559	1.000000
-2.9887747969854747687179	3.4680213910961557033374	0.5996399438934350012431	0.4502240386346010314611	-255.222654	-249.518872	0.394559	1.000000
-2.9887747969854747687179	3.4680213910961557033374	0.5996399438934350012431	0.4502240386346010314611	-255.222654	-249.518872	0.394559	1.000000
-2.7618508857975792025741	3.4356123270424960836067	0.5646220038107334637800	0.3672454055614649548467	-255.742358	-250.038575	0.394559	1.000000
-2.8255618131254989222612	-1.3497096221220186151868	1.0984382972904098707545	1.8780075381170817649945	-254.600214	-248.896432	0.394559	1.000000
-2.8466714429307775624522	-0.8118917717828597613305	1.1008908810747100037730	1.8815572983600472589671	-254.428058	-248.724276	0.394559	1.000000
-2.6997526447264195148534	1.8619379834996006017889	2.7081215293967240143047	1.6416028272627722905952	-255.970186	-250.266404	0.394559	1.000000
-2.7677960534557333183159	1.1400778275507119641219	2.7129488955124925197993	1.5366516306274884406946	-255.704717	-250.000935	0.394559	1.000000
-2.7500787975483587111114	1.1415260955100539064233	2.5496313683876739020207	1.5354262722307832067514	-255.648192	-249.944410	0.394559	1.000000
-2.7915086411955583045597	2.1970495535601131109615	2.5544448191043604978745	1.4097366207586303765709	-255.435250	-249.731467	0.394559	1.000000
-2.8111839238149416431156	2.6983240098523832983801	2.5567307558805589806639	0.4002599236976249752473	-255.043534	-249.339752	0.394559	1.000000
-3.0675187504110406067070	1.9299848022031367289486	1.3636281456015304502927	1.5455827648531126339293	-256.089771	-250.385989	0.394559	1.000000
-2.6777519992353178146516	-0.2931284778545972802277	2.1539808129767488154016	1.2806019902832614931754	-256.599750	-250.895967	0.394559	1.000000
-2.7458944360846158083689	-0.2995186891467639944686	2.1422472842091790923291	1.8516505704945229737746	-255.591808	-249.888026	0.394559	1.000000
-2.9220121036933357494547	3.2909698028593385998875	2.6712393702060617250993	1.7222387793336961792079	-255.188000	-249.484218	0.394559	1.000000
-2.7416631108964568674935	3.3078824379746674111402	2.7022938818001276395364	1.9064765441277278235077	-255.466853	-249.763071	0.394559	1.000000
-2.6959897141135047426985	2.1442444063237138252020	2.6969874016127888260996	1.8987961816790803748489	-256.087005	-250.383222	0.394559	1.000000
-2.9960342019192349738432	0.5120733764614753269484	2.3555952178988008860472	1.2603579612971431700430	-255.296805	-249.593022	0.394571	1.000000
-2.7733964304320388727376	1.4969712555024550226790	1.5634304075104283882069	1.2660546481487842118696	-255.663014	-249.959232	0.394571	1.000000
-2.8562020042931428598365	1.4938960373919869528692	1.5551094789471484602927	0.3620775391575232760033	-254.566771	-248.862989	0.394571	1.000000
-2.9579434568688349749266	2.4818058933437767699104	2.1987874004223244561729	0.3758981013429478212906	-254.918218	-249.214436	0.394571	1.000000
-2.8386218097456228370845	3.6449783037681031672150	1.7533107670096681474092	1.2511454861641686520102	-254.356989	-248.653206	0.394571	1.000000
-2.8386218097456228370845	3.6449783037681031672150	1.7533107670096681474092	1.2511454861641686520102	-254.356989	-248.653206	0.394571	1.000000
-2.8419669512751903894809	3.6438066225412479859358	1.7517441806207674215301	1.3832351160851856786138	-254.338187	-248.634404	0.394571	1.000000
-2.7495590556255593561730	1.1987823820549055042761	1.7409747718859764908927	1.3637593803816006055030	-255.643051	-249.939268	0.394571	1.000000
-2.6927169135333448579672	0.0284704059990260986701	0.8382072433302344416362	1.6834279006043166848627	-256.167991	-250.464208	0.394571	1.000000
-2.7059171353709361440565	0.3485389256701791338422	0.9407884130688902724060	0.7922570854455193156696	-255.737295	-250.033513	0.394571	1.000000
-3.2770783036165491708402	-0.9134730594054579766450	0.6825612022253505495328	0.9936056493065080763571	-258.317659	-252.613876	0.394571	1.000000
-3.0447734349510406914874	1.3071645580907327310882	0.8081994614042155022915	0.9412294539433287976493	-255.838509	-250.134726	0.394571	1.000000
-2.9949721547253553843859	1.2483146473430148937211	2.3617030024501874940768	0.7804131155188126500732	-255.302565	-249.598782	0.394571	1.000000
-2.9392399075074919778672	-0.2263071310937050384382	2.3552078502147844041303	0.7686670789994072272577	-255.192066	-249.488284	0.394571	1.000000
-2.7254006772686252269011	-1.1910942379603757235174	2.3766960287983782684762	0.7744078060369793403694	-255.324729	-249.620947	0.394571	1.000000
-2.9650913673882293153383	3.0806985087645877285922	2.9440651639100337000343	1.7221264955984290079272	-254.959005	-249.255222	0.394571	1.000000
-2.9428431429431745058878	2.4920318402561916215632	0.8659772002744193786228	1.7174374965024123973478	-255.201826	-249.498044	0.394571	1.000000
-2.8342891695290965969889	3.1085876677942634316310	0.7866778566516192672253	1.3166223106702117373601	-254.426932	-248.723150	0.394571	1.000000
-2.8342891695290965969889	3.1085876677942634316310	0.7866778566516192672253	1.3166223106702117373601	-254.426932	-248.723150	0.394571	1.000000
-2.8342891695290965969889	0.6897961714065745653102	0.7866778566516192672253	1.3166223106702117373601	-254.426932	-248.723150	0.394571	1.000000
-3.0042347994155607082689	3.2459839654414630594204	1.5259322078346633233537	1.3437603295512334788953	-255.512546	-249.808763	0.394571	1.000000
-2.8649038540013518350236	-1.8102267381343606356126	1.5096942890938260806166	1.3143951692568534017624	-254.716036	-249.012254	0.394571	1.000000
-2.9754302333952900028180	1.9167129497282924255330	1.5400826088371828426205	0.1619824788305446738867	-255.008155	-249.304373	0.394571	1.000000
-3.0163305394176913587501	3.7930287730039262683590	0.9549090985712224144422	0.1036751868306012291931	-255.705805	-250.002023	0.394571	1.000000
-3.0163305394176913587501	3.7930287730039262683590	0.8352877743216470252108	0.1036751868306012291931	-255.705805	-250.002023	0.394571	1.000000
-2.6942029715492106234365	3.4377786885907823943853	2.0109512829669591305048	0.5727123054014365832742	-256.120813	-250.417030	0.394571	1.000000
-2.6804321105665125379858	3.4323203908833770370279	2.0053224453626392609351	1.3472019025426757998787	-256.528264	-250.824482	0.394571	1.000000
-2.8331412143970617911748	3.6025164410220811284091	2.0938398370653446001199	1.1051600220017818720919	-254.427629	-248.723847	0.394571	1.000000
-2.8331412143970617911748	1.8170348547875461164836	2.0938398370653446001199	1.1051600220017818720919	-254.427629	-248.723847	0.394571	1.000000
-2.9059615972916184034602	1.0625475560816306508372	2.4328386126391063903895	1.5693609661868574978172	-254.738902	-249.035120	0.394571	1.000000
-2.8785047700099766210258	0.6076477481996536145203	2.4355634292908359128660	1.1657010496665562993002	-254.583310	-248.879527	0.394571	1.000000
-3.2004000066973379290403	0.7994022468340281628585	2.9103508846851120495103	0.2645002039859871700855	-256.878670	-251.174887	0.394571	1.000000
-3.1586536001801608364303	-0.3051676080483075592653	2.9054856714711152498865	0.2557018001895665082479	-256.630888	-250.927105	0.394571	1.000000
-3.1586536001801608364303	2.4286589486345766530917	2.9054856714711152498865	0.1936667367691589092260	-256.630888	-250.927105	0.394571	1.000000
-3.1524574000001064355558	1.0716747152244434637680	2.8437879912606751631188	0.1930964462662192460130	-256.532461	-250.828679	0.394571	1.000000
-2.9152007108548323444097	0.8774382952521202483354	2.1282934831997950553273	0.2039534886153581416668	-254.980981	-249.277199	0.394571	1.000000
-2.9876723068946491324027	2.3145787615438395690148	2.3148537160434483617166	0.2170787088283335775074	-255.199492	-249.495710	0.394571	1.000000
-2.9973623770699777679738	2.3111846829343143383539	2.3103156921930421141553	0.5997105861508252866443	-255.382528	-249.678746	0.394571	1.000000
-2.9973623770699777679738	2.3111846829343143383539	2.3103156921930421141553	0.5997105861508252866443	-255.382528	-249.678746	0.394571	1.000000
-2.9351098115938620836118	3.7264870263220117863057	2.2265421932019497930355	0.3551595341071832057089	-255.159881	-249.456098	0.394571	1.000000
-2.7898563565962346544325	3.6299988050338414247165	0.9100032936446657005902	0.0059701909805472026804	-255.416824	-249.713042	0.394571	1.000000
-2.7191311338817225617959	-1.6057931022677316423852	0.7736471273672318460513	0.0852023568413466242388	-255.372519	-249.668736	0.394571	1.000000
-2.9195136332643052412550	3.4162205389769679797496	2.3822542227344030152381	0.1228058831648398269154	-255.106683	-249.402900	0.394571	1.000000
-2.9636250860518713601266	2.3864703113857852478930	2.3517019324808048352793	0.1218498838980616727490	-254.932160	-249.228378	0.394571	1.000000
-2.8818536515919235263539	-1.0812461941160922407335	2.2028843469252428199923	1.2102164572656322061306	-254.581402	-248.877620	0.394571	1.000000
-2.8543807249986343776982	-1.0842474897218827845080	2.5303774427241014777223	1.5362656978699840149005	-254.509083	-248.805300	0.394571	1.000000
-2.7084562269528729139267	-1.0722253940305965791424	1.3533036130374658245756	1.5228349898612885127136	-255.696004	-249.992222	0.394571	1.000000
-2.8457153038621405549691	-1.3296685247758355252756	2.0291481434303522135565	0.8992653873108151785232	-254.362128	-248.658346	0.394571	1.000000
-2.8225272728308827829835	-1.6906808737077825277595	2.1743729734968368916270	0.0993363657684929179936	-254.689630	-248.985848	0.394571	1.000000
-2.7850507266531661088038	-0.7970801578173496437785	2.0784646366570842523913	0.6093193837265432621919	-255.526787	-249.823004	0.394571	1.000000
-2.9140008935730805639253	-0.2064780191787551066884	2.2608874527157971634495	1.7976245342368191160176	-254.971662	-249.267879	0.394571	1.000000
-2.9089639575821224504182	2.8815531320522214109303	2.2843255280111640637131	1.5987310030959982487531	-254.823155	-249.119372	0.394571	1.000000
-2.9089639575821224504182	2.8815531320522214109303	2.2843255280111640637131	1.5987310030959982487531	-254.823155	-249.119372	0.394571	1.000000
-2.9033731472492707581523	2.9090043056725964909504	2.1275148696402670367434	0.8103271176004699372086	-254.662240	-248.958457	0.394571	1.000000
-2.8863122370875262667766	2.4575889951412674960807	2.1255265556155000794547	0.8067313883087590120624	-254.617643	-248.913861	0.394571	1.000000
-2.8805213941857306103600	0.6550378473947162660806	2.1787756817370147466306	0.3098588387772376329110	-254.580744	-248.876961	0.394571	1.000000
-2.9519499013602552572877	0.4156737697939757447685	0.9569109278295542253545	0.1832945803073288693064	-254.971377	-249.267595	0.394571	1.000000
-2.8841961227919208354820	0.0997345200605632697943	1.1213933185776809864365	0.3405140717584602128021	-254.601527	-248.897745	0.394571	1.000000
-2.9038155657690758459921	-0.0444422485269234807115	0.9522116069122852355378	1.1991003282520404926714	-254.669198	-248.965415	0.394571	1.000000
-2.9985721599168986273298	0.0761502753154847389361	0.7841541654548390694046	1.3715286212389785625021	-255.379884	-249.676101	0.394571	1.000000
-3.0060511239549083661871	0.0735306666435633221601	0.7162713820424875255100	1.6668505331047018813706	-255.529365	-249.825583	0.394571	1.000000
-2.9808715464096811054162	-0.0174782269345982316233	0.7258855958776667671728	0.8188352424104039517516	-255.089509	-249.385727	0.394571	1.000000
-2.9737900013872677895677	0.9168976893375121450802	1.5553618135076743289602	1.0026872242939073309742	-255.001083	-249.297301	0.394571	1.000000
-3.1074678769154062685232	-0.6634396279080811975604	0.5535423376915561410883	1.3664673531219393431968	-256.025671	-250.321888	0.394571	1.000000
-3.1074678769154062685232	-0.6634396279080811975604	0.5535423376915561410883	1.3664673531219393431968	-256.025671	-250.321888	0.394571	1.000000
-2.9728664620524627437703	-0.6584408254195499576866	0.5670681029917233884063	1.3700808621152891220163	-254.998928	-249.295145	0.394571	1.000000
-2.8064868553459887401402	-1.6169141817134753402740	2.6958039682326031538651	1.8486110252589516012023	-255.142860	-249.439078	0.394571	1.000000
-3.0952900947196249070714	-0.5670788614990454057363	1.7859657521229015397779	1.4871390680640992343342	-256.233706	-250.529924	0.394571	1.000000
-3.1060145219968360308371	3.8579887476425049896989	1.7872155992272305002899	1.4893993306721258207403	-256.087966	-250.384184	0.394571	1.000000
-2.8685257836807251941025	-0.6189608588936765798394	1.0306548768535044313666	1.4443388041800102605805	-254.674918	-248.971135	0.394571	1.000000
-2.9018770974339562762623	0.5073301431690440121969	1.0398613638407938619679	1.0941260249239925794740	-254.614809	-248.911027	0.394571	1.000000
-2.7112039620952881335825	-0.3658715869153554289817	1.3081039484270253758780	1.2864243338951377726431	-255.579105	-249.875323	0.394571	1.000000
-2.7112039620952881335825	-0.3658715869153554289817	1.3081039484270253758780	1.2864243338951377726431	-255.579105	-249.875323	0.394571	1.000000
-2.7206465376117199284067	-0.3691789771611708181887	1.3036818305137898299506	1.6592833876727510755700	-255.336541	-249.632759	0.394571	1.000000
-2.8133195246012001611291	2.0828593257850700481981	1.3144821335457705924199	1.6788149935899787656979	-254.965148	-249.261365	0.394571	1.000000
-2.8091889270035124148706	-0.7593409703182909531449	0.5654740001995341991403	1.4864885183034228788301	-255.079075	-249.375293	0.394571	1.000000
-2.9281752975523089865817	2.8620316694966518866750	0.5793409197879623162564	1.5115658895480135193168	-255.267786	-249.564004	0.394571	1.000000
-2.8195420677842837342553	2.8631294400681177592105	0.5868075412568183324424	1.8850604529885366389408	-254.792641	-249.088859	0.394571	1.000000
-2.8323542231067970753600	3.5170525731098902788574	0.9640993455840057846373	0.7171238682528062735599	-254.505360	-248.801578	0.394571	1.000000
-2.8567305540342204928095	2.3576909828391592327534	2.2632210607848528560737	0.2353296438141290192192	-254.566681	-248.862898	0.394571	1.000000
-2.8152183296802775203105	1.2593173632651948334882	1.2093996154678361421020	1.2407440059976238000417	-254.950525	-249.246742	0.394571	1.000000
-2.8443545204014890614985	3.1345154189305244329944	1.4932753068678719099438	1.8444884975308553087814	-254.399156	-248.695374	0.394571	1.000000
-2.8131657848493132334511	3.1370849255474388961318	1.1827184209782943824507	1.8416179253790132541724	-254.964768	-249.260985	0.394571	1.000000
-2.8965405950073659369082	3.5958710599893222159551	1.2939794199119667439390	0.7498781509003168421756	-254.561588	-248.857805	0.394571	1.000000
-2.8821447804700563999347	3.6009133894362417294133	1.3007212234834897301994	1.3622827054234951660305	-254.585833	-248.882051	0.394571	1.000000
-2.8821447804700563999347	3.6009133894362417294133	1.3007212234834897301994	1.3622827054234951660305	-254.585833	-248.882051	0.394571	1.000000
-2.7086721014743879720754	0.8980553033965321674259	2.3685184597735009504049	0.7894936948534578835535	-255.696004	-249.992222	0.394571	1.000000
-2.9705206812066133892358	0.8843935027873414123079	2.4811955200288715595036	0.8757557641032686079896	-254.988858	-249.285076	0.394571	1.000000
-2.9049647591918983380310	0.9396967079886932028288	2.8274209011851167971940	0.9428606586498810004926	-254.673372	-248.969590	0.394571	1.000000
-2.9049647591918983380310	0.9396967079886932028288	2.8274209011851167971940	0.9428606586498810004926	-254.673372	-248.969590	0.394571	1.000000
-3.1223526741446439025651	-0.9980775389029912236794	1.7156150629321811340589	0.7385610879019649521737	-256.196509	-250.492727	0.394571	1.000000
-3.1223526741446439025651	-0.9980775389029912236794	2.1600268433988158989223	0.7385610879019649521737	-256.196509	-250.492727	0.394571	1.000000
-3.1671974466487933241865	1.4507696319889109570767	1.6360319674635963593801	1.2565205610000806935034	-256.493910	-250.790127	0.394571	1.000000
-2.8038528684344750097068	1.0557029860909634688682	1.2996611889373697046324	1.9188119330190198663644	-255.198763	-249.494980	0.394571	1.000000
-2.8481105606360648252462	3.1396912645478765035989	1.2557430577394368409472	0.8488626190342802857458	-254.390743	-248.686961	0.394571	1.000000
-2.8749542193684693991429	2.7217069849892494559640	0.5018467049868058360573	0.8942341418147006226746	-254.592781	-248.888999	0.394571	1.000000
-2.8749542193684693991429	2.7217069849892494559640	0.5018467049868058360573	0.8942341418147006226746	-254.592781	-248.888999	0.394571	1.000000
-2.8525537605406574570566	1.8397938778569369322469	0.5061757404767726065131	1.3132247868646724775488	-254.532421	-248.828639	0.394571	1.000000
-3.0462996498574099746293	2.6607597475407533949010	0.7064987067812443788384	1.6057498106994931852398	-255.862337	-250.158554	0.394571	1.000000
-2.9429336928799321171368	-0.8093268692938790920266	1.6287019981918344768701	1.5106017216867158037275	-255.201826	-249.498044	0.394571	1.000000
-2.8997425287196705312454	-1.3967202844403847628030	2.4977475428601718654420	1.9344999504095734543796	-254.632759	-248.928977	0.394889	1.000000
-2.8997425287196705312454	-1.3967202844403847628030	2.4977475428601718654420	1.9344999504095734543796	-254.632759	-248.928977	0.394889	1.000000
-2.8407228386840572831318	-1.3934091552678957715017	1.8900508660194712540203	1.9343702462449461343397	-254.406416	-248.702634	0.394889	1.000000
-2.8570343832564799591012	1.8864805839447169599765	2.0580028058690191805624	1.9344060931845228346049	-254.570646	-248.866863	0.394889	1.000000
-2.9928145870276043893909	2.1215945253327137542954	1.6391068064070415388755	0.5272032487468084616111	-255.227377	-249.523594	0.394889	1.000000
-2.9854073430975711644919	3.4042195910016896931438	1.6397484296770865608295	0.3377522707061355600189	-255.176719	-249.472937	0.394889	1.000000
-2.9847652596156319937393	3.4042556132401484703109	1.6331372123360046177964	0.3377508596363452131328	-255.180768	-249.476986	0.394889	1.000000
-2.9901470677775039419544	3.4015462679994841188602	1.6325240794023263557477	0.6923671110143128082370	-255.210777	-249.506995	0.394889	1.000000
-2.8917949885633622564285	3.5900650430839471383138	1.8762901888136733763446	0.5888898230970882607949	-254.583801	-248.880018	0.394889	1.000000
-2.7609319812930230852999	3.5974067339791551134454	2.9330006319053891772342	0.5886022330228539711783	-255.760731	-250.056949	0.394889	1.000000
-2.6733446777596689969414	2.9893251122263091446030	2.4088145079166327633402	0.4948452336505466675476	-256.793565	-251.089783	0.394889	1.000000
-2.6733446777596689969414	2.9893251122263091446030	2.4088145079166327633402	0.4948452336505466675476	-256.793565	-251.089783	0.394889	1.000000
-2.8574916570099029300422	1.3404476529900279935248	2.6824815712261167455210	0.1833090477809905527451	-254.566212	-248.862429	0.394889	1.000000
-2.8574916570099029300422	0.8255748936829290229866	2.9082247297766743443503	1.3407364970917636792791	-254.566212	-248.862429	0.394889	1.000000
-2.8111246006873709113449	1.3387634076639056690539	2.8947633775257433086381	1.4234936779678246665526	-255.043534	-249.339752	0.394889	1.000000
-2.8197909587767155947802	1.3344005327086800871683	2.8937760458706929256323	1.9945343628653593448519	-254.787637	-249.083855	0.394889	1.000000
-2.8197909587767155947802	0.4546843178495691972785	2.8937760458706929256323	1.9945343628653593448519	-254.787637	-249.083855	0.394889	1.000000
-2.7432593031032066477337	3.7068019813379549098897	2.9464099461707755622797	1.0254405518946749786835	-255.526834	-249.823052	0.394889	1.000000
-2.9994987017785708083295	1.2321912605505114246540	2.2790615224130426064164	0.6752675528720684106077	-255.388336	-249.684554	0.394889	1.000000
-2.9851272272375002359013	-1.5541336934284217807800	2.3867975476377596422140	1.0414655488201525201930	-255.173917	-249.470134	0.394889	1.000000
-3.0307960369163229330525	1.3392328861247222437925	2.5159598463739598628308	1.0147303020429891962095	-255.959032	-250.255249	0.394889	1.000000
-3.0292310092139413946200	0.6965097947233097608333	2.4482778194157872597714	1.7344237122180623522638	-255.943001	-250.239218	0.394889	1.000000
-3.0292310092139413946200	3.2929450824005739306699	2.4482778194157872597714	1.7344237122180623522638	-255.943001	-250.239218	0.394889	1.000000
-3.0627984763826869851755	1.8530980825485388052698	2.9262874599943606845898	1.5126157116609597608203	-256.031024	-250.327242	0.394889	1.000000
-2.9006467584146196081463	2.8054137419601046232742	2.6496431575951073789099	1.3314132883874221224829	-254.623880	-248.920097	0.394889	1.000000
-2.8963000693944427332838	2.8076019807183900667269	2.6501383625727967796593	1.0450027512818593766752	-254.562012	-248.858229	0.394889	1.000000
-2.8426733004405120297520	1.2169612430674088265903	2.2820927812590827699069	1.3693907499943562822153	-254.350805	-248.647022	0.394889	1.000000
-2.8215953061317922134776	1.2193596270166831008197	2.2537770724597585569882	1.3682617140717885373391	-254.702412	-248.998629	0.394889	1.000000
-3.0026436729960552796115	2.2084425555478870428772	1.6907673209146627524291	1.1651500206801812531410	-255.487217	-249.783435	0.394889	1.000000
-2.8976896586706533121003	3.3641915255287404562523	1.7074202569109668825575	0.4038302833983236639348	-254.592911	-248.889128	0.394889	1.000000
-2.9169453058249175114724	3.3544977210667150657741	1.7052265199596556843886	1.6726167593039857894865	-255.042668	-249.338886	0.394889	1.000000
-2.8460132765146828326408	-1.5194095633332822536943	1.8887769001313294836564	1.6620374686765659877352	-254.362943	-248.659160	0.394889	1.000000
-2.8364582254072705502779	-1.3757365680232187532539	1.7371442155930667539110	1.6630179996139631271035	-254.386296	-248.682513	0.394889	1.000000
-2.9664611864628622761586	-1.9278089853429682953845	2.3653478523956144030649	1.9272014759213820234152	-254.959259	-249.255476	0.394889	1.000000
-2.9664611864628622761586	-1.9278089853429682953845	2.3653478523956144030649	1.9272014759213820234152	-254.959259	-249.255476	0.394889	1.000000
-2.7184680139016865751955	-1.6531911149955529349853	2.3872781594868537347054	1.8625963608919766656413	-255.349176	-249.645394	0.394889	1.000000
-2.8730172317932485270831	-1.6081941093689131605515	2.6470842130885472442969	1.8679982680967746055956	-254.623518	-248.919735	0.394889	1.000000
-2.9665759049536748470643	-1.8929874908448578452180	0.7028050948388585572602	1.7654223748877382327294	-254.967928	-249.264145	0.394889	1.000000
-2.9665759049536748470643	1.1041334194826362136155	0.7028050948388585572602	1.7654223748877382327294	-254.967928	-249.264145	0.394889	1.000000
-2.9665759049536748470643	1.1041334194826362136155	0.7028050948388585572602	1.7654223748877382327294	-254.967928	-249.264145	0.394889	1.000000
-2.9611171467908374843603	1.1043304413274677155954	0.7033363064320574675747	1.7655076430970690903877	-254.937508	-249.233726	0.394889	1.000000
-2.8441730761815411376858	1.8870606783492755997855	1.8169521339455547703778	1.1113499554632200183590	-254.399156	-248.695374	0.394889	1.000000
-2.8622523595123179340760	1.8860463923979582379076	2.0031056090509791189902	1.1113896872601858323293	-254.687172	-248.983389	0.394889	1.000000
-2.9186386025634920571292	-0.6164234597427035167172	2.6005427690697935361186	0.6828141331722984430641	-255.080012	-249.376229	0.394889	1.000000
-2.9186386025634920571292	-0.6164234597427035167172	2.6005427690697935361186	1.1660100451688977241105	-255.080012	-249.376229	0.394889	1.000000
-3.0552956599100142831560	2.2044691502265214566592	2.7151565131101058625518	1.0729710775618848117574	-255.902058	-250.198276	0.394889	1.000000
-2.8983552781413863819182	3.5239000080352722577004	2.4750547521543833084934	0.1730577411535910159479	-254.599707	-248.895924	0.394889	1.000000
-2.8451242744576403786994	3.4825541282925849273511	2.4888581023409881431974	0.1718680102903787088042	-254.359182	-248.655399	0.394889	1.000000
-2.8451242744576403786994	3.4825541282925849273511	2.7513995880343018463066	0.1718680102903787088042	-254.359182	-248.655399	0.394889	1.000000
-2.8885819551994247333937	-0.6830061875307769092558	2.1129841147570411763468	1.0800996562233577957812	-254.602063	-248.898280	0.394889	1.000000
-2.9802120535151139790742	2.1177280320542655189797	2.8286638030276076705150	0.9033025982048605850849	-255.129212	-249.425430	0.394889	1.000000
-2.8398479526666280392533	2.9538922413846036008067	1.9703890380058826092835	0.0420764469354403328194	-254.361603	-248.657821	0.394889	1.000000
-2.9000153000124018198846	-0.1223406606077618863360	2.6169867697983022480912	1.2560138834438498989243	-254.648601	-248.944818	0.394889	1.000000
-2.8323345500334342617066	-0.8862352648814655342591	2.4540057523713758591555	0.3694937751076258214411	-254.505360	-248.801578	0.394889	1.000000
-2.8323345500334342617066	-0.8862352648814655342591	2.4540057523713758591555	0.3694937751076258214411	-254.505360	-248.801578	0.394889	1.000000
-2.8323345500334342617066	-0.8862352648814655342591	2.5849502832674189356510	0.9532153680564614539605	-254.505360	-248.801578	0.394889	1.000000
-2.8323345500334342617066	-0.8862352648814655342591	2.5849502832674189356510	0.9532153680564614539605	-254.505360	-248.801578	0.394889	1.000000
-2.8366301992262386022503	-0.8864762598671811488771	2.6291804670885379202616	0.9532248083566350338458	-254.386033	-248.682251	0.394889	1.000000
-2.8413865149834673928808	-0.8888707156100001949284	2.6286385945902965843857	1.2666263294565121011459	-254.403503	-248.699721	0.394889	1.000000
-2.7151570391867974052502	-0.7722165629221372507018	2.2918612968808997898407	0.7203398266542494488007	-255.419046	-249.715264	0.394889	1.000000
-3.0193129416206914150678	-1.1326015872860224487084	1.5353334211125790886854	0.6768727350394777575460	-255.757142	-250.053359	0.394889	1.000000
-3.0908981658140417536629	-1.1366176694444130035322	2.2724112137432395108760	0.6770300537529115869617	-256.267786	-250.564003	0.394889	1.000000
-2.9789772621217451842313	0.8217694700432649490551	2.4153475050058572648481	0.6389996957574589631079	-255.084110	-249.380327	0.394889	1.000000
-2.9557366437478838072650	0.8263861911464966958363	2.2531497120706687198322	0.1509730033395361714632	-254.912765	-249.208983	0.394889	1.000000
-3.0606171107178958834538	0.6382001616948325128931	2.2357745533746036237233	1.2878113356997362703993	-256.010832	-250.307049	0.394889	1.000000
-2.9254121629047267205692	-0.8205560218047345255599	0.7968785195372627416788	1.5834492269147817378183	-255.252706	-249.548924	0.394889	1.000000
-2.8580309979339086901007	0.0466508367905400511688	0.8615220472904380200063	1.9170051837312260811785	-254.644782	-248.941000	0.394889	1.000000
-2.8580309979339086901007	0.0466508367905400511688	1.7661307370752850065543	1.9170051837312260811785	-254.644782	-248.941000	0.394889	1.000000
-2.9827724815890173104549	2.1633426202330507948091	1.9671271881496590339111	1.1440890149645002171752	-255.172478	-249.468696	0.394889	1.000000
-2.9827724815890173104549	0.9355742565444504776906	1.9671271881496590339111	1.1440890149645002171752	-255.172478	-249.468696	0.394889	1.000000
-2.9813021131623589354831	1.0933370404580862178534	1.9682289450361381000221	0.6785653839846941259850	-255.112547	-249.408765	0.394889	1.000000
-2.9081928757859167866684	-0.9309997483233368731348	0.9934411229115606145612	0.8018257612991392946356	-254.802845	-249.099062	0.394889	1.000000
-2.8461293059642338576509	-1.5905177236072307600523	1.1392576682507433716296	0.2891021045890798113476	-254.367329	-248.663546	0.394889	1.000000
-2.8461293059642338576509	-1.5905177236072307600523	1.1392576682507433716296	0.2891021045890798113476	-254.367329	-248.663546	0.394889	1.000000
-2.9850723603455788790484	-1.0142502042567904663173	1.1469207721614917971920	0.1745018090257612619620	-255.173917	-249.470134	0.394889	1.000000
-3.0870684799180327928525	-0.8576721743375614881444	1.1615202334924488170032	0.1177327132131828213435	-256.219803	-250.516020	0.394889	1.000000
-3.2543778363075950288419	2.9944236438832914082298	1.0913668532939457822550	0.2140210812897590519910	-258.159865	-252.456083	0.394889	1.000000
-2.7030066439243847220553	3.7834253987842902944294	1.6779647442865857076555	1.4264736408516718313422	-255.836659	-250.132876	0.394889	1.000000
-2.7030066439243847220553	3.7834253987842902944294	1.6779647442865857076555	1.1457547431207315558055	-255.836659	-250.132876	0.394889	1.000000
-2.7146196656843706307427	3.7775790950349188435098	1.6766417082573541463830	1.9109559765783719065269	-255.414192	-249.710409	0.394889	1.000000
-3.1344951898907531528948	3.7775790950349188435098	1.6766417082573541463830	1.9109559765783719065269	-256.347502	-250.643719	0.394889	1.000000
-3.0805883700176712736152	2.2962042066963448405659	1.6738078976473680370418	1.9004511637607865992550	-256.212427	-250.508645	0.394889	1.000000
-2.7839659660028517329522	2.4278255241654735918644	2.0027904771597202504552	1.5131101158918698335043	-255.544385	-249.840603	0.394889	1.000000
-2.7457919331580158406325	2.4299671679746466246286	1.6097312644221373201248	1.5130262230242927934398	-255.591417	-249.887634	0.394889	1.000000
-2.8230272278645438532862	3.3733842129579336699408	2.7488574560887752973315	0.6708891288583826995051	-254.691650	-248.987867	0.394889	1.000000
-2.8230272278645438532862	3.3733842129579336699408	2.7488574560887752973315	0.6708891288583826995051	-254.691650	-248.987867	0.394889	1.000000
-2.8230272278645438532862	0.0215503829655481204952	2.7488574560887752973315	0.6708891288583826995051	-254.691650	-248.987867	0.394889	1.000000
-2.7312999123193115735830	0.6232607794325403238744	1.5085663217419669202002	1.1351853180668003417964	-255.266376	-249.562594	0.394889	1.000000
-2.8065535936247765214091	2.6912535492419138449804	1.5125223087771144658831	1.1498499901400061062873	-255.142860	-249.439078	0.394889	1.000000
-2.8170661267697232332807	1.7209854729343849744083	1.2875130112946884253233	1.0169803085018733757039	-254.890266	-249.186484	0.394889	1.000000
-2.8844755194555129484968	3.3739259428603625146081	2.2137133675985221081817	0.5361639009382256348957	-254.597940	-248.894158	0.394889	1.000000
-2.8209894429870128185200	1.8607826203489286065462	1.9694085972852373167541	0.2813344354154689863634	-254.793296	-249.089514	0.394889	1.000000
-2.8734381994950344285655	2.6940437527729010902533	2.1983676562369209861458	0.2873006179262668768892	-254.621610	-248.917828	0.394889	1.000000
-2.8848466086221575821469	2.6883004564601296060289	2.1970679310987657473220	1.0390195861919906406001	-254.600356	-248.896573	0.394889	1.000000
-2.9841360244452546091054	-1.5548335002848432395695	2.7100106675139516987372	1.1826111723659353813787	-255.160096	-249.456314	0.394889	1.000000
-3.0200491558783530976484	2.3221843501690591082820	1.4440948776995969904391	1.1685556338091340755625	-255.761890	-250.058108	0.394889	1.000000
-3.1090082888571246577669	2.2767555443551938942903	2.0992260297853464479090	0.8016341260604874507933	-256.069491	-250.365709	0.394889	1.000000
-2.7277205093902368027159	2.4694929139791841343765	2.8081238502843199889014	0.7339524163683024404747	-255.297415	-249.593632	0.394889	1.000000
-2.7283966238094676803883	2.4691525400140053037035	2.8080468226376820162216	0.9554003970133884138249	-255.269957	-249.566175	0.394889	1.000000
-2.6679910470289494028862	1.5868473886966336650062	2.3068053463556541515800	1.3476672410334129548204	-257.088625	-251.384843	0.394889	1.000000
-2.7218621480858260497371	3.1229642023679264895009	0.7252140790242972423485	1.5500643218068546058674	-255.341486	-249.637704	0.395730	1.000000
-2.8903614594598550091575	-0.5854897514822893223041	1.9004244594006802770991	1.4645534796136876476425	-254.565988	-248.862205	0.395730	1.000000
-2.8912874025620349804910	0.2636526713758914342023	1.9002931796064108649347	1.5285120104991498646285	-254.590076	-248.886293	0.395730	1.000000
-2.8823539872550059115497	0.2668875240401469284279	1.9015597551885061733401	0.9114458889608904046398	-254.588212	-248.884430	0.395730	1.000000
-2.7316134158534510767424	-1.5459976190131625717328	2.6096919840114063404712	1.9743832691048597283157	-255.267875	-249.564093	0.395730	1.000000
-2.8561417705897818031247	-1.6018478178872914696740	1.5229158410186105498951	1.0262761520884884358651	-254.566771	-248.862989	0.395730	1.000000
-2.8561417705897818031247	-1.6018478178872914696740	1.5229158410186105498951	1.0262761520884884358651	-254.566771	-248.862989	0.395730	1.000000
-2.7764307624164241694587	-1.7131633312534311208708	0.5872549992015531072909	1.1127157062436088263979	-255.669012	-249.965230	0.395730	1.000000
-3.0141321807909706720352	2.2910723470250342614918	2.5450567980442868609714	1.4273764704962770277774	-255.632545	-249.928763	0.395730	1.000000
-2.9580255684887064582256	2.2947318570740362631000	1.9172535448610301678229	1.3851834493243784240946	-254.918218	-249.214436	0.395730	1.000000
-2.7912176195967948189036	3.8207075110815296170585	0.9119192552189721023836	0.7031775274150745547175	-255.411563	-249.707781	0.395730	1.000000
-2.8905721195528277789322	0.9246494923201465931939	1.0747148164961690675057	1.4099460908364189748454	-254.566468	-248.862686	0.395730	1.000000
-2.8905721195528277789322	0.9246494923201465931939	2.7178179893283394008563	1.4099460908364189748454	-254.566468	-248.862686	0.395730	1.000000
-2.8220134423398404166505	1.2745858620612238176761	1.8061987141926527655755	1.4109019381917986546426	-254.684246	-248.980463	0.395730	1.000000
-2.7522373569040836649435	1.2834322390038677141888	1.1893812620779193878207	0.3699511363426295496026	-255.706426	-250.002643	0.395730	1.000000
-2.7391917025732483992329	1.0595071835471476795476	1.1895717030355714705081	0.0147001098004957975185	-255.431919	-249.728137	0.395730	1.000000
-2.9841788409838994056145	-0.6940764213425969497706	2.5483721680075479554262	0.0029595107978244664798	-255.160096	-249.456314	0.395730	1.000000
-2.9841788409838994056145	-0.6940764213425969497706	2.5483721680075479554262	0.0029595107978244664798	-255.160096	-249.456314	0.395730	1.000000
-2.8898520756960737188024	2.2781354791295318484856	2.4032663249990884324347	1.4657031263771607143553	-254.613726	-248.909943	0.395730	1.000000
-2.8707634289952475015184	1.7338289665076405121624	2.4019728475858461713699	1.4631233982163629470108	-254.660644	-248.956862	0.395730	1.000000
-2.8782075807445965942577	1.7351959365706226545711	2.5559744379142128600790	1.0424019106746296170485	-254.588512	-248.884730	0.395730	1.000000
-3.0031836707680068521142	-1.1738997054847448708870	1.6400977529478679706187	0.4869151612725887146027	-255.518637	-249.814855	0.395730	1.000000
-2.9607655887251769222246	-1.3868084021888358314811	1.0065120138679479744326	0.0294445692268984551832	-254.908750	-249.204968	0.395730	1.000000
-3.1266903597230113476257	-1.9093774090558073286417	1.6496355974765228857848	0.0163435063610890343733	-256.243458	-250.539676	0.395730	1.000000
-3.1467829353594027885777	-1.6838809134839456405075	1.8532948913998308348994	0.1332869186608481304468	-256.459753	-250.755970	0.395730	1.000000
-3.1467829353594027885777	-1.8799937847329628581861	1.8532948913998308348994	0.1332869186608481304468	-256.459753	-250.755970	0.395730	1.000000
-3.1649924877795805322478	-1.8865875920436967483340	1.8507131492929647098578	1.3910923044717125041103	-256.560030	-250.856248	0.395730	1.000000
-3.0219826159697138479032	-1.3412174690546621036447	1.5157088640999860640335	1.7162422085423332251963	-255.792506	-250.088724	0.395730	1.000000
-3.0005688441574895897190	-0.6751840717055866969432	0.9462947986010412648739	1.7168211087459881447614	-255.489764	-249.785981	0.395730	1.000000
-2.8717579782016922074206	0.3727278489151703011473	1.4664728236200803568323	1.9605506049547190006166	-254.630799	-248.927016	0.395730	1.000000
-2.9079713983764894358330	-0.9150348398919493364545	1.3675148056164962984127	1.6984491243681452132819	-254.762087	-249.058305	0.395730	1.000000
-3.0768061064283105388029	2.9239480770150585442479	0.6053494781781155742451	0.9739079305276698850236	-256.188147	-250.484364	0.395730	1.000000
-3.0768061064283105388029	2.9239480770150585442479	0.6053494781781155742451	0.9739079305276698850236	-256.188147	-250.484364	0.395730	1.000000
-3.0233952298389561441638	3.3276165401095911811069	0.7851064318625938787122	0.8763219727632813871310	-255.830889	-250.127106	0.395730	1.000000
-3.1687079247212253108046	3.3172453801357759672896	2.3769853210769840146099	1.1911643844425230387429	-256.445015	-250.741232	0.395730	1.000000
-3.0070229751866461853638	3.3272687199476984609703	0.5478764430135365515184	1.1898032956028512518998	-255.528226	-249.824443	0.395730	1.000000
-3.0070229751866461853638	3.3272687199476984609703	0.5478764430135365515184	1.1898032956028512518998	-255.528226	-249.824443	0.395730	1.000000
-3.1252957739903028944184	3.3289636521613448216783	1.2066703308706905328762	1.1887991720542836482366	-256.238536	-250.534754	0.395730	1.000000
-2.8960253778401523483410	-0.3310374005609415526408	1.2785587162258795768111	1.5435682745493901624201	-254.560804	-248.857021	0.395730	1.000000
-3.0515285145570203440002	0.7709637837428843232246	1.5311753770406122399095	1.2904676827333787514362	-255.827292	-250.123509	0.395730	1.000000
-2.8729953154590264219337	1.9473177545992406134445	1.4415758595554346577217	1.2640436042096880875363	-254.623518	-248.919735	0.395730	1.000000
-2.8729953154590264219337	1.9473177545992406134445	1.4415758595554346577217	1.2640436042096880875363	-254.623518	-248.919735	0.395730	1.000000
-2.7988887728706930424494	-0.7818059154814137601264	0.5480090683429176268149	1.1053187385190303970717	-255.300507	-249.596725	0.395730	1.000000
-2.8388874791966429711465	1.9932245702526758535100	0.5507194450397262519559	1.1107243490225799931181	-254.356632	-248.652850	0.395730	1.000000
-2.9608971295384880484391	2.2101476308988776686704	0.5589870152550602266928	1.3636071982715145534115	-254.920916	-249.217133	0.395730	1.000000
-3.1216898240707706690955	1.4049827962683500981456	0.5076078158500183512558	1.6962780642123296281909	-256.188878	-250.485095	0.395730	1.000000
-3.1937671279786776779019	2.8646255071244648426898	0.8782553152190333278782	1.2256458326328776298197	-256.609072	-250.905289	0.395730	1.000000
-3.1927317056859414456937	-0.3969954397628935316433	0.8784021169234279557969	1.1541251435823660642654	-256.567953	-250.864170	0.395730	1.000000
-3.0098472374168121490356	-0.3904229523208365693066	0.8065266720883209616844	1.1566597313660653689738	-255.558013	-249.854230	0.395730	1.000000
-2.9886002488568896851007	-0.3902515653192802358440	0.8083163363467066320212	1.2768174717690798924963	-255.222654	-249.518872	0.395730	1.000000
-2.8758059120371344263845	-0.2196773199152815547741	0.7981468358429372189633	1.3688079217556430311475	-254.599382	-248.895599	0.395730	1.000000
-2.8854416724756899448323	0.4782039839337297593147	0.8018700993668200771580	0.3599756469979560891126	-254.609076	-248.905294	0.395730	1.000000
-2.8939999345418754295167	0.4751049769028563019013	0.8006567128415487122339	0.9511284590846861286551	-254.579605	-248.875823	0.395730	1.000000
-2.8119432570437892238147	2.8571484848018147140181	0.9704808005036742457605	1.7264744655236958781330	-255.020408	-249.316626	0.395730	1.000000
-2.9274055056065169111434	1.6634727275130052337460	0.9768246674703618959157	1.6019375866840597222307	-255.269288	-249.565506	0.395730	1.000000
-2.9497884489439192279292	1.6461715157162444267414	0.9507876869227827043574	1.5992796612029860359172	-255.009831	-249.306048	0.395730	1.000000
-2.9454058325862968459319	-0.5878109882029591837238	0.7857307372759420038832	1.6517993337335137304933	-255.148349	-249.444566	0.395730	1.000000
-2.9163991175931243127195	1.1269656761927659971434	0.6799447587447227103752	1.3929476151150073093277	-255.016195	-249.312413	0.395730	1.000000
-2.8523024661870537421748	1.6063499369516678338954	0.7001087102418900309786	1.5599933735230258058380	-254.531438	-248.827656	0.395730	1.000000
-2.8978149786290270384370	2.9041243321830920720572	0.7031927113125924222459	1.5661441453328541761891	-254.596237	-248.892455	0.395730	1.000000
-2.8978149786290270384370	2.9041243321830920720572	0.7031927113125924222459	1.5661441453328541761891	-254.596237	-248.892455	0.395730	1.000000
-2.6859283530216182533934	0.9395380716377159657782	1.6582161759972695591614	1.6989641530911505640233	-256.370492	-250.666710	0.395730	1.000000
-2.7337740539656905092158	0.9124918193446214242925	1.6676430464578801959874	1.7241881584371110402998	-255.308683	-249.604900	0.395730	1.000000
-2.7731136526174022804980	3.8098695470046952671339	1.7622699328395918794143	1.3988831964989816292189	-255.665110	-249.961328	0.395730	1.000000
-2.8202628131132274624804	3.2226666673920001393583	1.2320780003233411381558	0.8810463129783170366238	-254.792990	-249.089207	0.395730	1.000000
-3.1831808329394823964265	3.3271547222760462503288	2.5981025374426920393489	0.9271588276922612115172	-256.431711	-250.727929	0.395730	1.000000
-2.8597349088166237329744	1.9506128272024483294445	2.7231126981970721345760	1.5302338552427059426009	-254.614113	-248.910330	0.395730	1.000000
-2.8597349088166237329744	1.9506128272024483294445	2.7231126981970721345760	1.6371966987105177615547	-254.614113	-248.910330	0.395730	1.000000
-2.7282762512870539772791	2.9413738486975211650076	1.2359477006026984291509	1.6360900594583376310709	-255.296624	-249.592842	0.395730	1.000000
-2.8900516987310136407530	2.9345646504578946078823	1.7525325169566381422470	1.7579384337494110557287	-254.568914	-248.865132	0.395730	1.000000
-2.8581436071664247933199	1.0258843419409304775769	1.5526405148335578054741	1.8474281255664455336785	-254.644782	-248.941000	0.395730	1.000000
-2.7563936609033836688809	1.4110287645005561429912	1.5457457747635778844142	1.8336771663785915720268	-255.766901	-250.063119	0.395730	1.000000
-2.8747442256021473738770	1.4069114861126821303117	1.1229324574916779155842	1.8319206756316910311710	-254.588824	-248.885041	0.395730	1.000000
-2.8242304667425583986073	-0.6238304077872014463679	1.1583467084842746785966	1.5740394686761736142699	-254.622961	-248.919179	0.395730	1.000000
-2.8418738236671470254180	0.0385246058529378210267	1.2095459765353901993024	1.4951783466098289565593	-254.338187	-248.634404	0.395730	1.000000
-2.9654391352542752713362	3.5619490206448167768372	2.3333716374114934488659	1.5118775353472508893304	-254.996072	-249.292289	0.395730	1.000000
-2.7705986435109561938361	3.5756721114861020893727	2.3517585045348163852452	0.0488902861530427571002	-255.675200	-249.971418	0.395730	1.000000
-2.8260620324445131501534	-1.8813520729300863276734	2.1851982654896779934006	0.0909711011872475910911	-254.604740	-248.900958	0.395730	1.000000
-2.8344347716500912781612	-1.6426061550288699741884	2.1857656157696179199945	1.9640983345155638151169	-254.426802	-248.723019	0.395730	1.000000
-2.8909560859877911909166	-1.6461100825240020384399	2.3806603511294563979561	0.3094303320070178608958	-254.584003	-248.880220	0.395730	1.000000
-2.8780364598339414072825	-1.9094774718277383040999	2.5304199132998492771662	0.8886942644261586199406	-254.589045	-248.885262	0.395730	1.000000
-2.8780364598339414072825	-1.9094774718277383040999	2.5304199132998492771662	0.2746090129738594232123	-254.589045	-248.885262	0.395730	1.000000
-2.8107248603380461382528	-1.9053046218687685886550	0.5084743475155135694621	0.2740423735487425571655	-255.043670	-249.339887	0.395730	1.000000
-2.9117082915646803620291	0.9742048658930309024129	2.0688506895391496342995	0.2876897423429931599514	-254.916907	-249.213124	0.395730	1.000000
-2.7707184626307790331623	-0.0168508844414611003160	2.5620742467932382524509	0.4592869778367365540817	-255.678135	-249.974352	0.395730	1.000000
-3.0136976455727255697070	3.6768564640571628210353	2.1320494885794278872027	0.4493604871604631734172	-255.630186	-249.926403	0.395730	1.000000
-3.0450223328868095684641	3.6737561731049832580709	2.4422069735028211212580	0.7162029306031332254179	-255.827334	-250.123552	0.395730	1.000000
-2.8115457674943606924955	3.8277706209436832551773	1.3234947167846682347658	0.0645842666235846712963	-255.050215	-249.346432	0.395730	1.000000
-2.7498411235554334197673	0.3905663190264654360817	1.9795018296842452620865	0.0488051898727551725088	-255.653317	-249.949534	0.395730	1.000000
-3.0412842504525201547949	3.2343816050411886564575	1.1509566259213070971157	0.6047539459939567096924	-255.893992	-250.190210	0.395730	1.000000
-2.8194959125411602762767	0.9209083030762246213641	2.5099188644326595465373	1.0973815068865344635185	-254.792641	-249.088859	0.395730	1.000000
-2.7831426363655724642854	-1.2061371521197594702812	2.0891822311070118445286	1.0957783089105104235017	-255.614305	-249.910523	0.395730	1.000000
-3.0729181416963027295708	3.6748335036607659986885	2.3672909835860163063614	0.9127921050099365718467	-256.163470	-250.459688	0.395730	1.000000
-2.9665987171619407902767	1.7504838865480725207391	2.4917288247739555195892	1.9039267176064731401652	-254.967928	-249.264145	0.395730	1.000000
-3.0640615253228373759953	2.5737326063226850791921	1.8611157534730038420889	0.5460545895469723909343	-256.048237	-250.344455	0.395730	1.000000
-2.9335326918382649274974	-0.7986770948828021410293	1.8700941497292333792757	0.9786637636949517826679	-255.201523	-249.497740	0.395730	1.000000
-2.8499989805038934420622	-0.7934985870695169252187	0.9250942999651626807989	0.9779605640306610059298	-254.475787	-248.772004	0.395730	1.000000
-2.8805787794421302550063	0.0784743703444741314001	0.9271664363427715160881	1.8728163180244692398446	-254.580327	-248.876545	0.395730	1.000000
-2.8628621805155214374849	0.9026543013344305865786	0.9271150364311951941332	1.8476219252530123871026	-254.673927	-248.970145	0.395730	1.000000
-2.8484954639614832316852	-0.7092773458681040921192	0.5667054688631432135537	0.3872378545281388584343	-254.397307	-248.693524	0.395730	1.000000
-3.1559387039297681631922	0.7955599329757248039385	1.9630460704178482878035	0.3021331601087046681009	-256.579834	-250.876052	0.395895	1.000000
-3.0864152326815998961251	-1.2512875601482862375491	2.5800690188424382220944	0.2901004987619117403419	-256.204938	-250.501156	0.395895	1.000000
-2.8769774082803531989327	0.6195428118151342644637	2.5974295860049245732171	0.2918042186887842559528	-254.587890	-248.884107	0.395895	1.000000
-2.8773683128851579304808	0.6195170692288499703082	2.4036447451243678763433	0.2917478516433995583412	-254.587737	-248.883955	0.395895	1.000000
-2.7489181893947907120435	2.0969081293780607033739	2.2429271160735964052435	0.6770148641431712466243	-255.649657	-249.945874	0.395895	1.000000
-2.8872745330659776996640	0.3475693583939257202964	1.3362944575736073193895	1.9510595797364032044641	-254.591069	-248.887286	0.395895	1.000000
-2.8887414770776222994186	0.3907578042364771575556	1.3364112524937339365749	1.9513134686776474335801	-254.601713	-248.897931	0.395895	1.000000
-3.0795821974788668562439	1.6530493550507745492695	2.3433682382351697093270	1.6533555059249613883310	-256.213488	-250.509706	0.395895	1.000000
-3.1223272422266381553868	1.4924369707031281961918	0.7853192181619740308562	1.7976953142180043254683	-256.196509	-250.492727	0.395895	1.000000
-3.1223272422266381553868	-0.9504628595124642309599	0.7853192181619740308562	1.7976953142180043254683	-256.196509	-250.492727	0.395895	1.000000
-3.1923061051198811099994	-0.9550712393933059596307	1.6324075032832490173007	1.7876046125680573606331	-256.579692	-250.875909	0.395895	1.000000
-3.1923061051198811099994	-0.9550712393933059596307	1.6324075032832490173007	1.7876046125680573606331	-256.579692	-250.875909	0.395895	1.000000
-2.9348895823111011971207	-0.9460420372148983236826	1.5189146677156175613277	1.7912038398903140645757	-255.156840	-249.453058	0.395895	1.000000
-2.9720986344949684720973	0.4677667532296985730689	1.5094149507839640378393	0.6264243236384214874590	-254.973679	-249.269897	0.395895	1.000000
-3.0206296288948273343067	2.0604029001326322756427	1.5132788839467901098601	0.6348237463075246944655	-255.792258	-250.088476	0.395895	1.000000
-2.7484213356324884713899	2.3844476831182346288074	1.6154351568330054256251	1.2812214879956582702647	-255.612692	-249.908910	0.395895	1.000000
-2.7817848369260538277103	0.4271738480740803201030	1.6953913226085530752130	1.3262623469532550668504	-255.613689	-249.909906	0.395895	1.000000
-2.6728632600697803667344	3.1432451184982332925699	0.9389847440441282389045	1.3271387956151854403686	-256.886294	-251.182511	0.395895	1.000000
-2.6728632600697803667344	3.1432451184982332925699	2.7486304791759916810179	1.3271387956151854403686	-256.886294	-251.182511	0.395895	1.000000
-3.1996507675764775946448	2.8148812972846219970791	2.9941722391980758466445	1.3455514234564640574376	-256.811770	-251.107987	0.395895	1.000000
-3.1996507675764775946448	2.8148812972846219970791	2.9941722391980758466445	1.3455514234564640574376	-256.811770	-251.107987	0.395895	1.000000
-3.1705304255652202449767	3.4554051921183042139774	2.3814146147301618050562	1.3566170049942858355507	-256.434257	-250.730474	0.395895	1.000000
-3.1794919238832117791560	-0.4301346768039235324288	2.1031693718497348477570	1.1347277803443083232793	-256.376063	-250.672280	0.395895	1.000000
-3.0737362055271764127440	-0.7908500450426203531862	2.8396249430994444651333	0.8907075920118446843432	-256.140143	-250.436361	0.395895	1.000000
-2.9385938035012553193326	-1.7141006326684131710891	2.1427208048906183357474	0.5814512992382316891593	-255.162167	-249.458384	0.395895	1.000000
-2.7206920563922118994071	-1.8545235946641440705207	2.9866294402200832536209	1.9157461573573548729854	-255.336541	-249.632759	0.395895	1.000000
-2.7768230306097660964326	-0.1706597428892217549468	1.3060605363091277730803	1.3525384974062684140250	-255.719494	-250.015711	0.395895	1.000000
-2.9436376286754950548641	0.3462132771682976950522	1.3667954489207987389676	1.3984936137193912930599	-255.147788	-249.444006	0.395895	1.000000
-2.9433124757215050060211	0.1167568146350542873657	1.3635645940851948143546	1.0920002450973769203557	-255.161962	-249.458180	0.395895	1.000000
-2.8820113894148793320937	-1.7375177376165373832606	1.3606218985474742844133	1.2666856506085371059100	-254.581402	-248.877620	0.395895	1.000000
-2.8961461536195001187366	-1.1468613806410776767564	1.3549153706600802760107	1.1405423440753421626681	-254.559752	-248.855969	0.395895	1.000000
-2.7720283569358996622611	-1.5972142711832999495414	1.8524378496044338060500	1.1496319534787469152093	-255.682583	-249.978801	0.395895	1.000000
-2.8451854227796649077220	-1.5996792353886017945541	1.8463737675379685576615	1.1490368405796043127509	-254.358551	-248.654769	0.395895	1.000000
-2.8451854227796649077220	-1.5996792353886017945541	1.8463737675379685576615	1.3765453612474578548586	-254.358551	-248.654769	0.395895	1.000000
-2.9665319498766047345839	1.7363686872888257628489	1.9524297518147939456412	1.3950039829522740131296	-254.959259	-249.255476	0.395895	1.000000
-2.9702928590726989099835	1.7786934618783925010632	1.9571672066546637047679	1.8199880677104900428276	-254.988406	-249.284624	0.395895	1.000000
-3.0072876590460770884761	3.4721578932287413543634	2.4157611436322428133394	0.8354581538718410804734	-255.547703	-249.843920	0.395895	1.000000
-2.8866638053277506870131	3.4772414277021077566587	0.9068347949684566478012	0.2263584772470192962857	-254.622310	-248.918527	0.395895	1.000000
-2.8857648120213195142014	3.4778722153832877239665	0.9057023719376143811033	0.1247719119733235459968	-254.614312	-248.910529	0.395895	1.000000
-2.9147412296991750402242	3.4759640057507703581052	1.2564594855125816863506	0.1205936162196821481718	-254.976009	-249.272227	0.395895	1.000000
-2.7249778608013426328682	3.1238355095642735825834	2.2044310552997297136812	0.8427256354410884719996	-255.323062	-249.619279	0.395895	1.000000
-2.7735685016268512015358	1.7499762538674170642139	2.0412839787422951687290	0.7721875110245357554106	-255.664657	-249.960874	0.395895	1.000000
-2.8241437230422499204963	1.7466456791309370455423	2.6534928059099538444343	0.7648947450508822853976	-254.624268	-248.920485	0.395895	1.000000
-2.8348027476697943427553	2.6771370103870424372872	2.7999438710286925768855	0.1320804626938675563341	-254.471542	-248.767760	0.395895	1.000000
-2.8415573336732165010687	-0.5669625463458357605973	2.8817075699197691740494	0.1311064755595892916684	-254.339009	-248.635226	0.395895	1.000000
-2.8682263563585705945513	-0.5678611360521284012748	2.8794969407709487541069	1.1187823298683268191667	-254.687879	-248.984097	0.395895	1.000000
-2.7980208767945655701226	-0.4089499974824650774252	2.8401918435215196545585	1.5283088466940588645571	-255.327671	-249.623888	0.395895	1.000000
-3.1165052864470332849578	-1.1968772058950869485727	2.5548281114264583813167	1.4494678727381784533179	-256.091688	-250.387905	0.395895	1.000000
-2.9792338998369598535021	-1.5486813348673360568597	1.1318358036837576907629	0.4559322418237319873846	-255.077917	-249.374134	0.395895	1.000000
-2.9792338998369598535021	3.1865512027134670347550	1.1318358036837576907629	1.6557255507677850481230	-255.077917	-249.374134	0.395895	1.000000
-3.0367877985169600130178	-1.0764378542380059755601	1.0821655012980102572584	1.5379683137449049468160	-256.008880	-250.305097	0.395895	1.000000
-3.0367877985169600130178	-1.0764378542380059755601	0.5404968596218729937064	1.5379683137449049468160	-256.008880	-250.305097	0.395895	1.000000
-3.0586630983169746933470	-0.4324049578199342658280	1.2072006993188248991089	1.5417543455644837635532	-255.968840	-250.265058	0.395895	1.000000
-2.9801687502135529861391	3.3220904503780412930780	0.8434694803683349118018	1.2870894080991392982583	-255.127857	-249.424075	0.395895	1.000000
-2.9801687502135529861391	3.3220904503780412930780	0.8434694803683349118018	1.2870894080991392982583	-255.127857	-249.424075	0.395895	1.000000
-2.9273392147976022847899	-0.6226451203317466820408	0.8404426318651339045118	1.3907050653407022622332	-255.269288	-249.565506	0.395895	1.000000
-3.1836618150444548902556	2.7811240059373276700683	0.8380100057672131841358	1.4095990804023410536416	-256.426277	-250.722495	0.395895	1.000000
-3.2402854957700917282182	1.7521479299918094607591	1.1845586493781437020800	0.8649019642359249138153	-257.995254	-252.291472	0.395895	1.000000
-3.1532206850302135769937	2.2472000943449086385328	0.9105586787949020433075	1.1372752245339847743111	-256.544713	-250.840930	0.395895	1.000000
-3.1408812876694445215264	-0.7278656771213889431493	1.7303535019244948855999	0.1716203351692111578330	-256.471026	-250.767243	0.395895	1.000000
-3.1652299814130158139847	-1.2353834575120308247875	2.3235358684930087491693	0.4957038856577418162175	-256.565841	-250.862058	0.395895	1.000000
-2.6814398339973553042626	-0.9127398745965537019131	2.5379579738822966028522	1.4156081715907988805014	-256.510970	-250.807187	0.395895	1.000000
-2.6827282716110172344770	-0.9106501235468100752257	2.5336700449894036246690	0.8025586839406602113201	-256.453018	-250.749236	0.395895	1.000000
-2.6827282716110172344770	-0.9106501235468100752257	2.5336700449894036246690	0.8408279967000122923082	-256.453018	-250.749236	0.395895	1.000000
-2.7251768942434875242498	-0.4132327629925584555615	1.3779211978230512247734	0.4740129842540383164895	-255.325743	-249.621960	0.395895	1.000000
-2.7348017985837667076510	-1.6417097343127946551533	1.3845208044077721432075	1.0334184764533891343063	-255.307937	-249.604154	0.395895	1.000000
-2.7401125224364610843963	-1.6454360570345143433002	1.3912104938172604740032	0.2099052235599598859039	-255.443491	-249.739709	0.395895	1.000000
-2.6611387352531337135986	-1.9344531010879397747715	2.8226215568412098555484	0.2030230192486703888477	-257.462579	-251.758796	0.395895	1.000000
-2.8106209292903687746445	-1.7042763878719342507395	2.9149445463700720537759	1.1347237445240550002268	-255.041104	-249.337322	0.395895	1.000000
-2.8087987722689122804809	1.9069334781907074649610	2.3290074689712341182712	0.6991378188100216828360	-255.080265	-249.376482	0.395895	1.000000
-2.8297967167673863109201	2.3700371070208885448949	1.9850875288040461530414	0.2144050850065388480470	-254.549200	-248.845417	0.395895	1.000000
-2.8362340946265613972344	0.2878995321324033795918	1.9939161955878885734705	1.0106515450318698245979	-254.386434	-248.682651	0.395895	1.000000
-2.8379034073450100095215	0.2867282421002064762838	1.9960189567036008551071	1.8046578804456512301613	-254.435133	-248.731351	0.395895	1.000000
-2.8379034073450100095215	0.2867282421002064762838	2.8514849101996841973516	1.8046578804456512301613	-254.435133	-248.731351	0.395895	1.000000
-3.0368055582410566906049	1.2383526976162539945392	1.1433963301109544286049	1.8136489613654096508810	-256.008880	-250.305097	0.395895	1.000000
-3.0347171547625699794537	1.2398180468887556315849	1.1407656584698968593727	1.5776586210954912647964	-256.012352	-250.308569	0.395895	1.000000
-2.8281638269119118156425	-0.8981460095716023994683	0.8023548301971183960291	0.7882850633182436617119	-254.536184	-248.832401	0.395895	1.000000
-2.9092855311466081502658	1.5866739786817019020049	0.8050354473077938610714	0.4410871584289069446960	-254.825651	-249.121869	0.395895	1.000000
-2.9092855311466081502658	1.5866739786817019020049	0.8050354473077938610714	0.4410871584289069446960	-254.825651	-249.121869	0.395895	1.000000
-2.9092855311466081502658	1.5866739786817019020049	0.8050354473077938610714	0.4410871584289069446960	-254.825651	-249.121869	0.395895	1.000000
-2.8945288950361045543502	1.3805075882941411080651	2.3260954649827665363659	0.3050253668565809372915	-254.577984	-248.874202	0.395895	1.000000
-2.9682411858707471452590	1.3779509052425058523994	2.3201321048309884176319	1.7673176229305813667025	-255.024368	-249.320586	0.395895	1.000000
-2.9652902958335687344515	1.3821302230387246812171	1.3849358564497864509946	1.0585962677301408163544	-254.996072	-249.292289	0.395895	1.000000
-2.8986280098612189348728	1.3856538814303429596464	2.3901710511588438734520	0.8430021251167072460220	-254.587747	-248.883964	0.395895	1.000000
-2.9552373656760630993290	2.9366171061706873857133	2.3992067869994651019283	1.2857955760842374459685	-254.918524	-249.214742	0.395895	1.000000
-3.0431838770561405738135	2.1136868528993404403593	2.2226405846015637735036	0.6657591946714748187830	-255.907128	-250.203346	0.395895	1.000000
-3.0343725099433651593017	2.1165451921720794814519	2.4465804905737251750963	0.2324773747406858048770	-256.012902	-250.309119	0.395895	1.000000
-2.9156634620034136418099	1.4709675420618362196024	2.4626978849486964584514	1.1456641621621876936388	-254.990459	-249.286676	0.395895	1.000000
-2.9156296695680783415128	1.4699726555823404705592	2.4626951944678365791219	0.3898644773487994763528	-254.990459	-249.286676	0.395895	1.000000
-2.8654648528862467493639	1.1949761240535796691375	2.6683047628582392540864	0.3065206859214916201850	-254.690971	-248.987189	0.395895	1.000000
-2.8499578467526962555212	2.9475927759289124452380	2.4480535382230503849144	0.6482366508025981799435	-254.475787	-248.772004	0.395895	1.000000
-2.8499578467526962555212	2.9475927759289124452380	0.7295044313649128309152	0.6482366508025981799435	-254.475787	-248.772004	0.395895	1.000000
-2.8255167368348961254299	2.0649722818500744203618	1.0376033153866230929196	1.2543085425960120993238	-254.600214	-248.896432	0.395895	1.000000
-2.8630417575279603070726	2.0371629568882285710174	0.7913440806119905746030	1.1523679401984558978711	-254.676239	-248.972457	0.395895	1.000000
-2.9418003338099421029028	2.0297474627119025392119	1.9749580099700052571166	1.5376603947272160510806	-255.161588	-249.457805	0.395895	1.000000
-2.9939897189499005136781	1.9970716293947352593108	2.5426240468907819192168	1.4879506211186461772655	-255.237592	-249.533810	0.395895	1.000000
-2.7288767996393143988598	-0.1605676091546252015618	1.7520126526261270427653	1.0628174216902170901022	-255.276498	-249.572715	0.395895	1.000000
-2.7261391042466822653978	-0.3439846011379231738303	1.7558197675773201673621	1.4471947400327835886458	-255.276077	-249.572295	0.395895	1.000000
-2.7402555163366235646549	0.2743433130350017568055	1.7490073309763956022067	0.6908177351626068052326	-255.442072	-249.738289	0.395895	1.000000
-3.0866249275506931759594	2.9727999929802018108660	2.3723560297459682644217	0.4272868400977608560609	-256.212398	-250.508616	0.395895	1.000000
-2.9166790768289319046858	0.2818633069854871719961	2.7383653388605591061378	0.1187896953435071123462	-255.021380	-249.317598	0.395872	1.000000
-2.8126236508843631689558	1.3979985139745458866400	1.3896532122090472505249	0.1470230588938542526378	-254.983371	-249.279588	0.395872	1.000000
-2.7619209354380176435484	-0.1165530169768398405239	1.3884707931473585507121	0.1392717176754757757440	-255.743040	-250.039257	0.395872	1.000000
-3.1736589529620413685507	1.4506236737507625100818	1.1650497850752423723009	0.5525587358346757405059	-256.387116	-250.683333	0.395872	1.000000
-3.0718409024577946198065	-1.2613357199107877448796	1.3795400582743480022430	0.2868877702944549468178	-256.114066	-250.410283	0.395872	1.000000
-2.8984046132854293098546	-1.1703868595172455258080	2.0319185790517444445413	0.8847457951469911430209	-254.599707	-248.895924	0.395872	1.000000
-2.8909037290766148586840	1.2515314982299390322851	1.7693958993011442704102	1.3781225239619641076416	-254.582661	-248.878878	0.395872	1.000000
-2.8460372517381316015417	-0.0886845305013852502896	1.7683495849653374509813	1.3712634164752013354871	-254.362960	-248.659178	0.395872	1.000000
-2.8460372517381316015417	-0.0886845305013852502896	1.7683495849653374509813	1.9026197075480297815631	-254.362960	-248.659178	0.395872	1.000000
-2.8578862500256110301677	0.8683648063332038979922	2.2810265300877974325999	1.7203944009012206439735	-254.570332	-248.866549	0.395872	1.000000
-2.7571749338774780291317	2.4212636537227392174998	1.9346349729006306894519	1.9430746489411365729438	-255.799625	-250.095842	0.395872	1.000000
-2.7534533298937224898850	2.4223348741731798305921	1.9310650207819133328258	1.7586546981608774942174	-255.713560	-250.009777	0.395872	1.000000
-2.7805623091781535016764	2.4211906717738091998626	2.2824374626335655058540	0.1370053106935269493505	-255.696368	-249.992586	0.395872	1.000000
-2.8625641854079799664134	3.2574460915601597399416	2.0082594359829744057322	0.5717346415314515928330	-254.668190	-248.964407	0.395872	1.000000
-3.1096921620061301894111	3.2440892547428470393811	2.0679716801688097227441	0.6251561578456675816184	-256.064548	-250.360766	0.395872	1.000000
-3.1096921620061301894111	3.2440892547428470393811	2.0679716801688097227441	0.8428425774591652430701	-256.064548	-250.360766	0.395872	1.000000
-3.1019709217124273870070	1.8833781609226549758063	2.0605650731612006332227	0.4602250928631075876929	-256.141227	-250.437444	0.395872	1.000000
-2.8462128547882672435776	2.8644050455463534454736	1.9401601985692580321086	0.9516409393225123691806	-254.367329	-248.663546	0.395872	1.000000
-2.7843301150686312617211	3.2207459312430293252305	1.9172187969983049971034	0.1415998215606267263134	-255.522017	-249.818234	0.395872	1.000000
-2.8102317941508938581308	-0.1858042141439790739810	1.9178228403677182178910	0.1455596243232226694175	-255.057166	-249.353383	0.395872	1.000000
-2.8759759834556746227463	-0.1320700781195714990091	1.3268878829629757731823	0.3194135266297690733950	-254.599527	-248.895744	0.395872	1.000000
-2.8267894489388107892580	2.2679942850805798748581	1.1704157822404863686927	1.3546308318730897468640	-254.620373	-248.916590	0.395872	1.000000
-2.8482220275125476049993	-1.0055513718189224015020	2.7120659819477204166560	1.0475793088564295807430	-254.390743	-248.686961	0.395872	1.000000
-2.8482220275125476049993	-1.0055513718189224015020	2.7120659819477204166560	1.0475793088564295807430	-254.390743	-248.686961	0.395872	1.000000
-2.8482220275125476049993	-1.0055513718189224015020	2.7120659819477204166560	1.0475793088564295807430	-254.390743	-248.686961	0.395872	1.000000
-2.9894967294230943011257	2.0012571836640971056909	2.0151998990157342639407	0.0151399249772544517573	-255.182536	-249.478753	0.395872	1.000000
-3.0403122152301005343134	1.9853027096118740502106	2.5351038669454948326631	1.0155003952718459903082	-255.970897	-250.267114	0.395872	1.000000
-2.8565922857777517052114	1.0657848496166646423688	1.0787549432727767673157	1.0847103933626611738106	-254.578497	-248.874715	0.395872	1.000000
-2.9562123882386903694908	3.1087232991535427295560	1.5767772585127342033218	0.1558269834865904091004	-254.919519	-249.215736	0.395872	1.000000
-2.7080618240860179213314	-0.6369099862076883500350	0.9994870302293547004169	1.4745783961601837130928	-255.710785	-250.007002	0.395872	1.000000
-2.9609433824561248727036	-0.6669119211436782546087	2.3735731467603113920006	1.4927554933342130905061	-254.920916	-249.217133	0.395872	1.000000
-3.0952011346997028162775	-0.6896645594677949242524	1.9745435799478232574700	1.1880828256325468572641	-256.233399	-250.529617	0.395872	1.000000
-3.1731328045658933056927	-1.7759248837697338974095	2.4043328513099622156801	0.9441684022168708168010	-256.390717	-250.686935	0.395872	1.000000
-3.1074931031392538649527	-1.4258612352755695162898	1.5735555755742482997306	1.2609677419613189996994	-256.025671	-250.321888	0.395872	1.000000
-2.8205720846032074078380	-1.6183253804385628882301	2.9078367787851195913618	0.8653649618170698998298	-254.797382	-249.093600	0.395872	1.000000
-2.9245387117888732575466	-1.0200088051558440227495	2.8836465532578632320337	0.8377325996757241099999	-255.236838	-249.533055	0.395872	1.000000
-2.9245387117888732575466	-1.0200088051558440227495	0.7598429956507336546778	0.8377325996757241099999	-255.236838	-249.533055	0.395872	1.000000
-2.9877716330870986993773	3.4086772925257773358965	2.0261443491863397881048	0.8074460927322875125611	-255.198152	-249.494369	0.395872	1.000000
-2.7043652640709763268489	1.3568445757651450556125	1.8076257082653173213771	0.8694287461538237060665	-255.816961	-250.113179	0.395872	1.000000
-2.7111701294830856667772	0.7297070562020373518664	2.1927102261507731562062	0.0884664059713423656106	-255.579105	-249.875323	0.395872	1.000000
-2.6851113903059351528668	-1.4880569485901948834083	2.1844985818057813808934	0.8721152441770558816359	-256.379861	-250.676078	0.395872	1.000000
-3.0285957662433751202968	2.2081267998468554480951	0.9007789500895608814091	1.0797447223761316159596	-255.908392	-250.204609	0.395872	1.000000
-2.9812773534243919293374	2.2765549100317636899149	1.6088093217494454645333	1.9040787874087095055131	-255.112547	-249.408765	0.395872	1.000000
-2.9487199283234897251305	1.5236716630569491215397	1.5130485257238357466036	0.9121818014054318135564	-255.086657	-249.382875	0.395872	1.000000
-2.6592075346827628301583	3.1754666686864134739210	1.0473639886472099203019	0.6128735374005647162932	-257.447789	-251.744007	0.395872	1.000000
-2.7178289412969802718578	3.0244930049267710892025	2.0585933322128608935486	0.6481723926551993253398	-255.368885	-249.665103	0.395872	1.000000
-2.9495665798371413224288	2.9183782596699350264657	2.9789276212162745238743	0.1542231397161819006492	-255.012869	-249.309087	0.395872	1.000000
-2.8307081544315280119406	-0.6320668906502580064455	2.9761557683361146153800	0.1360522744304154818540	-254.478119	-248.774337	0.395872	1.000000
-2.9492290033414092498276	2.9082944408069142383511	2.9789197487210876680308	0.1541715316201915653149	-255.023818	-249.320036	0.395872	1.000000
-2.7643963681012317934460	-0.1042829908353827134126	2.4468747371218708686058	0.7629601989394300121106	-255.726466	-250.022683	0.395872	1.000000
-2.9232870909982153762030	2.4924732114790524306613	2.6416693867390015348917	0.4692056936676342049353	-255.205157	-249.501375	0.395872	1.000000
-2.7733934586748834050240	3.3030783787460964440186	2.5262949995880266129689	0.8039312050421960620383	-255.663014	-249.959232	0.395872	1.000000
-3.0590777527965689053246	-0.3454501177154898905464	2.5190925829822807813230	0.8939934261245758850833	-255.960252	-250.256469	0.395872	1.000000
-2.8702385387949607142843	-0.3242174963805143916851	2.5404872722263882600657	0.9028299983094788538907	-254.662095	-248.958312	0.395872	1.000000
-3.0475835256830734465439	1.5527368719180363321186	2.4649976516779608104457	0.7638010998252026118038	-255.820877	-250.117095	0.395872	1.000000
-3.1299250217915530747348	-0.1689831169544621369827	2.5825882918445075553393	0.3409806268778586835211	-256.275793	-250.572010	0.395872	1.000000
-2.9959213097089394395312	-0.1633271545045025530118	0.8457021096821631944707	0.3773398602958248915229	-255.298034	-249.594252	0.395872	1.000000
-2.9959213097089394395312	1.0038211741216871430993	0.8457021096821631944707	0.3773398602958248915229	-255.298034	-249.594252	0.395872	1.000000
-2.9959213097089394395312	1.0038211741216871430993	0.6091994921845601540511	0.3773398602958248915229	-255.298034	-249.594252	0.395872	1.000000
-3.1481491372239589487947	2.8376366958987904176581	1.4159495138909450329123	1.1648544020236661911127	-256.478191	-250.774409	0.395872	1.000000
-2.8768472944247549527574	2.7142713020686768388146	1.4115988484153898507856	1.0431226669167115161940	-254.588958	-248.885176	0.395872	1.000000
-2.8627180800487170841961	3.6417561697208853388474	0.8033194203652894715972	1.0409626176804496200390	-254.668291	-248.964508	0.395872	1.000000
-2.8298486605253123649106	3.2914109105541338173850	0.7829553228883660009885	0.0015236480742080726891	-254.549200	-248.845417	0.395872	1.000000
-2.8298486605253123649106	3.2914109105541338173850	1.3858002074088497934667	0.0015236480742080726891	-254.549200	-248.845417	0.395872	1.000000
-2.8214968046618773556133	3.0419308585905215913670	1.3856054369022514638488	0.0002468311614589853778	-254.700069	-248.996287	0.395872	1.000000
-2.9511986328133525958606	3.9424736903141934796224	1.3423117011235559115079	0.0418161358213079772939	-255.015483	-249.311700	0.395872	1.000000
-2.8283062359732293877812	3.9465684460545764622452	1.3518549373237025434946	0.0441351599921775486490	-254.533444	-248.829662	0.395872	1.000000
-2.8919475584771894283165	3.1116111161751187630387	1.2286810296612113990733	0.1478530912963935961546	-254.588628	-248.884845	0.395872	1.000000
-2.9358707627260165473615	2.7527668841085302098293	1.7979906804942364928479	0.1359354062492544312768	-255.178383	-249.474601	0.395872	1.000000
-2.9329243726652105550556	-0.0140060469408878063291	2.5149381493449793900652	0.0974969175721213665575	-255.198911	-249.495128	0.395872	1.000000
-2.7448548981333451557418	-0.4654502581037234798522	1.9926683807938612158495	0.1372686582961961665461	-255.542987	-249.839204	0.395872	1.000000
-2.6692198886227291865225	-0.4622578930039369371485	1.0123268599133314893379	0.1577907089366379078665	-257.040165	-251.336382	0.395872	1.000000
-2.6692198886227291865225	-0.4622578930039369371485	2.3073501874553623558484	1.7753294973986910587627	-257.040165	-251.336382	0.395872	1.000000
-2.9748823349498123569390	-0.5321137106041315956162	1.9163953645058928731970	1.9073659143035948115852	-255.048928	-249.345145	0.395872	1.000000
-2.9168309774626179908807	0.4449989586213486392197	1.4929954730854175792842	1.8423989268988496537105	-255.021380	-249.317598	0.395872	1.000000
-2.9274574307114877846914	2.0838275246522299788410	2.3746770283158058489903	1.1621737411335280043545	-255.269288	-249.565506	0.395872	1.000000
-2.8805553383073552176086	-0.1899508680652122194488	1.0502010071939804625174	1.5120723793131771728326	-254.580327	-248.876545	0.395872	1.000000
-2.9719045926785150335547	3.4948602736814637914620	1.8084180452800084903942	0.9388636842781161728766	-255.028379	-249.324596	0.395872	1.000000
-2.8862547022537832219768	3.3806877866431266355107	1.6190034332687397444772	0.7543885019029330507578	-254.617643	-248.913861	0.395872	1.000000
-2.8377427344232160066895	3.4706640952009921718968	0.8073862474312129000609	1.3646760177592121010548	-254.435133	-248.731351	0.395872	1.000000
-2.8498789338692072092840	-0.4479926841671182380367	0.8291487490914540847697	1.6625291790894050070193	-254.476517	-248.772735	0.395872	1.000000
-2.8498789338692072092840	-0.4479926841671182380367	0.8291487490914540847697	0.4892261659537526785613	-254.476517	-248.772735	0.395872	1.000000
-2.9506184809767579402262	3.0680337373034638481784	2.1348821847482652991346	0.4618924999621307203590	-255.024311	-249.320529	0.395872	1.000000
-3.1524631536910190376943	3.4652799426640985558379	1.3124863305132346003035	0.4760464249153472104936	-256.532461	-250.828679	0.395872	1.000000
-2.8732077211733053623277	3.1904922070639121223223	1.1291190104288624240780	0.4292270268722378490089	-254.624396	-248.920613	0.395872	1.000000
-2.8732077211733053623277	3.1904922070639121223223	1.1291190104288624240780	0.4292270268722378490089	-254.624396	-248.920613	0.395872	1.000000
-2.8961649494437660123936	3.4899372475832373119431	1.4266786223531002786302	0.4229980410602581786250	-254.559752	-248.855969	0.395872	1.000000
-2.7357314549537119496847	-1.4810379348944029409552	1.5001993122555370430149	0.3959380312107084187723	-255.305609	-249.601826	0.395872	1.000000
-2.7337472458612670500600	-1.2488150631618235575360	2.0680639209122189114964	1.3224138134717504655669	-255.308683	-249.604900	0.395872	1.000000
-2.7244379012149213536986	-0.0578607068111162622936	1.2228746496931515164164	1.2264705786092315875635	-255.305623	-249.601840	0.395872	1.000000
-3.0192508560048594290492	0.2203203385556085913688	1.1901251754361283907713	0.6312561341030245021244	-255.757142	-250.053359	0.395872	1.000000
-3.0143804632299580070764	2.3942415330566957365477	1.1550169593136732082428	0.1125763152210202955317	-255.632566	-249.928783	0.395872	1.000000
-2.9925502828511745256890	1.7180060475719907131520	1.2557776182287103683421	0.0346654015103845525303	-255.220136	-249.516354	0.395872	1.000000
-2.9925502828511745256890	1.7180060475719907131520	1.2557776182287103683421	1.4195263130894639758139	-255.220136	-249.516354	0.395872	1.000000
-2.9434243804070323591304	1.7200795293825030807255	0.6190333085719564865101	1.4328556464793751334952	-255.147788	-249.444006	0.395872	1.000000
-2.9722882316889229770140	1.7476152043987998041530	1.3790892035906396895228	0.8749999285791749681351	-254.980218	-249.276436	0.395872	1.000000
-2.8853226514950276460070	1.1034629143879199908440	0.9515255747586784940140	0.8865888609332615022396	-254.612175	-248.908393	0.395872	1.000000
-2.8787616498784305285596	1.1053514224445939451158	0.9452319277923932894225	0.5614657149769868293987	-254.579385	-248.875603	0.395872	1.000000
-2.8823404071308846852162	1.1079147773219510941800	1.1242515209241141782570	0.0098886622608205243523	-254.588212	-248.884430	0.395872	1.000000
-2.8248369589274529012357	-0.6097828793973114613891	1.1229105045175962196424	0.3009789141944786972083	-254.597235	-248.893453	0.395872	1.000000
-2.8373957626783590235675	-0.6116068593995102053995	1.1321228566236483104035	0.8376381048179390997888	-254.386055	-248.682272	0.396250	1.000000
-2.8484585652865601623773	-0.6132135674208991638068	1.1402378359582960865026	1.3103706047836214398927	-254.395782	-248.691999	0.396250	1.000000
-2.9909903582392787235733	3.7515071752675965832680	1.1322708768914431232133	1.3220065351378036400121	-255.214781	-249.510999	0.396250	1.000000
-2.8036090327966154411854	-0.6213690560597017187305	2.4697326637202916543856	1.8102128692904018159027	-255.222604	-249.518821	0.396250	1.000000
-3.1474105198598856247827	1.2962880931490052827115	2.2980698509833139553393	1.6586381328301196269592	-256.464701	-250.760919	0.396250	1.000000
-2.9655686843128039598128	-0.6438213828634218316438	2.3979517193933044261200	1.3807097057702837350490	-254.996072	-249.292289	0.396250	1.000000
-2.9655686843128039598128	-0.6438213828634218316438	1.6471204405837223117004	1.3807097057702837350490	-254.996072	-249.292289	0.396250	1.000000
-2.8208981347241492976252	0.9219724478345904250531	1.6639250855237339710158	1.9275425862992745518198	-254.793607	-249.089824	0.396250	1.000000
-2.8258904221720939631268	0.9221502448563383413926	0.8126622242341120516684	1.6886405406110098770256	-254.603779	-248.899996	0.396250	1.000000
-2.8197856830613976519828	2.1443118388705650900761	1.1615526850258361957202	0.2083693879759704603583	-254.787637	-249.083855	0.396250	1.000000
-2.8197856830613976519828	2.1443118388705650900761	1.1615526850258361957202	0.2083693879759704603583	-254.787637	-249.083855	0.396250	1.000000
-2.7458496722406140477801	-1.5160287143547417354483	2.1603271624909070602882	0.4577337701068113773317	-255.591808	-249.888026	0.396250	1.000000
-2.8284397134085512703905	-0.1389899753844257845881	1.9897949583548828478285	1.5494249012266805287652	-254.528739	-248.824956	0.396250	1.000000
-3.1588649787070877117401	-0.1498065873377797674326	1.9645965036601471531696	1.5420881437896758470174	-256.626936	-250.923154	0.396250	1.000000
-2.7860953779987664979956	-0.2768614773621396185632	1.4061182052450891255546	1.5694369153984177867045	-255.535363	-249.831580	0.396250	1.000000
-2.7203671461142122645072	-0.7724878260090307646735	2.0025121826285605663998	1.8242426531831876790335	-255.334145	-249.630362	0.396250	1.000000
-2.7235304003392681870821	-0.6756201655069313805058	2.3262272770506355890063	1.8245008931526205397944	-255.321000	-249.617218	0.396250	1.000000
-3.1117387408045531493883	1.9818334374066073344522	2.2230539950711714070053	0.1341389643859636215950	-256.039552	-250.335770	0.396250	1.000000
-3.0463269451961783040872	-0.7029404130591929700245	2.3083334134265802717323	0.8534672904130764514719	-255.862337	-250.158554	0.396250	1.000000
-3.0614770828059767460161	-1.5697462104268204985402	2.8607507993011314084697	1.0448446080985953621223	-256.005804	-250.302021	0.396250	1.000000
-2.9440793937235736343894	-1.0542967553249233958468	2.8204817251615312834190	1.3382259209679132627713	-255.149830	-249.446048	0.396250	1.000000
-2.8454784445311034346560	1.5784851936902193347834	2.8161512917817890233607	0.6315372836069166329054	-254.362515	-248.658733	0.396250	1.000000
-2.8454784445311034346560	1.5784851936902193347834	2.8161512917817890233607	0.6315372836069166329054	-254.362515	-248.658733	0.396250	1.000000
-2.7089994709801064054489	1.4004904419345540755870	1.1192748800475729176185	0.5753629445103921602467	-255.621600	-249.917818	0.396250	1.000000
-2.7676050456944976119189	-0.6660413466302904650362	0.6317276244877918500720	1.2568820132964224622896	-255.701528	-249.997745	0.396250	1.000000
-2.8563719658295623204936	3.3504182873226753258677	0.8258647149685665045382	1.1272424351954275500987	-254.578497	-248.874715	0.396250	1.000000
-2.7506634312405893183495	2.2702878899152074687606	0.8964165563632374711389	1.1304160131538754097136	-255.655663	-249.951880	0.396250	1.000000
-2.7539920732396865332703	2.2698495465242558566388	0.7201235097386546879505	1.1333628933262136495586	-255.757649	-250.053867	0.396250	1.000000
-2.6838962045051291127606	1.7843916257250318491145	0.6963954607798524820694	1.0678087676268557260073	-256.452362	-250.748579	0.396250	1.000000
-2.9462121229035189706735	-1.2690029666823623433203	0.8551442766693635455511	1.5544164494080623395433	-255.116821	-249.413039	0.396250	1.000000
-2.9455367116873203414684	-1.2896859405236034135100	0.8551820294640297692723	1.5543613105670408547354	-255.148349	-249.444566	0.396250	1.000000
-2.8859644054696467208032	-1.4789910948572635440712	0.5054235879399719966187	0.7624160775773853870874	-254.612596	-248.908813	0.396250	1.000000
-2.9695895734457278258844	1.0818446156504339938920	0.5007492743961499126470	1.4656680774955790358405	-254.989200	-249.285417	0.396250	1.000000
-2.9240540481363987979080	-0.1945515921554328009346	1.8908535098473511215644	1.4632279224432631625774	-255.229653	-249.525870	0.396250	1.000000
-2.8560662613951968147319	-0.4306749363360435900461	0.8764923066864288569988	1.8862572169683864409251	-254.565857	-248.862074	0.396250	1.000000
-2.9546474764958210457166	0.5758970321105628675795	1.2605244063226139772382	0.6420598181904396684061	-254.921708	-249.217926	0.396250	1.000000
-2.7421879175864498634496	3.2011020774972753777377	0.9206677975957995307965	0.7035424459158201582198	-255.504135	-249.800353	0.396250	1.000000
-2.7421879175864498634496	3.2011020774972753777377	0.9206677975957995307965	0.8143370935197209448120	-255.504135	-249.800353	0.396250	1.000000
-2.7414063128012480241580	3.8629044133515106906884	0.5875587232980585827846	0.8715585054326185909801	-255.466598	-249.762816	0.396250	1.000000
-2.7414063128012480241580	3.8629044133515106906884	2.3855719727902964244493	0.8715585054326185909801	-255.466598	-249.762816	0.396250	1.000000
-2.7414063128012480241580	3.8561746927371221005387	2.3855719727902964244493	0.8715585054326185909801	-255.466598	-249.762816	0.396250	1.000000
-2.9207901768412507514938	2.4677247331896565718523	1.9405633797689489927762	1.4698353119496418983658	-255.145883	-249.442101	0.396250	1.000000
-2.6597037723240015694159	3.9886940844300013964130	1.7284022254642150695503	1.3434033312807318605309	-257.458535	-251.754752	0.396250	1.000000
-3.1579235839914603367617	3.5419926434460071718036	2.5986764180285635283951	1.2415104859231076428472	-256.640956	-250.937174	0.396250	1.000000
-2.8516564921497291607011	3.0110912845181645458581	2.6187625588301668422275	1.1050641006792960574501	-254.449092	-248.745309	0.396250	1.000000
-2.9955443677840034588655	2.9362198276120263784605	2.7329130879864664827039	0.2989442538565141305185	-255.273563	-249.569781	0.396250	1.000000
-2.9955443677840034588655	2.9362198276120263784605	2.7329130879864664827039	0.2989442538565141305185	-255.273563	-249.569781	0.396250	1.000000
-3.0187144062632023100434	0.1883818219855100672966	2.8438439988378849676565	1.0284907965266341101085	-255.755246	-250.051464	0.396250	1.000000
-3.0187144062632023100434	0.1883818219855100672966	0.5745871516230198761122	1.0284907965266341101085	-255.755246	-250.051464	0.396250	1.000000
-2.8300974520420436597590	2.7808753013124452024840	1.0295625822571408125583	0.4302335676390142138459	-254.472490	-248.768707	0.396250	1.000000
-2.8909358357522676463702	2.7803937472916357975805	1.8319634806586990727340	0.4267950545189131972279	-254.584003	-248.880220	0.396250	1.000000
-2.8909358357522676463702	2.7803937472916357975805	1.8319634806586990727340	1.0572704702393065367971	-254.584003	-248.880220	0.396250	1.000000
-2.8051600823511666504828	2.8047401088318775208563	1.8139277769279036345296	0.1872563201283520273321	-255.179123	-249.475341	0.396250	1.000000
-2.7797092043662350313582	2.0253632921990041282356	1.8153503795551551025511	0.1851785756648154368520	-255.701334	-249.997551	0.396250	1.000000
-2.8544041875810255426416	3.5284957502182714428329	1.7398775744526364661624	1.5923543315811392595549	-254.509083	-248.805300	0.396250	1.000000
-2.8345240266356772629308	3.5328706605082476066571	1.8602276938633095504372	0.2772139203292502407372	-254.430939	-248.727157	0.396250	1.000000
-2.8462899037972593241363	3.4513691598331468490812	2.7676043327968176122056	0.8905971695494363515877	-254.366532	-248.662750	0.396250	1.000000
-2.8310118447891401416427	2.9250437624584004758788	2.8194048261177830916324	0.8956042804734680728984	-254.483436	-248.779654	0.396250	1.000000
-2.8273193303538151077703	-1.2330778853517940785167	2.8364808681659843259126	1.8067054055697824299642	-254.541101	-248.837318	0.396250	1.000000
-2.9629589857274845066115	2.7134473186439249658974	2.9100847982642199518466	1.8443285818202190817772	-254.974147	-249.270365	0.396250	1.000000
-2.8058096391207314468375	-0.8719569376914875213913	2.3660393119379845572325	1.8453345403557612769418	-255.147789	-249.444007	0.396250	1.000000
-2.9418440373935310638842	-1.2359818152043504646542	2.8035112765181628979860	1.3548524342960388544554	-255.164459	-249.460677	0.396250	1.000000
-2.9102011974879147260253	-1.1464065922091779547998	2.7327394431832230381474	1.6957259545485650065189	-254.853703	-249.149921	0.396250	1.000000
-2.9127644157950429715243	-1.0679137038409491911040	2.7325961694973370796902	1.6959352091231860715226	-254.918192	-249.214410	0.396250	1.000000
-2.9265070685696761287886	-0.6470753744942838725507	0.9381488705926964710713	1.6970571240816290092823	-255.252382	-249.548600	0.396250	1.000000
-3.1596787929958511931261	0.8957530430874977023237	1.4437155559415595362793	1.7655086759172220478575	-256.618787	-250.915005	0.396250	1.000000
-2.9071271965751184218618	1.2187847709212120683731	1.2128296888187826141348	0.9307340999157742711390	-254.746123	-249.042340	0.396250	1.000000
-2.8262821740875998521858	-0.3492824534525164614784	0.6613666813768447338973	0.9823515853067454894898	-254.625041	-248.921258	0.396250	1.000000
-2.8336137897087727566259	1.0255905378117269322047	0.6928622316725522312097	0.9402762321792623723127	-254.431602	-248.727820	0.396250	1.000000
-2.7599183945409557772166	-0.6103042788006951546720	0.6810516453425381477871	0.0736300874966683283063	-255.811031	-250.107248	0.396250	1.000000
-2.8254084188122838838808	1.3951827880115579283427	0.6773910140416329328517	0.0789765252669955286624	-254.602346	-248.898564	0.396250	1.000000
-2.7538121710009462184132	0.7475113864805124075374	1.3432548161787407625667	1.0989461420740704866716	-255.759272	-250.055489	0.396250	1.000000
-2.9614825660969783527321	-0.6684007757626432288944	1.7316976451376113743663	0.9685324695713293241539	-254.935077	-249.231295	0.396250	1.000000
-2.8138362773396030647177	-1.5446469821067922989499	1.0436613888192591836912	0.9125054612053193903165	-254.970662	-249.266879	0.396250	1.000000
-2.8900098095850883517244	1.0917797725714855072709	1.5832161188193651923939	1.8595869663064281684939	-254.568914	-248.865132	0.396250	1.000000
-2.9930234608575307930778	-0.4770726900669214898265	2.3039325444483331750689	1.7948078528156001798521	-255.231290	-249.527508	0.396250	1.000000
-2.7010707464364176466631	0.4409241946358652408655	2.7262623368195870732222	1.4026116093327056777440	-255.928822	-250.225040	0.396250	1.000000
-2.9040294915157152111362	2.1811375945954085686651	2.0862065230507318425168	0.1844082707121790787319	-254.669292	-248.965510	0.396250	1.000000
-2.8316159310455839559495	1.8668773471827753152041	0.7326000836438454344446	0.4311082182492020908882	-254.477534	-248.773752	0.396250	1.000000
-2.9523155872434085900125	0.7981419348945739677958	0.5429113006688953690926	0.3094303014650143790476	-254.955845	-249.252063	0.396250	1.000000
-2.7916076599170032146446	1.7308255561736265448758	0.5551669961350412796364	0.3129986577767883138002	-255.437142	-249.733360	0.396250	1.000000
-2.8760770675581710520419	3.9823858965461518266693	2.8238840044251838357070	1.0576040270481814609127	-254.600511	-248.896728	0.396250	1.000000
-2.8316901633522690850953	2.7295391731500266985222	2.6436285829505381528293	1.1736940311488219812475	-254.477534	-248.773752	0.396250	1.000000
-3.1945759687277592853150	-0.3382432237156878795936	2.2217231038907612195032	0.8908777790849911060178	-256.678139	-250.974357	0.396250	1.000000
-3.1666463772740214288604	2.8424857646673924449487	0.6705286325668680103007	1.6136876463758966782081	-256.483053	-250.779270	0.396250	1.000000
-3.0617914881553769390621	3.7502863693318606586047	2.0381790988633277095232	0.6381970554878692025724	-256.007731	-250.303948	0.396250	1.000000
-3.0545497292410033196575	3.9468268122262273323031	1.8188440695120406953578	0.7756068028176007489449	-255.876448	-250.172665	0.396250	1.000000
-3.0655154367111432378579	2.8534283434790932432179	2.0776435963842492249398	0.7700099036845466926593	-256.072886	-250.369104	0.396250	1.000000
-3.1833975215254111112984	1.8010527820287733913318	1.5969366263052964249880	1.6519854464336969357419	-256.424706	-250.720924	0.396250	1.000000
-2.8529943075798689378075	-1.7095276068473717057117	0.6961883389724294879386	1.2864080874818579758312	-254.530140	-248.826357	0.396250	1.000000
-2.9604149023533179452272	-0.5767255298431023247119	0.7425741160148721098366	0.9409434245608057079124	-254.902416	-249.198633	0.396250	1.000000
-2.7266139831276223759460	1.2517472625783749862194	1.1288462586756191630144	1.0668581935515593084318	-255.280978	-249.577196	0.396250	1.000000
-2.7287109526261907888056	1.3159623129722459733415	1.1287290464395738354142	1.0670293847681624477275	-255.271693	-249.567911	0.396250	1.000000
-2.8845419209256251136253	-0.7916546398870143441684	0.7525184554846797713168	1.2164303550685335864046	-254.597940	-248.894158	0.396250	1.000000
-2.8902127284201108992079	-0.7916995260260546452002	0.8273110576338562616172	1.2150135970420938846814	-254.567356	-248.863573	0.396250	1.000000
-2.8347386512137995318028	2.6218599349597706549275	1.0340765314659685625287	1.2040555107377350907427	-254.431532	-248.727750	0.396250	1.000000
-2.9028940860028229487000	-1.1920808525893544782548	2.0225064501757334944898	1.3014971294919861488637	-254.689983	-248.986200	0.396250	1.000000
-2.8950035529109983123419	-1.1920183966576716194652	0.8298332615228195541235	1.3034684494674220189836	-254.582528	-248.878746	0.396250	1.000000
-2.9461077006777642850466	-1.6064979480207501882916	1.0247693113970544054325	1.3156511259677110547983	-255.116821	-249.413039	0.396250	1.000000
-2.9336832928691185529146	1.8673756946725021954592	1.1381206666968262108952	1.2823841034296235008583	-255.201523	-249.497740	0.396250	1.000000
-2.6951649767176673044844	3.4940888342564675461688	1.4261981122266456090131	0.9530375745284686006542	-256.102807	-250.399025	0.395756	1.000000
-2.9938397489604615664405	2.9741382819782296031974	2.3345990788975461427412	0.1170292752782675638201	-255.236591	-249.532808	0.395756	1.000000
-3.0004449756447906239032	3.1890585731686442727550	1.8005760162140984625978	1.5172021376104807277585	-255.486787	-249.783004	0.395756	1.000000
-2.9095212843374267386309	3.1920615565148593439915	0.5645375500133034130101	1.5358051403607477780611	-254.826827	-249.123044	0.395756	1.000000
-2.9899478506429435498148	3.1894052670952812711391	2.1551706372970285130464	1.5193498511763445790734	-255.200197	-249.496415	0.395756	1.000000
-2.9899478506429435498148	3.1894052670952812711391	2.1551706372970285130464	1.5193498511763445790734	-255.200197	-249.496415	0.395756	1.000000
-3.0602172854499181120502	2.6282545102625856081602	0.9522802719012060101988	1.2321334474463485619822	-255.990744	-250.286962	0.395756	1.000000
-2.8210009173590644415697	3.8094047578675382936808	0.9541123912034893406187	0.1834461402143542085863	-254.793296	-249.089514	0.395756	1.000000
-2.8210009173590644415697	3.9055648324970348994611	0.9541123912034893406187	0.1834461402143542085863	-254.793296	-249.089514	0.395756	1.000000
-2.8210009173590644415697	3.9055648324970348994611	0.9541123912034893406187	0.1834461402143542085863	-254.793296	-249.089514	0.395756	1.000000
-2.7729606075185206925937	3.4636559654305725253209	1.3760153216774948514711	0.4275320488020375453431	-255.661811	-249.958029	0.395756	1.000000
-2.9511232617962850355298	2.3023615371436649823522	1.5179415669280287293219	0.2884128089664775296264	-255.014737	-249.310955	0.395756	1.000000
-3.0587193876191127728248	2.9115885187643337772556	2.5168767986878526343730	0.0019325864069804632450	-255.968777	-250.264994	0.395756	1.000000
-3.0743653211735750829803	2.9110697019898541526572	2.5244969650263167082471	0.5847934766409236262419	-256.142009	-250.438227	0.395756	1.000000
-3.2041445675429511830146	2.2664277970400568129605	0.9406276274329459230472	0.6157253420395194520864	-256.961281	-251.257499	0.395756	1.000000
-2.9023800826617187631484	0.1760096890893725618543	2.0112829966060412623108	1.6174328649501812371625	-254.618028	-248.914245	0.395756	1.000000
-2.8791947987281427678852	-1.3765676877563128854831	2.0112090904377430966576	1.6174044168032051249639	-254.583442	-248.879660	0.395756	1.000000
-2.8328488178127693153385	0.5285252937200978218257	1.0564645450950957972225	0.2286334615178036155925	-254.428127	-248.724345	0.395756	1.000000
-2.8328488178127693153385	-1.4514197864561693140928	1.0564645450950957972225	0.2286334615178036155925	-254.428127	-248.724345	0.395756	1.000000
-2.9426448315984119474820	1.6275094103255365318716	1.0483366384888663791486	0.2257893380676803674056	-255.196145	-249.492362	0.395756	1.000000
-2.8484392042216661877774	-1.3477141121894549158355	1.0480363455542838213574	0.2256737485609370819084	-254.395782	-248.691999	0.395756	1.000000
-2.9099579956840209149505	0.5951863336991263242481	1.0482324448631532565201	0.5014421299879309179559	-254.832375	-249.128592	0.395756	1.000000
-2.9113601074544535052269	0.5516331270801382302693	1.0697912229499784153575	0.5294435690920236137202	-254.894731	-249.190949	0.395756	1.000000
-2.9175801468665718552131	0.5514276946510450194694	1.1543479304935977403090	0.5281709479673570850622	-255.061117	-249.357334	0.395756	1.000000
-2.9115371288699822827084	0.5516280802077264677763	1.1514047502634086050932	0.3030492678239986026334	-254.916907	-249.213124	0.395756	1.000000
-2.9995765639485973963474	0.5837385209890240123087	1.6887165935666603733267	0.5428643912924079328874	-255.390194	-249.686412	0.395756	1.000000
-2.9662166203915472095787	3.9461366668184405526176	1.6886102543210419479891	1.6975059330905437615655	-254.952316	-249.248534	0.395756	1.000000
-2.9504276428528113385141	1.5783095249403220616813	2.2054534782491579392172	0.6496607328313386275909	-255.021861	-249.318079	0.395756	1.000000
-2.8716717640433384595156	1.5376389712572375856325	2.1694755922840109896299	0.4836759183513965054679	-254.632898	-248.929115	0.395756	1.000000
-2.8020701462397736847265	0.6915314501318925444195	1.4996390463399156267599	0.8093859383554506958802	-255.249613	-249.545831	0.395756	1.000000
-3.1258511097073018447645	-0.1787984321378939811531	0.7917063725571361620936	0.2608449074398793698926	-256.223542	-250.519760	0.395756	1.000000
-2.8482005894834818704453	-0.1700162927199063145345	1.1829361020977784413333	0.4379676361688834562713	-254.390743	-248.686961	0.395756	1.000000
-2.6119801572390071164875	1.3809996790969583102537	1.3233875981160863055663	0.9070659661834556963811	-259.141651	-253.437869	0.395756	1.000000
-2.7741534717423359523991	2.0697979617828221599041	1.1830421066437153410078	0.2809142623867826316086	-255.706543	-250.002761	0.395756	1.000000
-2.8397042751920440473157	-0.6042837722315335113876	0.6040364194102896266969	1.0972362954446148730625	-254.362089	-248.658306	0.395756	1.000000
-2.8397042751920440473157	-0.6042837722315335113876	0.6040364194102896266969	1.9429726450220796696300	-254.362089	-248.658306	0.395756	1.000000
-3.0279758929022091429317	-0.7208548327056799598367	0.9119599182345852206311	1.8632040809261085634319	-255.899895	-250.196113	0.395756	1.000000
-3.0492999402344818093979	0.0481600922748528503803	0.8153508601400132338455	0.5415317461884578964515	-255.839532	-250.135749	0.395756	1.000000
-3.1364341266900495064363	3.6824149543161928122004	0.8392715454869872360177	0.4414933360500988279718	-256.416937	-250.713154	0.395756	1.000000
-2.8388171992410224930836	0.7121091069558598274369	1.0316714741545791600430	1.2092946671417306170326	-254.356632	-248.652850	0.395756	1.000000
-3.2369864179375009705097	2.1314168500960839480740	0.7225899995969088385195	0.7511545633739409311147	-257.853931	-252.150149	0.395756	1.000000
-3.2369864179375009705097	0.3218592014416943314359	0.7225899995969088385195	0.7511545633739409311147	-257.853931	-252.150149	0.395756	1.000000
-2.9593306460080830433412	-0.4739761703330713227267	2.2844475273744455634528	0.4935366486089916571167	-254.924068	-249.220286	0.395756	1.000000
-2.6251354946763019171385	0.4968946086193918310059	2.7364507966122029181122	0.7275566034475747789756	-258.516825	-252.813043	0.395756	1.000000
-2.8183188949081143803710	1.8347575796712782825182	0.8259408564964006993492	0.4656556263873020129473	-254.793980	-249.090198	0.395756	1.000000
-2.8437047713457199726861	0.0828348542499539597372	1.1710425491787743723648	0.4604616717381194712644	-254.401217	-248.697434	0.395756	1.000000
-2.8420166793954821926604	-1.7019374509579445753360	2.9152365846735044385696	1.7049813599948249187577	-254.338187	-248.634404	0.395756	1.000000
-2.8107032061343359963246	-1.7008991009522675952326	2.8999857289764388035280	0.5384546814954780380447	-255.043489	-249.339707	0.395756	1.000000
-2.8107032061343359963246	-1.7008991009522675952326	2.8999857289764388035280	0.5384546814954780380447	-255.043489	-249.339707	0.395756	1.000000
-2.8125078504823921576872	-1.7009587038659321756029	2.9245184970585089700990	0.5380854509540490271391	-254.983604	-249.279821	0.395756	1.000000
-2.9822017999695447088015	3.6583541546276432399054	2.9250594190340994948940	0.5382936639925345323476	-255.133530	-249.429747	0.395756	1.000000
-2.9234500954132389693996	2.0580577918435216666637	2.9209662859924576672199	0.7451784812347908015795	-255.217614	-249.513831	0.395756	1.000000
-2.8594307054858738581515	-1.5082022082155037701057	1.8314701098854282435013	1.8443647956341038263162	-254.631610	-248.927827	0.395756	1.000000
-2.8585030733920446799345	-1.5081714480765098240767	1.8310183176781258396204	1.8098075436723235487335	-254.643825	-248.940042	0.395756	1.000000
-2.9767445636325722269078	-1.5241369808997726753574	2.9138127549469130528337	1.5041419439128598245503	-255.035422	-249.331640	0.395756	1.000000
-2.9767445636325722269078	-1.5241369808997726753574	2.9138127549469130528337	1.5041419439128598245503	-255.035422	-249.331640	0.395756	1.000000
-2.9781009588499287588093	-1.4812989990415639240950	2.9138170786366077713581	1.4079874884496414999546	-255.037741	-249.333959	0.395756	1.000000
-3.1052114854438901403455	2.2579513020935317868521	2.2104403252233053578379	0.0331982628504009710801	-256.068212	-250.364430	0.395756	1.000000
-3.1059534354536224576293	2.2579266991441753198444	2.2108016831741941210510	0.0608382653901189743295	-256.087966	-250.384184	0.395756	1.000000
-2.7209429024569868893479	0.2382925826529200818982	2.2343403882006613869748	0.0690677767396756930873	-255.336571	-249.632788	0.395756	1.000000
-2.8429523297691297045731	0.4465956108821781955776	1.9158583374834268209241	1.5707372544587667739791	-254.344817	-248.641035	0.395756	1.000000
-2.9020993411310453957697	2.6530389527835560592450	2.7922321055659535815607	0.9714415736781473187378	-254.618307	-248.914525	0.395756	1.000000
-2.7183281555199814150114	2.6588717702760087391312	2.8000355940160868151168	0.5907902021967247341294	-255.350011	-249.646229	0.395756	1.000000
-2.7043046449488414850748	2.2159780739935688309572	2.7999908922157823454313	0.5907729954680518424937	-255.816961	-250.113179	0.395756	1.000000
-2.7313482539410371963129	2.4213760079024639892964	2.7962891520372847864451	1.2099673321957249427783	-255.267466	-249.563683	0.395756	1.000000
-2.7313482539410371963129	2.4213760079024639892964	2.7962891520372847864451	1.2099673321957249427783	-255.267466	-249.563683	0.395756	1.000000
-3.2046878848258044669706	1.3496856163488490931712	1.8329882560179233674802	1.3606050026205465108831	-257.034847	-251.331065	0.395756	1.000000
-3.1270720465514338926027	-0.7315544568790588453311	2.1401443512941287217188	0.9244957751398927836561	-256.252089	-250.548306	0.395756	1.000000
-3.2883526330921095670590	2.9565575607559169135641	2.4505392913981398628209	1.7566569985327404879172	-258.677261	-252.973478	0.395756	1.000000
-3.1076853404082540599518	2.2554639533036136000987	2.4246783116141248370923	0.9948328460350944757451	-256.025671	-250.321888	0.395756	1.000000
-2.8101463591201234493155	3.3347464861864302143601	1.5640657717215105115827	0.0527017420500993927224	-255.057166	-249.353383	0.395756	1.000000
-2.8101463591201234493155	1.6343559949981276702147	1.5640657717215105115827	0.0527017420500993927224	-255.057166	-249.353383	0.395756	1.000000
-2.8567492177697060284913	0.6534780068026256882874	1.8838052065090240549949	1.9921760894837703403937	-254.566436	-248.862654	0.395756	1.000000
-2.7084105635880266760296	0.5418185272794193707568	1.7972960000003255220946	1.9626906671534742887530	-255.700132	-249.996350	0.395756	1.000000
-3.0495913939667111947074	2.4139500220114165074392	1.3242193962661958916982	0.5496158443134665505525	-255.820180	-250.116398	0.395756	1.000000
-2.9890388278076014394458	2.8244913958579891399836	1.5426573945547017441271	1.1494115983979422690453	-255.223621	-249.519838	0.395756	1.000000
-2.8359279800478374156114	2.9891251751171492578862	1.8042269036629323686327	1.6875574678244624760026	-254.382599	-248.678817	0.395756	1.000000
-2.8613516766941264890534	1.7516038968249629803609	0.7148201881256487366656	0.9424228373360443722362	-254.699837	-248.996054	0.395756	1.000000
-2.9073457983424364492464	0.4736476948749283044648	0.7159812892434819220355	1.6134921064277065738679	-254.760060	-249.056277	0.395756	1.000000
-2.7659885536243140613522	-0.5253077319145299517444	1.9890352588140829404040	0.0813024167819412918456	-255.761262	-250.057480	0.395756	1.000000
-2.8293330739772897253204	1.4752532985099029438913	1.9892371778759925238234	0.0813801399718013795948	-254.555075	-248.851293	0.395756	1.000000
-2.8539954437604557746511	2.2541458630314887834345	1.9893157924513864553973	0.0814104004906019834698	-254.506772	-248.802989	0.395756	1.000000
-2.8539954437604557746511	2.2541458630314887834345	2.1079279231862884103066	0.0814104004906019834698	-254.506772	-248.802989	0.395756	1.000000
-2.8758886486600809817560	2.2534227849342016725132	2.4055494013208940096149	0.0769310470338324531303	-254.599382	-248.895599	0.395756	1.000000
-2.6982577837870538317588	2.1209388945018865513248	2.0536782817737644357692	0.0113875267034604498589	-256.017186	-250.313404	0.395756	1.000000
-2.7113345152990926401060	2.3199989608509881122700	2.0600471487345184407047	0.4985374525244906651622	-255.577497	-249.873715	0.395756	1.000000
-2.7376206353374894497676	2.6456839869762571737510	2.5342889001558428496708	0.2860380526513320309512	-255.377614	-249.673831	0.395756	1.000000
-2.7656123899708444646706	3.9986247458963886103334	2.9148155260087382778522	0.2803109348788165866573	-255.768100	-250.064317	0.395756	1.000000
-2.7436034667641324702458	2.1187044209731471511304	2.9147453696463130334848	0.2802839301164870566829	-255.540284	-249.836502	0.395756	1.000000
-2.7868300000038996877549	3.4838946126100198696918	2.9148831599554472226998	0.2803369687065855875296	-255.474964	-249.771182	0.395756	1.000000
-2.7228975682253864221138	3.4838946126100198696918	2.9148831599554472226998	0.2803369687065855875296	-255.345608	-249.641825	0.395756	1.000000
-2.7228975682253864221138	3.4838946126100198696918	2.9148831599554472226998	0.2803369687065855875296	-255.345608	-249.641825	0.395756	1.000000
-2.6647312297771588163187	1.6468720993195515855945	2.9146977470352966044231	0.2802655991020565062755	-257.297104	-251.593321	0.395756	1.000000
-2.8515401761735481578341	2.0680600254636258839014	2.6687584028310160633168	0.4467373273706887748524	-254.446326	-248.742544	0.395756	1.000000
-2.8053052219993892535399	-0.4622404912448460079233	2.6660657351640995038622	1.7075614635514388961468	-255.178832	-249.475049	0.395756	1.000000
-2.8053052219993892535399	-0.4622404912448460079233	2.6660657351640995038622	1.7075614635514388961468	-255.178832	-249.475049	0.395756	1.000000
-2.9090052697027912742556	-0.0866554245055539684728	2.3285634071888612339762	1.3428610147625157367202	-254.822706	-249.118924	0.395756	1.000000
-2.8520907878821124548097	-0.9572669818033303634763	2.8056392129760365783397	1.8594367793927715215574	-254.453188	-248.749405	0.395756	1.000000
-2.9893198165234986518612	-0.5554400709589202289607	2.8060766487096349131036	1.8596051582484005582074	-255.232358	-249.528576	0.395756	1.000000
-2.9095324838643716880426	1.4901890978224681116870	2.2995471546643355686967	0.2237810466520455954242	-254.826827	-249.123044	0.395756	1.000000
-2.9481017551937407361606	-1.4103332312928875680313	2.2521805791450004718968	1.4951457472044533680844	-255.080563	-249.376781	0.395476	1.000000
-3.1229191826570392720441	0.6517562138724430909065	2.3985304528096911269586	1.7952934212028934801708	-256.178327	-250.474544	0.395476	1.000000
-2.7315403898078258748683	2.7114725639930172818026	2.7689125650917230103687	1.5572699413506616572533	-255.267875	-249.564093	0.395476	1.000000
-2.7288979444702805565726	2.6258711442842752603610	2.7688857098921419996884	1.5575276741923982370963	-255.276498	-249.572715	0.395476	1.000000
-2.8393279260732957602897	3.3870139571675892398162	2.7837698701255999544912	1.4950190804552228041047	-254.359170	-248.655387	0.395476	1.000000
-2.8462637244574646722128	3.3867635973515262115541	2.8863442743162077697150	1.8198415388874882303583	-254.367329	-248.663546	0.395476	1.000000
-2.8451558800015837036312	3.3508752264957779587462	2.2704600665770606759963	1.8199495933080507281687	-254.358551	-248.654769	0.395476	1.000000
-2.8032805200150439084439	3.3523867911121518758932	1.6511600432818911432520	1.8281258957470696291381	-255.225528	-249.521745	0.395476	1.000000
-2.7202430885671184945807	0.5755067079708616750722	1.7001476441010177076407	1.9152760072725449891351	-255.374900	-249.671118	0.395476	1.000000
-2.8780702559623589920079	0.6932120142537624429835	1.6745124108778814964182	1.9325519773845192261774	-254.589045	-248.885262	0.395476	1.000000
-3.2025458428919959530390	1.1221529727783225993676	0.8815249544443481966027	1.1586344637387351319546	-256.908149	-251.204367	0.395476	1.000000
-3.2981277484639028863000	3.5079345844986709046509	1.9505555297380885448888	1.8532339261850239164886	-259.300965	-253.597183	0.395476	1.000000
-3.2981277484639028863000	3.5079345844986709046509	1.9505555297380885448888	0.3262142946566666257269	-259.300965	-253.597183	0.395476	1.000000
-2.8358666299142116784537	1.3911440848487111043852	2.4566431854509160892519	0.6359932292543762910597	-254.382599	-248.678817	0.395476	1.000000
-2.8286419575323034081293	1.0004764730941833050792	2.4565697610299954689594	1.8238870569321119496919	-254.528838	-248.825055	0.395476	1.000000
-3.1274294796237129823169	0.4918848101135235850734	1.4918266475425778772035	0.0893029680424144017836	-256.254805	-250.551023	0.395476	1.000000
-3.1274294796237129823169	0.4918848101135235850734	2.9229317295425665257369	0.0893029680424144017836	-256.254805	-250.551023	0.395476	1.000000
-2.8137695631622277048223	-0.9366348729949804940986	1.9710970552024118518375	0.1245151239416779076485	-254.970627	-249.266845	0.395476	1.000000
-2.8637483739879723287913	-0.3101385653846643331022	2.0467019474094030329070	0.7267420152057257887179	-254.676573	-248.972791	0.395476	1.000000
-2.8943034285860456122919	2.7117532409009683647128	1.4922845194765890219912	0.1856267835477333760785	-254.592602	-248.888820	0.395476	1.000000
-2.8652210753958979871925	2.7128030194833434585178	1.0621819003247525703415	0.1913052091277747945863	-254.704714	-249.000932	0.395476	1.000000
-2.8591593885727610846459	2.2265982847664966826073	1.6812618113648833961804	0.5630196934514773987601	-254.622604	-248.918821	0.395476	1.000000
-2.8041927272697502182552	0.4459657103351721829654	1.6807031846116180506812	0.4776908269310844445954	-255.189440	-249.485658	0.395476	1.000000
-2.8928293704597893842845	0.3374939439674719543483	1.1018283441357896723645	0.6394375742183822097786	-254.557566	-248.853784	0.395476	1.000000
-2.9838341141232449515996	3.1296006588043905338736	1.1738304315812635447713	0.6300914019106652608215	-255.135286	-249.431504	0.395476	1.000000
-2.8193031863499502520654	0.1926716377728647233702	2.4960326801616146141782	0.0616505717764618266230	-254.787444	-249.083661	0.395476	1.000000
-2.8193031863499502520654	0.1926716377728647233702	2.4960326801616146141782	0.0616505717764618266230	-254.787444	-249.083661	0.395476	1.000000
-2.8193031863499502520654	-0.8934195923191763366589	2.4960326801616146141782	0.0616505717764618266230	-254.787444	-249.083661	0.395476	1.000000
-2.8510702339586502240820	0.9779704417509343938875	2.1125121132669053558573	0.0610900978102351666088	-254.447500	-248.743717	0.395476	1.000000
-3.1809471196103147327960	0.4924007476751164347206	1.4812089595614592596462	0.4844843389913709996719	-256.391105	-250.687323	0.395476	1.000000
-3.2035855620992190750940	0.4937272194531831526199	1.4885724745481532238500	1.1579199077969484221740	-256.977846	-251.274064	0.395476	1.000000
-3.1522103839260693369795	1.4152140169910101263895	2.4235651700441023237431	0.8176980707158224559450	-256.532461	-250.828679	0.395476	1.000000
-2.8225917340630037877247	-0.1257258120895161646047	2.6808152231807778065331	0.4654654480930965343433	-254.688883	-248.985101	0.395476	1.000000
-2.9561776948337321613280	-1.4841377189489182164550	2.9677436930384151203555	0.3329810733794293930998	-254.919519	-249.215736	0.395476	1.000000
-2.7650036099053676430515	0.5710166365122155696099	2.9853317345750203237742	0.9315581427823141913436	-255.726112	-250.022329	0.395476	1.000000
-3.0975726152519720280054	-1.6585748311139572042094	2.3782855682388079898715	0.4268619285138439134464	-256.241010	-250.537227	0.395476	1.000000
-3.1197064711199291586752	-0.0815588508342828671926	0.7967095771240070289920	0.5709103319256967346007	-256.141698	-250.437916	0.395476	1.000000
-3.0488645203898943059073	0.5668722919952676742028	1.4605171557904179646670	1.0907915839844042338314	-255.839314	-250.135532	0.395476	1.000000
-2.7077913987883075463969	3.2274799938755873718321	1.4625985420842957385190	1.3781024948222202475279	-255.711564	-250.007782	0.395476	1.000000
-2.7261341056975503249760	3.2285547622948542745291	1.4685648004648774733738	1.9237509539383590428940	-255.276077	-249.572295	0.395476	1.000000
-2.7216986672244591893843	3.2282948732163192495648	2.1755594865010063898580	1.7918080416778463526128	-255.341486	-249.637704	0.395476	1.000000
-2.8076829141259200817160	3.2570008485246417784253	2.1995713935366718594366	1.8269276685359430167921	-255.109183	-249.405400	0.395476	1.000000
-3.0222775327592334981830	1.0581283523462432505369	2.2845571846277175076523	1.5599505097282211352194	-255.791370	-250.087587	0.395476	1.000000
-2.9846855128858522654411	1.6992308013910788488943	0.6542278733081405839300	1.1495714906913887531914	-255.179679	-249.475896	0.395476	1.000000
-3.0925944402074652117562	1.4969627836485179805948	1.7203595432019656019662	1.4353477301976456104171	-256.205641	-250.501858	0.395476	1.000000
-3.1432813768477099181098	3.1389546445369700400363	1.7208746750687571314131	1.4304039427014207941369	-256.444549	-250.740766	0.395476	1.000000
-2.8806892790230627099390	-1.1460079847414772480363	1.9275631943078008756487	1.3867334816105141293008	-254.584256	-248.880473	0.395476	1.000000
-2.9356218500809792004702	1.2639160307439338826185	2.3198384111687051500894	1.2844228630153640136058	-255.173446	-249.469663	0.395476	1.000000
-2.8528735772810098758612	1.1602201121777087067244	0.9418375646058214645251	1.4595978667002118545071	-254.530140	-248.826357	0.395476	1.000000
-2.6363918227419378403908	2.1072115819275132331256	0.9217937172115203692258	1.2211993699681875646945	-258.032654	-252.328871	0.395476	1.000000
-2.9363624242236703310027	2.2585985280910523265163	1.7401448747994101573511	1.6896447232778240010731	-255.192625	-249.488842	0.395476	1.000000
-2.9099263550078857676340	-1.2888662950345426416732	1.6489806074869732821497	1.6928241805725618984724	-254.832375	-249.128592	0.395476	1.000000
-2.9040993724047630131224	1.3709553360922774878361	1.2918708213265601703057	0.0341600181772993560791	-254.672075	-248.968293	0.395476	1.000000
-2.8993246576510132150872	1.3721900716115316143373	1.0589791447674277158342	0.3710353563531961218480	-254.587880	-248.884098	0.395476	1.000000
-2.9509999785800298255367	0.6150309142324017486203	1.8232120365064408140654	0.3609455791504494470701	-255.016061	-249.312278	0.395476	1.000000
-2.8692758764628609746694	2.3680366129049401635598	1.0876314965121998135089	0.1081427010277766637136	-254.673037	-248.969254	0.395476	1.000000
-2.9048722399236446278792	2.3701223381731728601096	1.0992097822508832827282	1.1670431658619684345268	-254.670277	-248.966494	0.395476	1.000000
-2.9123547669377876090380	2.3705937896074358306464	1.4733996696952160743166	1.7847430698327015896609	-254.913024	-249.209242	0.395476	1.000000
-2.9394314152533147499469	3.3886188129736072305320	1.4564885150608832820041	1.6849070714089120492929	-255.192066	-249.488284	0.395476	1.000000
-2.8903885208224457947779	3.1782421281666790591203	1.4571680256943611020404	0.3871893382997788624067	-254.565988	-248.862205	0.395476	1.000000
-3.0102163488570807814426	2.1827427844664919476259	1.3814101114165588946037	0.1599971219905059471866	-255.579345	-249.875562	0.395476	1.000000
-2.8412434914375124250796	0.6166856775910963817111	1.0331944700978670237390	0.6693716969663811022784	-254.404268	-248.700486	0.395476	1.000000
-2.8546211235564684649546	1.0500510477098623507430	1.0333304271128982421146	0.6680668998177943240790	-254.507448	-248.803666	0.395476	1.000000
-2.8664934131633037495135	1.5030677833554271227712	0.9578073889645849492425	1.1131470909438960781301	-254.697083	-248.993300	0.395476	1.000000
-2.8535646496389994730691	1.5023102383101487600214	2.7013400745840034922196	0.7285495541561888277471	-254.511906	-248.808124	0.395476	1.000000
-2.8535646496389994730691	1.5023102383101487600214	2.7013400745840034922196	1.6358223200074917258462	-254.511906	-248.808124	0.395476	1.000000
-2.8390706633573308259599	2.2736927268461109008513	2.7011927720499500082951	1.6372360015771305619126	-254.356160	-248.652378	0.395476	1.000000
-2.7140617457441704729604	0.8662599595813165187508	1.8772041224397888470321	1.9124885155702298078495	-255.473925	-249.770143	0.395476	1.000000
-2.8353115873598913054821	2.2301878747351353560191	2.3592434680914817768382	1.7219172330266221404571	-254.470679	-248.766896	0.395476	1.000000
-2.8244060409675406653207	2.2305815295730684333364	2.9945717832986851192345	1.7240465770034922865506	-254.622961	-248.919179	0.395476	1.000000
-2.8244060409675406653207	2.2305815295730684333364	2.9945717832986851192345	0.9548315496949022485040	-254.622961	-248.919179	0.395476	1.000000
-2.8244060409675406653207	2.2305815295730684333364	2.9945717832986851192345	0.9548315496949022485040	-254.622961	-248.919179	0.395476	1.000000
-2.8244060409675406653207	2.2305815295730684333364	2.9945717832986851192345	0.9548315496949022485040	-254.622961	-248.919179	0.395476	1.000000
-2.8446795252346102067520	2.8873364720674139505263	2.9947778229311645681321	1.7599824082566355443191	-254.344613	-248.640831	0.395476	1.000000
-2.7787279867452157056107	0.7508512829688998024835	2.9941075567562536186017	1.7664150398763924787460	-255.663713	-249.959931	0.395476	1.000000
-2.8602832689488577599946	3.3928162243758261951143	2.9949364039416033200780	1.7584604856828509600319	-254.613888	-248.910105	0.395476	1.000000
-2.8602832689488577599946	3.3928162243758261951143	2.9949364039416033200780	0.3918767735480794822678	-254.613888	-248.910105	0.395476	1.000000
-2.8602832689488577599946	3.3928162243758261951143	2.9949364039416033200780	0.3918767735480794822678	-254.613888	-248.910105	0.395476	1.000000
-2.8602832689488577599946	3.3928162243758261951143	2.9949364039416033200780	0.3918767735480794822678	-254.613888	-248.910105	0.395476	1.000000
-2.9662353454180823142394	3.3893182635635015209630	2.9232188551681277388639	0.3557021491606476293335	-254.952316	-249.248534	0.395476	1.000000
-2.7268167589261840255688	0.7470929492282832873329	2.3703510249240244966984	1.3254457252508229370136	-255.267081	-249.563299	0.395476	1.000000
-2.7268167589261840255688	0.7470929492282832873329	2.3703510249240244966984	1.3254457252508229370136	-255.267081	-249.563299	0.395476	1.000000
-2.7125667992543247564186	0.7462579903148078841468	2.3657159979492248247368	0.0495110096067201688186	-255.486681	-249.782899	0.395476	1.000000
-2.7052564426865077784612	1.0108319135971592928058	2.4174706494654731869787	0.1195948766878212332632	-255.800932	-250.097150	0.395476	1.000000
-2.7052564426865077784612	1.0108319135971592928058	2.4174706494654731869787	0.1195948766878212332632	-255.800932	-250.097150	0.395476	1.000000
-2.6600420121834824627172	0.2616944429367091817795	1.8647475718506756336978	0.6929758236331764464921	-257.457985	-251.754202	0.395476	1.000000
-2.8251442593118132329266	-0.0628793755711382906792	2.3831646973097000419273	0.5168654692386966953421	-254.603302	-248.899519	0.395476	1.000000
-2.9269103109158969289183	2.9270870444179997171830	1.4416346870170331229133	0.2830548689313133192691	-255.257444	-249.553662	0.395476	1.000000
-2.7809420901103298895407	0.3135076668574739988671	1.8403687538428514791633	0.3078425438236948030735	-255.624579	-249.920796	0.395476	1.000000
-2.9617502339559829138693	0.2352067598026736650052	1.8550332240285996032725	0.2507443839149914310838	-254.938132	-249.234349	0.395476	1.000000
-2.9504212628884634028736	-0.4710357328926539910441	2.5641340408683603868667	1.4616627206227019719620	-255.021861	-249.318079	0.395476	1.000000
-2.8921546233501018718925	-0.4730771912385040578464	2.3355183300021713499461	0.4067117724195767891615	-254.592713	-248.888931	0.395476	1.000000
-2.9112504921298718585376	3.9656025478488894364659	2.6405991926378455936231	1.0855873218479339392673	-254.894731	-249.190949	0.395476	1.000000
-2.9112504921298718585376	3.9656025478488894364659	2.6405991926378455936231	0.7242946647522954251031	-254.894731	-249.190949	0.395476	1.000000
-2.9435619309428995293842	3.9674957969854065531479	2.6511090041700651198653	1.6854770511573085034485	-255.147788	-249.444006	0.395476	1.000000
-2.9348737524044339330942	3.9669867238175093859809	2.6482830353382245114346	1.4270260354214121534255	-255.156840	-249.453058	0.395476	1.000000
-2.9348737524044339330942	0.5034319114755865243183	0.8237685812031521059851	1.2004152397122944684327	-255.156840	-249.453058	0.395476	1.000000
-2.7515073565289442925064	-1.5680200480000814344805	1.2690200583639938969327	0.2544108176565267886993	-255.684698	-249.980915	0.395476	1.000000
-2.8460126431099950217174	-1.5697888843954690418769	2.4157812512821172923339	0.7553428954602989797706	-254.362943	-248.659160	0.395476	1.000000
-2.8254946334342228020375	-1.5954443112122074222015	2.3993751500130784393150	0.7548768752711941809608	-254.601780	-248.897998	0.395476	1.000000
-2.8627859620482762892379	-1.4801924180467982417042	2.1015419775092216703172	1.5260550918237048012571	-254.669731	-248.965949	0.394884	1.000000
-2.7677438968759866533276	-1.5032365098432172167975	2.1325693333296587006487	1.7820954383039582236137	-255.702024	-249.998241	0.394884	1.000000
-2.7677438968759866533276	-1.5032365098432172167975	2.1325693333296587006487	1.7820954383039582236137	-255.702024	-249.998241	0.394884	1.000000
-2.7587533477749208721264	-1.6426664982085048549720	2.4262582208406437977999	1.9606700103124496958884	-255.774129	-250.070346	0.394884	1.000000
-2.8207291796430653540995	2.8599156715399094430552	2.4192685151457884451531	1.2401157883314199992242	-254.795717	-249.091935	0.394884	1.000000
-2.9617720607339830252158	2.5476954880501843092588	1.0642345375692439102266	1.1492328067612214148596	-254.938132	-249.234349	0.394884	1.000000
-2.9476811188470306568377	2.3168550021558766971452	1.1982233164502427147369	1.2343319519213697965654	-255.102870	-249.399087	0.394884	1.000000
-3.0407437360274789384107	2.3135928757103711994603	1.1188657724491262168698	0.5445338887460045018685	-255.889461	-250.185679	0.394884	1.000000
-3.0457147947705367485582	2.3132889417823374600403	1.1998065055686968349846	0.5438157119736518607667	-255.845254	-250.141471	0.394884	1.000000
-2.7482294692553042025907	1.4835757597339682689608	2.6354628460507671938728	0.4400096589576739103400	-255.614757	-249.910975	0.394884	1.000000
-2.7434192363939904346637	1.4838698606577076510860	2.5571407431759389794479	1.2590026996460594865823	-255.526834	-249.823052	0.394884	1.000000
-2.8879607369512356740415	1.9537212567600135137980	2.9125909917312151620195	0.4805275511234808338834	-254.603439	-248.899657	0.394884	1.000000
-2.8490054087529155246727	-0.1492290661434594323254	2.9163451165981437718244	1.5239619464847167229493	-254.399534	-248.695752	0.394884	1.000000
-2.8524823409351385272714	-0.1492282332934324329266	2.9174635935773816086680	1.6740839384780641374562	-254.531438	-248.827656	0.394884	1.000000
-2.7325097994645179966255	-1.7438693404122618257901	2.2694539497853636333957	1.5337128553532854979835	-255.277390	-249.573608	0.394884	1.000000
-2.7325097994645179966255	-1.7438693404122618257901	2.0877909612992207044613	1.5337128553532854979835	-255.277390	-249.573608	0.394884	1.000000
-2.9037074554754966904113	1.4673426859623950324618	2.5004304228740887872107	1.8428113639353751462835	-254.668296	-248.964514	0.394884	1.000000
-2.9022444282581516539210	1.4673423355148758062683	2.4999597889425544394726	0.8201679229462330855682	-254.618028	-248.914245	0.394884	1.000000
-2.8722650839447969595142	1.8713773257392405380273	2.8790590601094669942484	0.4016113898903594936485	-254.631455	-248.927672	0.394884	1.000000
-2.8722650839447969595142	1.8713773257392405380273	2.8790590601094669942484	0.4016113898903594936485	-254.631455	-248.927672	0.394884	1.000000
-2.8311162020425468810458	0.4997158651885056368513	1.3353990816138563424431	0.4025915178375726877213	-254.484981	-248.781198	0.394884	1.000000
-2.9656562756005229175571	-1.5976234040978847250614	1.5715151072089492689798	0.9653662015471231594432	-254.995100	-249.291317	0.394884	1.000000
-2.8337807100344973854078	2.0819796872054525671558	2.0421111935364186784625	0.2302375921133690550580	-254.433216	-248.729434	0.394884	1.000000
-2.8240417330562510578318	3.4397056280587365861834	0.6447028579486167032542	0.7696712368163555195721	-254.706608	-249.002826	0.394884	1.000000
-2.8240417330562510578318	2.7821138949288553021688	0.6447028579486167032542	0.7696712368163555195721	-254.706608	-249.002826	0.394884	1.000000
-2.8222369123345520947055	2.7219517978629190757545	0.6445881745439951959753	0.7697142259608297232276	-254.688618	-248.984836	0.394884	1.000000
-2.7790746156306345149289	1.6983653609757078939424	0.6937454030131282589622	1.3204019811788170191136	-255.661405	-249.957622	0.394884	1.000000
-2.7790746156306345149289	1.6983653609757078939424	0.6937454030131282589622	1.3204019811788170191136	-255.661405	-249.957622	0.394884	1.000000
-2.8121142877896021516904	2.7997135112691671210428	0.6958448370706016294918	1.3196150070363192874368	-255.017061	-249.313279	0.394884	1.000000
-2.9498883103006545702840	2.7912899133985411559422	2.9391356455829233951249	0.8700245153072543313755	-255.012325	-249.308543	0.394884	1.000000
-2.8427403838280045356157	1.1311170447382696835348	2.0123606890709027084085	1.1573829170499456697740	-254.350805	-248.647022	0.394884	1.000000
-2.7432805252009786478595	0.5458877344090079519745	2.1396652052053739545556	1.5173509736842938355750	-255.526834	-249.823052	0.394884	1.000000
-2.8761059919254630123930	3.3505436134142603243902	2.8229696215531467906601	1.9302444470380222263373	-254.600511	-248.896728	0.394884	1.000000
-2.8650976968528429900118	3.3505409765325588899998	2.8194284179937754153400	1.4549440678124270220906	-254.704714	-249.000932	0.394884	1.000000
-2.8580284478186772645358	-1.2823108785837884493475	0.6099770900982486310227	1.6067208094261773432265	-254.644782	-248.941000	0.394884	1.000000
-2.8089678108203237627549	-1.2523263158847695031284	0.5702847140830599181882	1.5851412933253723469562	-255.080265	-249.376482	0.394884	1.000000
-2.8089678108203237627549	-1.2523263158847695031284	0.5702847140830599181882	1.5851412933253723469562	-255.080265	-249.376482	0.394884	1.000000
-2.8315424786038154714163	-0.0929236073589797956229	1.0580408081187810953594	1.6500447615261464306968	-254.474012	-248.770229	0.394884	1.000000
-2.9278579451705315506160	1.2881169060340504906037	1.9527063806802589240874	1.6411407004071982829174	-255.262062	-249.558280	0.394884	1.000000
-2.8787688044728168001996	-1.7911837063807007908167	2.6503787672632275196349	1.6370967473081610155106	-254.579385	-248.875603	0.394884	1.000000
-2.8382966167807279767032	-1.7902327425793829185352	2.6495811875602988116896	0.5680718438223699706668	-254.433062	-248.729280	0.394884	1.000000
-2.8554235137331547278450	-1.7912798927610313892700	2.9284480581899501316911	0.5655974937473707830904	-254.591086	-248.887303	0.394884	1.000000
-2.9908065399697303377025	1.6728915194821523115820	2.9370506779350051829169	0.5623727964662155187625	-255.212807	-249.509024	0.394884	1.000000
-3.0089523427189615034649	2.2777657505974087115419	2.9382037134769025676917	0.5619405803870183291338	-255.557311	-249.853529	0.394884	1.000000
-3.1210019162753144250644	2.2744157094889123627013	2.9312869246923640709213	1.1519627438755479786892	-256.180148	-250.476365	0.394884	1.000000
-2.7731572894265452688956	2.3139284568715536849481	2.6030574022238206488566	1.0262723108484543832475	-255.662757	-249.958975	0.394884	1.000000
-2.8077904891971852130439	1.9226276232920871400722	2.0997464481813259418175	0.1955967645143659727758	-255.111574	-249.407791	0.394884	1.000000
-2.7537818372374136544067	0.1222971403035499893264	2.0963145859407741333769	1.7130891629062592329547	-255.759272	-250.055489	0.394884	1.000000
-2.7227539790712755873869	1.3135416964318107346799	1.0038609967687408541792	1.4514027099308126622645	-255.345608	-249.641825	0.394884	1.000000
-2.9805228374823622417011	1.6675427175622108411090	1.5639488889649344471877	1.1910945082671227090998	-255.135947	-249.432164	0.394884	1.000000
-3.0282752522920257653993	3.9496383439285769334504	1.5616373449776881354722	0.2953202108241891887808	-255.901646	-250.197864	0.394884	1.000000
-3.0076234381126871753054	3.9509010099578834029899	1.2253763860302360200194	0.2983038113039174210606	-255.542277	-249.838495	0.394884	1.000000
-3.0634223599585155284331	3.9738412179655564493430	1.2513278526839908266766	0.3139340918975410676950	-256.052924	-250.349142	0.394884	1.000000
-2.9528318455929811747751	-1.0484432536631795862547	0.9765030640862522037793	0.7133635922788569283526	-254.944980	-249.241198	0.394884	1.000000
-2.9749045173228765293061	-0.8963853494985277725604	0.9824259950044657019319	1.4693270031288516719314	-254.999068	-249.295285	0.394884	1.000000
-3.1353557086145213972372	-1.0076752226202443374348	0.9908732360006147210640	1.5197721147142719821943	-256.344801	-250.641019	0.394884	1.000000
-3.0442049320252650979057	-0.3629216424795654316604	1.4484641045918231760936	0.9427132577924827172566	-255.841102	-250.137320	0.394884	1.000000
-2.9786672028640661658017	-0.3669391573898855285485	1.3954572942119785050608	0.9257699630401881041308	-255.083684	-249.379902	0.394884	1.000000
-3.1956416105232201552155	-0.4210815047643406972000	1.0514614964456165946416	0.5282455096881222278427	-256.665931	-250.962148	0.394884	1.000000
-2.8810504585611838024306	-1.1425547225270882290005	1.1941192790700838610718	0.0471803929996998244745	-254.587605	-248.883823	0.394884	1.000000
-2.9380979039448233969267	-1.1170303936604815131517	0.5099607189715881228054	0.3415510051443443328978	-255.150432	-249.446649	0.394884	1.000000
-2.7546086779245579911901	-0.3677360456870202298774	0.6392403521576572877905	0.4185545082751703227508	-255.801920	-250.098137	0.394884	1.000000
-2.7636604852151092082124	-0.3763451654806581614388	1.3650808735908996904840	0.4417685848426760042429	-255.742989	-250.039207	0.394884	1.000000
-2.7888387006647081811650	-0.3979044382980702065922	1.6740832250186579166495	1.6112989350253708042970	-255.474400	-249.770617	0.394884	1.000000
-2.9141632689999878991216	1.5094329490012217132033	1.9696700254958625642132	0.9429295521047855732633	-254.974626	-249.270844	0.394884	1.000000
-2.9093412180872686434441	0.9180341500551575384392	0.7578116406456698594951	1.5011757224436128588252	-254.827048	-249.123266	0.394884	1.000000
-2.9442807835471169752850	2.0827135574692108299644	0.7600317992878862227712	1.5003434946165716823430	-255.150788	-249.447006	0.394884	1.000000
-2.9344680875331312641663	1.8555589285123286202861	1.5690750313469394860988	1.2009503009095889858315	-255.166532	-249.462749	0.394884	1.000000
-2.8378991411718748061332	0.6671362045591732181649	1.9076670410110991848995	1.1718129174261646685551	-254.435133	-248.731351	0.394884	1.000000
-2.8330447341894435808740	0.6679915794379204241338	1.6833798202808787358720	1.5667449471450796139038	-254.427629	-248.723847	0.394884	1.000000
-2.9042776483071039983486	0.6754282455149069885891	2.4266665470180130981248	1.5428270959746139823210	-254.671077	-248.967294	0.394884	1.000000
-2.8979729821619284457768	-0.0271689096625449544309	2.4262659307297371746870	1.5429772672356805163218	-254.592161	-248.888378	0.394884	1.000000
-2.8266921121457011523148	0.9022276523517076540770	1.8252608886041064018002	1.5097165865055779399029	-254.620801	-248.917018	0.394884	1.000000
-2.7681879566749940657644	-1.3160428257863758805257	1.8215433693772824508272	1.5111101008649998611588	-255.731437	-250.027655	0.394884	1.000000
-2.8517146504251820182674	-1.8794608695934922337756	1.9154176847256814131271	0.9092185098746125015978	-254.449092	-248.745309	0.394884	1.000000
-2.7633130360648734402673	-0.0523954290387075305446	1.2060055689393802680343	1.1132563265805679453280	-255.757745	-250.053962	0.394884	1.000000
-2.7004661972352250742802	2.8130675417439920948937	1.2364420224492449484899	0.2111492728196523727124	-255.941845	-250.238062	0.394884	1.000000
-2.7318365934930168847927	3.9644975496260186353936	1.2376166314338468144030	0.0733825640826425429353	-255.272035	-249.568252	0.394884	1.000000
-3.2011763470117395868897	3.9990494064286274955577	1.6180314490245872871554	0.2049013495873487078480	-256.861852	-251.158070	0.394884	1.000000
-3.2237060679674565122355	0.9185219750832029905752	0.8875233311694694648963	1.3188935515019135635839	-257.755933	-252.052150	0.394884	1.000000
-3.1061662673536236667360	-1.3668132224560065601793	0.9585952551262970633417	1.7512024022031458247994	-256.110009	-250.406227	0.394884	1.000000
-2.8979355263045722956861	-1.2638589618797912983439	2.5019637760209576526904	1.2314349595636646661490	-254.592555	-248.888772	0.394884	1.000000
-2.8999543291035090319951	-1.1888762518049897920491	2.6198367672561988506175	0.1304468335268804957128	-254.648601	-248.944818	0.394884	1.000000
-2.8999543291035090319951	-1.1888762518049897920491	2.6198367672561988506175	0.6412130179083399550422	-254.648601	-248.944818	0.394884	1.000000
-2.8794452023915835248147	-1.8725297898798969331580	2.6185335594367966649543	1.5218827134355004115918	-254.585677	-248.881895	0.394884	1.000000
-3.1269602637158970814824	-0.7190434273121575348142	2.9587451024293347501271	1.2270286528264675585120	-256.241492	-250.537710	0.394884	1.000000
-2.9740690679595558343351	1.1683196727417841653818	2.0309682489534361948813	0.5854717326481831962681	-255.041474	-249.337692	0.394884	1.000000
-3.0048112823871835352918	1.1683270366053206679169	2.0408575586454373862466	1.2823388649841347408653	-255.518832	-249.815049	0.394884	1.000000
-2.9948741653373440740893	0.8370820584641052164443	2.0402261261703462658090	1.2825755578342203921949	-255.303158	-249.599375	0.394884	1.000000
-2.7414581025673214753624	1.4860004951117848914777	0.5563001537396674578417	1.9234451290021210567716	-255.466598	-249.762816	0.394884	1.000000
-2.7673657563061966335738	1.4053058085151333145291	0.5579463992092630331143	1.9228280328793998510406	-255.702906	-249.999123	0.394884	1.000000
-2.8162124297094623948112	0.8752485521287035608040	0.9627156457448052817583	1.5883447744830079262357	-254.884523	-249.180740	0.394884	1.000000
-2.8249065905421133493292	3.5175773242486627623293	0.9655124269977811701793	1.9637287838638359804833	-254.597802	-248.894019	0.394884	1.000000
-3.0114388138173930897779	1.8990550738825990872982	2.3638057436336805672283	1.9933475196063032974791	-255.579789	-249.876007	0.394884	1.000000
-2.9735789886464782938447	1.8990460050958748450256	2.3516268052269619914796	0.3586902777317531043622	-254.998608	-249.294826	0.394884	1.000000
-2.8108882789483708997125	-0.0537215458626575104173	1.9981091503850021418032	0.3501755399980578387087	-255.044172	-249.340390	0.394884	1.000000
-2.8705692266902440579202	2.1372200079871594979863	1.5248140976290567305540	0.3487539955454786455569	-254.660216	-248.956433	0.394884	1.000000
-2.8705692266902440579202	2.1372200079871594979863	2.0958945566220252842982	0.3487539955454786455569	-254.660216	-248.956433	0.394884	1.000000
-2.8595451111405796318365	0.9612374964952083988834	2.0174297385989992115185	0.3460955664136195486513	-254.614131	-248.910349	0.394884	1.000000
-2.9062723023260721433303	1.2482477318382070308189	2.7782602390339037334854	0.3393448146962779743419	-254.736978	-249.033195	0.394884	1.000000
-2.8433260946368328347944	1.2514451196417772926850	1.7003021040267098928922	0.3450421171687953481033	-254.349230	-248.645448	0.394091	1.000000
-2.9829427485879200787622	-0.3006523440609705222215	2.9853105942933813032880	1.1495183238506272438428	-255.172478	-249.468696	0.394091	1.000000
-2.9994480217258621124188	1.7206323286267322103527	2.9925495446176362257518	1.5671543530652101150480	-255.388336	-249.684554	0.394091	1.000000
-2.7576627103977715549377	2.1347563579437984770948	1.8390833527103138678171	0.3570986286759080807762	-255.809658	-250.105876	0.394091	1.000000
-2.8935491353137905434778	3.7500765010622227890735	1.7349511309623479871078	0.0518613853028638133180	-254.555524	-248.851742	0.394091	1.000000
-2.9115921372516382348294	1.3067404080184297221479	2.3622887667897694008445	0.4997715089005297928182	-254.916907	-249.213124	0.394091	1.000000
-2.8654449604282352659368	0.5344829772658611366509	2.3320059180645609231419	0.3483799970978810889299	-254.690971	-248.987189	0.394091	1.000000
-2.8260713029307824584180	0.5356454984936066532342	2.7183841769031311663696	0.3490383835493871544919	-254.604740	-248.900958	0.394091	1.000000
-3.0131177679278455805445	-1.4338719868116469591257	2.7056829237777755281513	0.3672410472466356989862	-255.635053	-249.931271	0.394091	1.000000
-2.9961478371890821748025	-1.3244835060766613210603	2.4001692209381588760664	0.2921873011965889777031	-255.296805	-249.593022	0.394091	1.000000
-3.1895065726360014579654	3.8855728479714519707500	2.5637930140101103937411	0.1208909689664508235740	-256.513843	-250.810061	0.394091	1.000000
-2.6916624098949064602948	1.1339696882575545089367	2.9811479914159515480776	0.1807904120796603453236	-256.177577	-250.473795	0.394091	1.000000
-2.7876723433497683224402	2.6932765512522403028584	1.9917275827755038797306	1.7022701237617665626090	-255.466493	-249.762710	0.394091	1.000000
-2.8238782568634444025690	3.9176108874586312857957	2.2855798462543637228350	0.7281253984433149195610	-254.706608	-249.002826	0.394091	1.000000
-2.8238782568634444025690	3.9176108874586312857957	2.2855798462543637228350	0.7281253984433149195610	-254.706608	-249.002826	0.394091	1.000000
-2.8238782568634444025690	3.9176108874586312857957	2.2855798462543637228350	0.8311857970034188802799	-254.706608	-249.002826	0.394091	1.000000
-2.8348595989559233210286	3.7403104829251816454416	2.2883500069625402062456	1.4759126383712573016282	-254.471542	-248.767760	0.394091	1.000000
-2.8420409152190684309858	3.7411587195504232283838	2.2901615706109197390106	1.8975357252589524215125	-254.338187	-248.634404	0.394091	1.000000
-2.8420409152190684309858	3.7411587195504232283838	2.2901615706109197390106	1.8975357252589524215125	-254.338187	-248.634404	0.394091	1.000000
-2.8420409152190684309858	3.7411587195504232283838	2.2901615706109197390106	1.8975357252589524215125	-254.338187	-248.634404	0.394091	1.000000
-2.8510169216820666626688	2.5151872359536140422165	2.2643515425602176449615	1.6256759827038251842168	-254.447500	-248.743717	0.394091	1.000000
-2.8510169216820666626688	2.5151872359536140422165	2.2643515425602176449615	1.6256759827038251842168	-254.447500	-248.743717	0.394091	1.000000
-2.8250332179167938484454	1.9345931103460849431741	1.1453268987993099337075	1.8387383621978201642122	-254.597802	-248.894019	0.394091	1.000000
-2.8386980655085887192968	3.0307198547277494071750	0.7366766703180317454880	1.8376982550891383105807	-254.357336	-248.653554	0.394091	1.000000
-2.7809328120839049702795	2.2922047810163781456083	1.8015858290785093931419	1.5639228863638034994210	-255.624978	-249.921196	0.394091	1.000000
-2.7573004921598500693847	1.7723393154437330210271	1.3968807253652846256387	1.6129733647196446977290	-255.799625	-250.095842	0.394091	1.000000
-2.7357987794326561470371	1.1916495536006674882401	1.3950703630230265606116	1.3587731122389683502405	-255.305609	-249.601826	0.394091	1.000000
-2.9496752680505466948091	2.4865101143003598416215	0.7297126831951102898799	1.4962526418092849667119	-255.011800	-249.308018	0.394091	1.000000
-2.8407530475219271437481	1.9493205035089702370499	1.1021610779699535509479	1.9247684539389544600141	-254.406416	-248.702634	0.394091	1.000000
-2.8325875207109030284869	1.9483560147367589010514	1.1001012367098443878177	1.4453612681286229779687	-254.503656	-248.799874	0.394091	1.000000
-2.8063686329162056409814	1.6020213002413909997301	1.9935155606217156432081	1.4806029954810075999205	-255.142594	-249.438811	0.394091	1.000000
-2.9181223693503692828699	2.3872467317290926303031	2.4692599083776816115687	1.1183004539681673517038	-255.064492	-249.360709	0.394091	1.000000
-2.8240719736634418701726	2.3044203428282843404418	2.4109543780861955042383	0.6488088158658888993102	-254.706608	-249.002826	0.394091	1.000000
-2.8417506878514746659903	2.3202050326609473529516	2.1825879590788335171681	1.0605286368701503096901	-254.338630	-248.634847	0.394091	1.000000
-2.8824912428725366630999	2.3181355933965814841713	2.8802727652307020811406	1.0568411825599695053057	-254.585164	-248.881382	0.394091	1.000000
-2.8565427394448574816010	2.7311332871973821312395	1.9591537905493361382270	0.6823060512649090636472	-254.578497	-248.874715	0.394091	1.000000
-2.8645843388452596478544	3.7575112097091136753590	1.0433986097615302046648	1.0149773058891273791460	-254.720216	-249.016433	0.394091	1.000000
-2.8195892198892682500855	0.4050605668993857433335	1.2168821289814644170946	1.0613712934701442502927	-254.790198	-249.086415	0.394091	1.000000
-2.7803234355223036544658	0.4546752464430339202295	2.0929941711627857436895	1.3685291712428362398413	-255.697417	-249.993635	0.394091	1.000000
-2.7022098910837151208852	1.2976841235008467201339	2.8912994928794879534451	0.1934071758878084246192	-255.912661	-250.208878	0.394091	1.000000
-2.8572654912082664502293	1.4442652473741279806063	2.5452653619341312207780	1.0194218459065220727666	-254.570080	-248.866298	0.394091	1.000000
-2.8478620009370017029937	2.1880524496510256327042	2.0730977861041344212367	1.5238443604369269479548	-254.383104	-248.679321	0.394091	1.000000
-2.9606483890440693507173	2.0916290003515407569523	1.5790474305140007604820	1.0554185913808047381224	-254.909433	-249.205651	0.394091	1.000000
-2.7354024226128639263322	3.8402737471778536360034	0.8755383892854344818346	0.1413991002408640507149	-255.327159	-249.623376	0.394091	1.000000
-2.7354024226128639263322	3.8402737471778536360034	0.7247581256066857324782	0.1413991002408640507149	-255.327159	-249.623376	0.394091	1.000000
-2.7397255715096706651934	3.3720205626822901123774	0.6029956225846156980808	0.3015554099496371431854	-255.428755	-249.724972	0.394091	1.000000
-2.9838894391105763581606	1.2546025139298020434353	0.9316219614707601515136	0.2960000441827144168627	-255.135286	-249.431504	0.394091	1.000000
-2.9911182221883003684582	1.2554563572000003723872	0.9334454991295642045657	0.7204099606925080667708	-255.217308	-249.513526	0.394091	1.000000
-3.0553460603510069759636	2.4036899517028942341312	0.9356387693546843742354	0.6300264086550761977179	-255.902058	-250.198276	0.394091	1.000000
-3.0177113132270299011850	2.2623730331755638189861	2.7543885909390510846606	0.6443679176814638420723	-255.751676	-250.047894	0.394091	1.000000
-2.8780352125659702799965	-1.9645416368549537544652	2.6579105275589052226337	0.0927286049660319550147	-254.589045	-248.885262	0.394091	1.000000
-2.9061879439049782547499	-1.9612163164057085928960	2.6650123544145301046626	1.7456068596656257874145	-254.738256	-249.034473	0.394091	1.000000
-2.9054583988820446016632	1.6984266898914655019581	0.9573326158212576153517	1.7027744577323824515247	-254.725504	-249.021722	0.394091	1.000000
-2.9452335833915959106832	-1.2331931704444352160266	1.1965409888289657569516	1.4514271036356041211235	-255.148467	-249.444684	0.394091	1.000000
-3.0111615152217230395593	-1.2351397160570403155333	1.1926795977419799577035	1.4503246899953274873241	-255.579676	-249.875894	0.394091	1.000000
-3.0111615152217230395593	-1.2351397160570403155333	1.1926795977419799577035	1.4503246899953274873241	-255.579676	-249.875894	0.394091	1.000000
-2.8734740829790359484264	-1.6217560631307910146148	1.1285519717618694990335	1.4766844486958519144792	-254.623483	-248.919700	0.394091	1.000000
-2.9356034172436840101739	-1.6215387006220767229792	1.4687381524030791446478	1.2833753483337893008809	-255.163198	-249.459416	0.394091	1.000000
-3.1376035223211178326608	-0.8402491441583925801950	1.6101401796480911965403	0.6793776957301654872978	-256.401245	-250.697462	0.394091	1.000000
-3.1799731886989368589980	-0.9728429389622716971786	1.5835464971668034017682	1.3320761058863272996433	-256.406186	-250.702403	0.394091	1.000000
-2.9834762483053078874207	0.7392325311282972322147	1.1886054380672732566637	1.1260901909644025487012	-255.180970	-249.477188	0.394091	1.000000
-2.8939820639627393816795	2.8307410291875956254160	2.5168284142851544693542	1.1282738992205969541516	-254.579605	-248.875823	0.394091	1.000000
-2.8537534709670557830918	2.5844834373857561438115	2.5148309328419267139054	1.0403704517110174965211	-254.507180	-248.803398	0.394091	1.000000
-2.8537534709670557830918	2.5844834373857561438115	2.3600896151640391451565	1.0403704517110174965211	-254.507180	-248.803398	0.394091	1.000000
-2.8515508158771796232145	3.5210194237244385462304	2.3586906259165711929882	1.0391781771790433719360	-254.446326	-248.742544	0.394091	1.000000
-2.8133339608410881105272	-1.3780891426737928995294	2.3582704579416673418280	1.3678613506478320971382	-254.965148	-249.261365	0.394091	1.000000
-2.8832831567363879088362	-1.0817079748073918921136	2.2718675161290513564438	0.7669451125084216780436	-254.598915	-248.895132	0.394091	1.000000
-2.8784412356749946582113	-1.0822798887337956585952	1.8200397539982535732861	0.4826705269637052708731	-254.583310	-248.879527	0.394091	1.000000
-2.9640016017381989321677	-0.5949618502639841821633	2.8841474650153915426642	1.8873520106868431067682	-254.956208	-249.252425	0.394091	1.000000
-2.9288019045932833783752	-0.5931738619725186456577	2.2813502309949305058012	1.8905379583227301942827	-255.230278	-249.526495	0.394091	1.000000
-2.9288019045932833783752	-0.5931738619725186456577	2.2813502309949305058012	1.8905379583227301942827	-255.230278	-249.526495	0.394091	1.000000
-2.9551971427455594465528	3.4342672250228196695332	2.1990923327322238201020	0.9915274837406121699601	-254.918524	-249.214742	0.394091	1.000000
-2.9506545340981573666284	3.4337306650263408336343	2.1979464112335871384118	0.7248258638342658377596	-255.024311	-249.320529	0.394091	1.000000
-2.9676391402719026757495	3.4357368383369095710123	2.2022309593580451370087	1.7220110346500634435074	-254.971485	-249.267702	0.394091	1.000000
-2.8299416028577479842454	2.2017778348128862475619	2.4760961290513328059149	1.8103496008923549709380	-254.473307	-248.769525	0.394091	1.000000
-2.8586726967692333012394	3.1738983696028979508696	2.4772889148923802338231	0.0763693925067068235535	-254.642741	-248.938959	0.394091	1.000000
-2.8638864414051923290572	0.0964164975574716975881	2.1216475219621031556017	0.6366554619713659102231	-254.722563	-249.018781	0.394091	1.000000
-2.9059259119555105321808	-1.1144566995081641724852	2.9377447736524140431413	0.2977040997095473096046	-254.752876	-249.049093	0.394091	1.000000
-2.9214744584609606548042	-1.0766573840185453825313	1.4453440673873005906103	0.8337465202969271960143	-255.167053	-249.463271	0.394091	1.000000
-3.0987764964120754207499	-1.4279485258178323814349	1.3671283282525827917908	1.0728504453889045056059	-256.212536	-250.508753	0.394091	1.000000
-2.9972658878992919362361	-1.4189941908837080397632	1.8008207311395103555896	0.2526418301150997747229	-255.382528	-249.678746	0.394091	1.000000
-2.9972658878992919362361	-1.4189941908837080397632	1.8008207311395103555896	1.1853934480104220128283	-255.382528	-249.678746	0.394091	1.000000
-2.9780278467173442180638	3.0699696376973459877036	1.7959677299912248926717	0.0559065946834196303428	-255.037741	-249.333959	0.394091	1.000000
-2.8717343571080427011566	-1.4544862466572947568011	2.5014733724497131284181	0.0647541894062693135226	-254.632898	-248.929115	0.394091	1.000000
-2.8860024289841246236676	-1.4528009426415138261035	2.5050726458135428309504	0.9024486019476732900912	-254.612596	-248.908813	0.394091	1.000000
-2.8909161483604410847192	-1.4530718163928626474046	2.5913459650592365335342	0.3868349910561539317655	-254.582661	-248.878878	0.394091	1.000000
-2.8909161483604410847192	-1.4530718163928626474046	2.5913459650592365335342	0.3868349910561539317655	-254.582661	-248.878878	0.394091	1.000000
-2.8144225480241127357317	-0.3278157841209764500334	2.6601130606231913056092	1.3235343787796745029794	-254.976507	-249.272725	0.394091	1.000000
-2.8144225480241127357317	-0.3278157841209764500334	2.6601130606231913056092	0.4191949312585190323688	-254.976507	-249.272725	0.394091	1.000000
-2.9168263070806403902679	1.2106649039705306147852	2.0440489054066319773995	0.8238316183032475814585	-255.021380	-249.317598	0.394091	1.000000
-2.8760430817993043461911	-0.1692411620183331688594	2.0423557692588159007130	0.5260071102264484155242	-254.600896	-248.897113	0.394091	1.000000
-2.8981688601326291987448	2.7220855899064098082363	2.4212612446374501828927	0.5240044915424577620655	-254.596590	-248.892807	0.394091	1.000000
-2.9217035582027368612046	2.7217500325369052838198	2.1296033261705940020647	0.4605718198456261180951	-255.168687	-249.464905	0.394091	1.000000
-2.9389797969105413422142	2.4324358105817522890391	2.5708751042139414977328	0.4589636272490183466211	-255.169206	-249.465424	0.394091	1.000000
-2.9319009508364182181595	2.4336026982469789459174	2.3690062496833430571996	1.0912580951180883559459	-255.179437	-249.475655	0.394091	1.000000
-2.9473179631625003871420	2.9552394418206091586399	2.3696462947185392700078	1.0899433063129297938332	-255.100401	-249.396619	0.394091	1.000000
-2.9810212608909578690941	3.3753851866354773747503	1.9115398605021820532812	0.9242448196933125137420	-255.089509	-249.385727	0.394091	1.000000
-2.7906312813846869680390	2.8164032570164994062623	1.4668184732969180572582	0.1696990385432630144003	-255.405856	-249.702074	0.394091	1.000000
-2.8630056585763909993148	3.1319066046301369254934	0.8676334970870144269739	0.6217704058318044291198	-254.676239	-248.972457	0.394091	1.000000
-2.8527449146063648122151	3.7052602855404428439101	0.8672075171308120111746	0.2542176320443483295008	-254.529490	-248.825707	0.394091	1.000000
-3.1408401094837805622717	3.8922701398301242647904	2.5278998524416915749669	0.7152336314357403690423	-256.456099	-250.752317	0.393578	1.000000
-2.8269292718597727187557	1.3094456747398979246100	2.5624490208245962463707	0.8433055023566622399045	-254.620373	-248.916590	0.393578	1.000000
-2.8796797957242992183069	1.5364401247633070468623	2.7020095601078759628422	0.4923388270560200008497	-254.576764	-248.872981	0.393578	1.000000
-2.7027423127449949902257	0.1827375066006269310748	2.6324715135591580938978	0.2979448411735686752522	-255.894620	-250.190837	0.393578	1.000000
-2.7027423127449949902257	-1.9053186540849458285862	2.6324715135591580938978	0.2979448411735686752522	-255.894620	-250.190837	0.393578	1.000000
-2.7027423127449949902257	2.7464257984081790198161	2.6324715135591580938978	0.2979448411735686752522	-255.894620	-250.190837	0.393578	1.000000
-2.7094238766080476210618	2.7470914934954535624456	2.6355340471065598073608	0.7703893354558239980889	-255.610811	-249.907029	0.393578	1.000000
-2.7524863911264612070795	1.7631395135773699767157	1.6015785365306003384944	1.5628093746944267117271	-255.705279	-250.001497	0.393578	1.000000
-2.7101736401415887911526	1.7654599909234580668027	0.7966862531195232355330	1.4778273884492216794229	-255.600711	-249.896929	0.393578	1.000000
-2.7097715371730917155446	1.7654199287499618975517	1.3720199945060627122473	1.4493952223434103387945	-255.605568	-249.901785	0.393578	1.000000
-2.9449970506048259721865	2.6790234875488958543599	1.4814185049732755405927	1.8052447457453253409909	-255.148467	-249.444684	0.393578	1.000000
-2.9079913563339983006983	2.6807181868505836064287	0.8177067570732182710813	0.2660152962476021176741	-254.762087	-249.058305	0.393578	1.000000
-2.8606993514414056356543	3.4061800490425313547860	1.2203716252680143483644	0.4107606587666226549693	-254.621627	-248.917845	0.393578	1.000000
-2.8625989541970158214212	1.4275016030004261669006	2.3972208885069070660734	0.0450269468255055857475	-254.668291	-248.964508	0.393578	1.000000
-2.8724663103708012457105	1.4270497211496266931618	2.5741958201302943542998	1.7181709403624847443126	-254.631127	-248.927344	0.393578	1.000000
-2.8622288241923912188724	1.4508471215501168583017	2.3787799182251001539612	1.7195489400393166867786	-254.687172	-248.983389	0.393578	1.000000
-2.8663949049738128849185	1.4512621949620043704243	2.3806894655130999005621	0.6363839458955404815299	-254.697083	-248.993300	0.393578	1.000000
-2.8608534547498205569127	-1.2417790358540914397167	2.8535518650415383490326	0.2735369343218170268273	-254.620504	-248.916721	0.393578	1.000000
-2.7381806767895828791382	-0.7921665204602031939984	0.6700609430417592271567	0.2218617953271952436545	-255.401527	-249.697745	0.393578	1.000000
-2.7940789062772708462035	-1.0309912376205605522017	0.7112785149910241244697	0.5471976823870793316118	-255.380314	-249.676532	0.393578	1.000000
-2.8562849482074517126762	1.0307834326981206718443	0.7150370214958946535333	0.8172285525659352956040	-254.566771	-248.862989	0.393578	1.000000
-2.7423991636488875833777	1.4022109609583848222059	1.3583065408336640889075	0.8048005570964624766361	-255.501424	-249.797641	0.393578	1.000000
-2.7388289344921328272164	1.2234172965999920990043	1.1355526826353674607617	1.7863307344140366694774	-255.383773	-249.679990	0.393578	1.000000
-2.7388289344921328272164	0.4330137268690692486928	1.1355526826353674607617	1.7863307344140366694774	-255.383773	-249.679990	0.393578	1.000000
-2.9553111220321124363863	1.1143579192361976470949	1.2528886416521842761540	0.9376157799939971448921	-254.914025	-249.210242	0.393578	1.000000
-2.7901843546266333895289	0.4507783450903704025592	2.3178144186237013002483	1.0821447004356044008233	-255.399554	-249.695771	0.393578	1.000000
-2.7985405146914898999455	0.4516108829239779409725	1.4229623224862160135729	1.6729976649359032947473	-255.311921	-249.608138	0.393578	1.000000
-2.7985405146914898999455	0.4516108829239779409725	1.0025088478557135918123	1.6729976649359032947473	-255.311921	-249.608138	0.393578	1.000000
-2.8745379541336451012512	3.8558771700794158832082	0.6801525569767353784911	1.5120681470057208972690	-254.597407	-248.893625	0.393578	1.000000
-2.8745379541336451012512	3.8558771700794158832082	0.6801525569767353784911	0.7931840405412173833355	-254.597407	-248.893625	0.393578	1.000000
-2.8745379541336451012512	3.8558771700794158832082	0.6801525569767353784911	0.7931840405412173833355	-254.597407	-248.893625	0.393578	1.000000
-2.9014036926340875943708	3.8542251978938408818465	1.5948328826292197391012	0.7868771734779529403170	-254.627329	-248.923546	0.393578	1.000000
-2.9008670430980076915262	3.8541717306267342380011	1.5945869062019748518821	0.7489313985251714322899	-254.621477	-248.917695	0.393578	1.000000
-2.9205499765235218845305	3.6053369013450060620585	1.0915624634458056529951	0.3402991016781544697523	-255.148619	-249.444836	0.393578	1.000000
-2.8395761254791094252425	0.7439173630179811702590	1.0888087148252783009639	0.3454939941227089250653	-254.358426	-248.654644	0.393578	1.000000
-2.8324985881534172627028	0.4826755958157362136340	1.1997686952513382241392	0.4597299383095411196010	-254.504184	-248.800401	0.393578	1.000000
-2.8436618976860232876902	-0.3301509524546866192196	2.3262251455720570625374	1.5377021353923523427909	-254.401217	-248.697434	0.393578	1.000000
-2.8865719602482644567942	1.3705731822403652842013	2.3254639764636495513628	1.1646223113893912071148	-254.621722	-248.917939	0.393578	1.000000
-2.8628852960379425063309	-0.6743850550522154652100	2.3848591055209080735722	1.3807545570591654993109	-254.673927	-248.970145	0.393578	1.000000
-2.9661922379161662632896	-0.6026644813955425172836	1.4129964425142169659466	0.4379636545476524034370	-254.952316	-249.248534	0.393578	1.000000
-2.9843811568660814081966	1.9720939102259331665579	1.1986384699968755107591	0.4712714438476379719134	-255.179915	-249.476132	0.393578	1.000000
-2.9812603119209217794605	1.9717829753623712374377	1.1972080126164346136619	0.2506006484964781177993	-255.112547	-249.408765	0.393578	1.000000
-3.0107355244994162823957	1.6784049973546169010064	1.5375141024977476700286	0.3858453288452941554176	-255.573941	-249.870158	0.393578	1.000000
-2.7840881377762580761726	2.7988974766602225940915	1.4843664410402397368927	0.3415529208531896121492	-255.544385	-249.840603	0.393578	1.000000
-2.8063805671466628410826	3.7771579780371560275398	1.8878829167670783117927	0.2152580454910236473776	-255.143631	-249.439849	0.393578	1.000000
-2.8309670190031401837416	0.9955391545751473003634	2.0282268975285195899971	0.6531255633798814796975	-254.483436	-248.779654	0.393578	1.000000
-3.0105417076835481182684	1.5435282224680311191634	2.2049535900047820824454	0.3864659833296976709782	-255.575805	-249.872022	0.393578	1.000000
-3.1239757560271943503949	-1.3653886122896123911374	2.6328777211053426832166	1.1211366384651992866850	-256.215363	-250.511581	0.393578	1.000000
-3.1209783251793687952613	-1.8278928106281679966116	1.8918288090283952307402	1.6931934147434908322083	-256.180148	-250.476365	0.393578	1.000000
-2.8479186448122368879865	1.5742960690761824693595	1.0588975197371561787207	0.0163550420031277621291	-254.383104	-248.679321	0.393578	1.000000
-2.8479186448122368879865	1.5742960690761824693595	1.0588975197371561787207	0.0163550420031277621291	-254.383104	-248.679321	0.393578	1.000000
-2.8479186448122368879865	1.5742960690761824693595	1.0588975197371561787207	1.8443766156481089524277	-254.383104	-248.679321	0.393578	1.000000
-2.8845858586751988994479	1.5716581613382489823749	1.8317534805774629003139	1.1704553979505014638107	-254.597940	-248.894158	0.393578	1.000000
-2.8332094966266709867853	-1.9015755786833614671139	2.3939457503263743554101	1.1737514579944803294609	-254.434086	-248.730304	0.393578	1.000000
-2.8365091331506429028764	-1.9012468305236758236987	2.3954581578638936001369	1.4070643680908112571615	-254.386033	-248.682251	0.393578	1.000000
-2.8262245580517864063097	-1.8578045365993132165272	2.4807110854380245434925	0.8577338450964703264745	-254.625041	-248.921258	0.393578	1.000000
-2.8442478691951746938571	0.7467241542113232100064	2.4568848504697125001428	0.8566679136461846644224	-254.399156	-248.695374	0.393578	1.000000
-2.8506503292876796962219	0.7473620417354732703430	2.4598194551851779721119	0.2079748425534246880630	-254.446959	-248.743176	0.393578	1.000000
-2.8430278342936285973508	-1.2159435102772635506341	2.3539320406111019501338	0.6656989411904321585212	-254.344817	-248.641035	0.393578	1.000000
-2.8152975439674294833026	-1.1907440268470734778816	2.1948784832498668961875	0.9399670880545459850097	-254.950525	-249.246742	0.393578	1.000000
-3.1095766331941652182991	-0.7612602220413812181832	2.1458911959953130832446	0.7472173578677115957092	-256.062698	-250.358916	0.393578	1.000000
-2.7486891370023642799936	2.9143005025969705990008	0.8581423125970375487270	1.6548570393526991217925	-255.650621	-249.946839	0.393578	1.000000
-2.7909710240674843184649	0.8481345299707978568904	1.8690606657530763889952	1.5584753348064779299165	-255.406910	-249.703128	0.393578	1.000000
-2.7366992929273679102664	3.4915544265494684594842	1.2385785680790459828415	1.4958706280269868926780	-255.365491	-249.661709	0.393578	1.000000
-2.8279631855072344670532	2.5841908547391390094106	1.5190635543202986035283	0.8321309576914466266118	-254.531396	-248.827613	0.393578	1.000000
-2.8904181185828772271407	1.7243374606990411468388	2.1508932312916062556951	0.5625473826666688159648	-254.565988	-248.862205	0.393578	1.000000
-3.0554022290874236489344	-0.2176267953509125330225	2.7452925054841599283861	0.4728243402926576854917	-255.902058	-250.198276	0.393578	1.000000
-2.8754201925361630998168	-0.4230383272985350218143	2.7692792984013840928981	0.0702858402175630114783	-254.602531	-248.898749	0.393578	1.000000
-2.8745407542054697280776	-0.4231259471714125530717	2.7688762027420708022873	0.0081019255064481987549	-254.597407	-248.893625	0.393578	1.000000
-2.8482579178085161153433	-1.1584608449995597023729	2.3263213756064673454205	0.0101499352641440995088	-254.391204	-248.687421	0.393578	1.000000
-2.8272303664781919252391	-1.1605558541777880599000	2.3166832755016506517620	0.5047757430286012869658	-254.541101	-248.837318	0.393578	1.000000
-2.8889491920561445326143	-1.9399718926548135122800	2.6447195454116450008542	0.2202368134376394004370	-254.604791	-248.901009	0.393578	1.000000
-2.9004341081536768598426	-1.9404978516909550112501	2.8507060533742296648541	0.2187398594641510873871	-254.620860	-248.917078	0.393578	1.000000
-3.0849193443424267613295	-1.9977339046478783668448	2.7244594823263157401527	0.5418923077306888602678	-256.260629	-250.556846	0.393578	1.000000
-2.9618407062880183211462	-1.9940957191248120938809	2.7047151252298626822324	0.6169377188218621022031	-254.940722	-249.236939	0.393578	1.000000
-2.9039121060926285089465	-1.9924581000989030066251	2.7079549390320645230190	0.6177336672408971773862	-254.669198	-248.965415	0.393578	1.000000
-2.8169794456793919579241	2.7889659854880868294913	1.1487833269497522703517	0.6290645459627245417167	-254.887652	-249.183870	0.393578	1.000000
-2.8169794456793919579241	2.7889659854880868294913	2.7860146359535464810619	0.6290645459627245417167	-254.887652	-249.183870	0.393578	1.000000
-2.7263208832942957826617	3.1028165456861014348533	2.8385410366500063439332	0.0149169994649252304897	-255.275259	-249.571476	0.393578	1.000000
-2.8513527197284127545629	3.0992819442371066784858	2.8315482926854085299340	0.0131990416305720146412	-254.450675	-248.746892	0.393578	1.000000
-2.8513527197284127545629	3.0992819442371066784858	2.8315482926854085299340	0.0131990416305720146412	-254.450675	-248.746892	0.393578	1.000000
-2.9774689161201908227383	2.1618573550742778976996	2.3103751514116392939968	0.1494996978549792132629	-255.083801	-249.380019	0.393578	1.000000
-2.9989163912492693420120	2.9197591170698671270145	2.5095946526474133264628	1.7477357024148711950318	-255.393802	-249.690020	0.393578	1.000000
-2.8772074949152326439616	1.9829941268640272067358	2.8942942394393424976329	1.9242181289856064019261	-254.587235	-248.883452	0.393578	1.000000
-2.8777129177579077179416	3.3900863259162785645628	2.0178768509577129641741	1.4794159617244049265139	-254.585691	-248.881908	0.393578	1.000000
-2.8884275463155688612460	3.5455634849870723002141	1.7358673416964625069170	1.4071078874242382017457	-254.602728	-248.898946	0.393578	1.000000
-3.1535689292048734166940	3.8301239366672246156043	2.0312918743891623662989	1.5532576895228915603298	-256.549952	-250.846170	0.393578	1.000000
-3.1632307164870776539090	2.2537368550413172663127	2.2045798467206378923322	1.5519983637480867511016	-256.556552	-250.852769	0.393578	1.000000
-2.7505163228397950803128	2.0077454002757213480379	2.2331407952193211841063	1.5545978980923076395726	-255.647560	-249.943777	0.393578	1.000000
-2.7411905985702409438431	2.0068162631816570673493	2.2288662954143787509054	0.8951883381973719799873	-255.483346	-249.779564	0.393578	1.000000
-2.8983263710653131006723	2.0023740959305769138155	2.2200780519071634522277	0.8930292670430640677992	-254.599707	-248.895924	0.393578	1.000000
-2.7691882713501199120287	3.9529217504922931070155	1.4415358415359322830085	1.2304714799685778636729	-255.690498	-249.986716	0.393578	1.000000
-2.7759613005356227333209	0.9218869998920560249189	1.9304496688250871727632	1.1189417708023698949660	-255.672239	-249.968457	0.393578	1.000000
-2.8306903918372494644018	0.9193806463527306460648	2.9120375450839004471959	1.4860274826234112222068	-254.477717	-248.773935	0.393578	1.000000
-3.0628119768865409433545	0.2047565358244781141828	0.8142506492278309693233	0.5634271130527046533842	-256.031024	-250.327242	0.393578	1.000000
-2.8449575179096204813334	1.4584177502342341448127	1.4619188342793103529971	0.6263953927396086474033	-254.347973	-248.644190	0.393578	1.000000
-3.0390402196590700079071	0.5132629938923767287662	1.9216532010081248671440	0.2735203517440507048342	-255.963636	-250.259853	0.393578	1.000000
-2.9968129516555510605258	-0.9789462583163253128760	2.0620663224408595226578	0.2762294499612683029710	-255.299484	-249.595702	0.393578	1.000000
-2.9674604000102151601936	-1.5473832545121106729624	2.3292256151559733723388	0.8294686327517211132943	-254.969950	-249.266167	0.393578	1.000000
-2.8590653100977165834706	-0.6327561972628077402447	1.7564281775514096750612	0.5650257405261054355350	-254.622604	-248.918821	0.393578	1.000000
-2.9119873082794200946921	-1.4862963699751019497342	1.9870292813732233216939	1.1953063388800231336973	-254.908243	-249.204461	0.393652	1.000000
-2.9824020993863600281770	3.7496046688071178465407	1.5016478564954538477139	0.8775902023421408015835	-255.134724	-249.430942	0.393652	1.000000
-2.9185080036463206809572	3.7348534955638461596550	1.4333466309245415093443	1.3616182938069489871680	-255.077241	-249.373459	0.393652	1.000000
-2.9298864937585413770194	3.7349914458129389593921	2.2325893492963837516641	1.3083548939256817167376	-255.228031	-249.524249	0.393652	1.000000
-2.7722988644215460496412	1.8100439982032021646319	1.2878094376366362450170	0.0595076359655628550627	-255.683187	-249.979405	0.393652	1.000000
-2.6738946657654083516320	0.4465022322937806098508	0.6746111794383238269290	0.2121358084225395401745	-256.772892	-251.069109	0.393652	1.000000
-2.6738946657654083516320	0.4465022322937806098508	0.6746111794383238269290	0.5171217858249672616466	-256.772892	-251.069109	0.393652	1.000000
-3.1146280888504898065605	0.5014224983229933485518	0.6119394922002273640160	0.2808638335753794734728	-256.060771	-250.356988	0.393652	1.000000
-3.1798707796828460381278	0.4994710213833758460922	0.6069476826091041443689	0.0809359325533034468236	-256.390040	-250.686258	0.393652	1.000000
-3.0399808315330925090336	-0.8244850136799317663616	2.0860692041401369678510	0.6541023505186975839365	-255.956405	-250.252623	0.393652	1.000000
-2.8329546131252296703451	-0.1431506475445011028480	1.2315605579313819717413	1.5564882936595088036569	-254.427629	-248.723847	0.393652	1.000000
-2.8044307599979574341376	2.0612882392978351120405	2.7846107152526671235648	0.6164523021748368192263	-255.189440	-249.485658	0.393652	1.000000
-2.6929553651727093921409	2.0630784751924808873014	2.3649993201582821811257	0.4213305891357630450500	-256.167991	-250.464208	0.393652	1.000000
-2.7894172204709728468686	1.6495612621348769710750	2.7073535581814973660641	1.2117651279330798885780	-255.419567	-249.715784	0.393652	1.000000
-2.9012391800550951792559	3.8755115229404304422189	1.9954737992640654287158	1.1022578502828603852493	-254.628204	-248.924422	0.393652	1.000000
-2.9638785405251133475701	1.5873656192694378663788	0.9648069725743819713415	1.5221624397257054184252	-254.942951	-249.239168	0.393652	1.000000
-2.9990094127214974584206	-0.8775058949521195028609	1.5306166928478490696364	0.9143942213828094578432	-255.393802	-249.690020	0.393652	1.000000
-3.0533325718245891700064	-0.1320434756057024539011	1.0752848881590715279799	0.9650928040923065776013	-255.846850	-250.143067	0.393652	1.000000
-3.0253897892253873713742	-0.0003226680297613356702	0.7963939873153779158699	0.0833779460793740434532	-255.833290	-250.129508	0.393652	1.000000
-3.0109908795535504921759	-0.0005451237988830047844	0.5331767806665044240333	1.4066312234271705072786	-255.577339	-249.873557	0.393652	1.000000
-2.6894693153104451965874	-0.2854177108019765873870	2.3135953572867409278047	1.2571805118947811941155	-256.255522	-250.551739	0.393652	1.000000
-3.1656257687477711293411	1.4595204641259427180700	2.5962676939304349943427	0.7412583894533895101375	-256.497285	-250.793503	0.393652	1.000000
-2.9564539498768285241681	3.4760530717481517015699	1.7956933858501762379944	1.3561746410781116978228	-254.922185	-249.218402	0.393652	1.000000
-2.9383538606870218679035	3.6966853341010628142271	2.0355384458740681807853	1.2945354375457078788259	-255.153596	-249.449813	0.393652	1.000000
-2.8628098220006465979282	3.5302328647106295811398	2.6205682083797476877862	1.3778609301976727508077	-254.669731	-248.965949	0.393652	1.000000
-2.8628098220006465979282	3.5302328647106295811398	2.6628066261658860369721	0.0844117555018286669366	-254.669731	-248.965949	0.393652	1.000000
-2.7101653459761281261819	-0.3355397788351157650766	2.3935235678030921668835	0.5575412150454770454644	-255.600711	-249.896929	0.393652	1.000000
-2.7952406997699630331056	-1.5406080014693595003905	2.8469771354504285199027	0.2983445639082600853165	-255.367915	-249.664133	0.393652	1.000000
-2.7396306246502795112008	-1.5383695873744052118326	2.8565169998244432925105	0.7919992892791594130131	-255.428063	-249.724281	0.393652	1.000000
-2.7396306246502795112008	3.0023926078420819507642	1.3578918445244552160034	0.7919992892791594130131	-255.428063	-249.724281	0.393652	1.000000
-2.7185609731530515631448	2.4572758993198959842630	1.3544094142831819560513	0.4049770883460151460476	-255.349257	-249.645475	0.393652	1.000000
-2.9835344995348798136092	3.6331219585812624117693	2.7064897106862861875243	0.6461858300583781522519	-255.180970	-249.477188	0.393652	1.000000
-2.8821886622951975454043	2.6603752086779377528103	1.2070467708900605163791	0.6507536690509505561408	-254.587689	-248.883906	0.393652	1.000000
-2.8563413948163152156212	2.6601123271183748641988	0.5859892730870506216689	0.8391519071601395429738	-254.566771	-248.862989	0.393652	1.000000
-2.8498268166573894610849	2.4224098017833246565544	1.6639126109151429755428	0.8394850194401962673041	-254.477535	-248.773753	0.393652	1.000000
-2.6762365309651250377954	3.6626498503778899262784	1.8299668678595162329970	0.9563751908876125806813	-256.644523	-250.940741	0.393652	1.000000
-2.8590089874127757596511	-0.1249962233924231114202	0.6695514959938018151320	1.7250345013670622673629	-254.622090	-248.918307	0.393652	1.000000
-2.8817873190776892577958	-0.1246443098513764780044	1.0859475266382010438804	1.7195520365746188584666	-254.581804	-248.878021	0.393652	1.000000
-3.0795086600971095514012	-1.8840339938221193349932	2.4360399524616753730299	0.9340458056866876024316	-256.213488	-250.509706	0.393652	1.000000
-3.1604228590958536315725	2.2356949347524097682083	2.2773244388077484856581	1.1059833363329700794964	-256.614459	-250.910676	0.393652	1.000000
-2.9177056867681319118901	1.5066859871141609072964	2.3031897455694152476724	0.9335804112272614307955	-255.060441	-249.356659	0.393652	1.000000
-2.8547105902843399327651	0.1304461868243692868052	1.8441673161539968717193	0.9415950093609101179126	-254.507448	-248.803666	0.393652	1.000000
-2.7350804778852619847385	-1.5368800790510825926560	1.9638971876709852004694	0.3894768887671510859683	-255.319229	-249.615447	0.393652	1.000000
-2.8031450363883085863392	-1.2816426476100326592444	2.7039536582533010289353	0.9068803250907594426522	-255.226052	-249.522270	0.393652	1.000000
-2.8099117349665228005051	-0.9945918622827953914367	2.7489602169549516297309	1.0663908282280827322097	-255.054198	-249.350416	0.393652	1.000000
-2.7811101922003005348927	2.9463989101207461729359	2.2224577381644232687563	1.0733230059883658302766	-255.629183	-249.925401	0.393652	1.000000
-2.9401709835704368245501	0.0726339974405292021498	1.3923850069089656056320	0.9616640304159543850560	-255.147422	-249.443639	0.393652	1.000000
-3.0237941075309850980091	-0.5401804128696805484822	2.0863299823892784701229	0.8046269698884013221729	-255.833678	-250.129895	0.393652	1.000000
-2.8914122688207912759140	1.0709260643903522058906	2.3467081636712596726113	0.9037254989665947091382	-254.590076	-248.886293	0.393652	1.000000
-2.8914122688207912759140	1.0709260643903522058906	1.6723115072498071498330	0.9037254989665947091382	-254.590076	-248.886293	0.393652	1.000000
-2.8474427068051455513853	-0.8712239558190194577136	0.5439727736204379437979	1.3965862335127836590942	-254.381025	-248.677243	0.393652	1.000000
-2.9638647352811418045349	-0.8897068984187923579299	2.1050820725121170973182	0.1076381107593941122147	-254.942951	-249.239168	0.393652	1.000000
-2.9930503937744834530577	-0.8892559949646122730016	2.6386063238553276733001	0.1006134810592087813763	-255.231290	-249.527508	0.393652	1.000000
-2.9930503937744834530577	-0.8892559949646122730016	2.1709341778085118335184	0.1006134810592087813763	-255.231290	-249.527508	0.393652	1.000000
-2.9833599150785432563282	3.3823124452504731429769	1.6476248308380316842658	1.8757998320603277431218	-255.180970	-249.477188	0.393652	1.000000
-2.9833599150785432563282	3.3823124452504731429769	1.6476248308380316842658	1.8757998320603277431218	-255.180970	-249.477188	0.393652	1.000000
-2.9833599150785432563282	3.3823124452504731429769	1.6476248308380316842658	1.8757998320603277431218	-255.180970	-249.477188	0.393652	1.000000
-2.9833599150785432563282	3.3823124452504731429769	1.6476248308380316842658	1.5024912004490493799835	-255.180970	-249.477188	0.393652	1.000000
-2.8223209163165248192229	2.4891905175429567265155	1.4476516967258976631427	1.6951313465895061494138	-254.688560	-248.984777	0.393652	1.000000
-2.8203423719278957193524	2.4891599500469627770372	1.4114831993135965593211	1.6956075579341522985288	-254.797382	-249.093600	0.393652	1.000000
-2.8203423719278957193524	2.4891599500469627770372	1.4114831993135965593211	1.6956075579341522985288	-254.797382	-249.093600	0.393652	1.000000
-2.9354198683730019503457	3.3678653902105266659817	0.9789820486409855915255	1.6065945798306153768920	-255.161908	-249.458126	0.393652	1.000000
-2.8094987341762607258033	-1.6872765424399316369630	0.9994004647689936904342	1.8261479812679981549195	-255.073088	-249.369305	0.393652	1.000000
-2.7928061395431380553589	-1.6877033068047226915809	0.7565102785546737873545	0.2905836867525823374869	-255.380517	-249.676734	0.393652	1.000000
-2.8422213960978979230276	3.2819561150827070150626	2.4185675590379940302910	0.2331814142143855961287	-254.344646	-248.640863	0.393652	1.000000
-2.9842323155054328864821	3.2787808805230724829016	2.4175585171615567858794	0.7463617972498066688303	-255.160096	-249.456314	0.393652	1.000000
-2.9944317964084001815195	3.6509373438575574155607	0.9504603910792190912815	0.7458402635056260443491	-255.292993	-249.589210	0.393652	1.000000
-2.8276409808917963850661	3.3838073738553209324209	1.7191766220503514883688	1.8434910859706477026521	-254.535407	-248.831625	0.393652	1.000000
-2.7900380046106927345306	2.0117580708800066879860	1.7224185292606786212843	1.8454138525505150436601	-255.399535	-249.695753	0.393652	1.000000
-2.7919707603922203631441	2.0405511020102009567267	1.7232405004254767177940	1.9177213191910316147926	-255.433073	-249.729291	0.393652	1.000000
-2.8148135964226992378201	2.8740355852410655046469	1.7212711256005179816242	1.6376871825134438065419	-254.958259	-249.254476	0.393652	1.000000
-2.8088311918768065211793	2.8739431601592513310095	1.6119106358480643770292	1.6391270738443586285626	-255.080265	-249.376482	0.393652	1.000000
-2.8360847356148557452116	2.6972367560875465386516	2.4614009759388553177928	1.8010688006260844318263	-254.386434	-248.682651	0.393652	1.000000
-2.8359433753518792364900	2.6972278604840522753250	2.4612911773946679616643	1.7921416553983899877522	-254.382599	-248.678817	0.393652	1.000000
-2.8370693285053043553035	3.8499277888157767968380	1.4719071973131840902482	0.8140065668556982769744	-254.381141	-248.677358	0.393652	1.000000
-2.8495934257993273952536	3.8656441420576914680396	1.5621210483620739939425	0.7990044503998678937506	-254.479358	-248.775576	0.393652	1.000000
-2.8495934257993273952536	3.8656441420576914680396	1.5621210483620739939425	0.7990044503998678937506	-254.479358	-248.775576	0.393652	1.000000
-2.7748856837205582159811	1.1397241329666933928877	1.5685619100082868193624	0.8028245083828471351239	-255.676146	-249.972363	0.393652	1.000000
-2.7541328592062619406988	0.7168155349928899688905	1.5703510963462139482516	0.8038856700609985361794	-255.752381	-250.048598	0.393652	1.000000
-2.8306556464719747623349	1.1423170428584215052581	1.4944272691309317124819	1.6413819565754912410682	-254.477717	-248.773935	0.393652	1.000000
-2.8415448143136452507918	1.5396386547291638358104	1.4934884691945524703982	1.6408251568197482761491	-254.338481	-248.634698	0.393652	1.000000
-2.7467397300886817745891	-0.6209031945331058288673	0.8496173637243984444467	0.4656211322127452589825	-255.599673	-249.895891	0.393652	1.000000
-2.9674939464732275062886	0.9049368947599774060109	1.8075562753234555302129	0.7653029087012157560821	-254.969950	-249.266167	0.393652	1.000000
-2.7567629291578379380212	-0.0891775518198276995196	2.3487369125316037710149	1.0200581585569259424062	-255.806809	-250.103027	0.393652	1.000000
-2.6669609185694986841497	0.1520545371085718633353	2.4627313167435507246239	0.8653357554178183752569	-257.246226	-251.542443	0.393652	1.000000
-2.7004165095636816218416	1.7021517238317973585993	2.9145532847450672520040	1.4211544751086770954629	-255.941845	-250.238062	0.393652	1.000000
-3.0600060926119811988144	-0.5024160385470732848034	2.2381262311501406436776	1.1967793734947609340935	-255.989923	-250.286141	0.393652	1.000000
-3.1213578746172392364144	1.0156055532738657021241	2.7170791812422305788743	1.0095363745267733612820	-256.185090	-250.481308	0.393652	1.000000
-3.1213578746172392364144	1.0156055532738657021241	1.3576676842635946318438	1.0095363745267733612820	-256.185090	-250.481308	0.393652	1.000000
-3.0352693106645203258154	2.3598467752395606567006	0.5338772837563798834282	1.0309375957983404337170	-255.990954	-250.287172	0.393652	1.000000
-2.8911098272895889849110	3.3642276973064948464298	0.5283902629084628044254	0.0797174463436115532389	-254.584003	-248.880220	0.393652	1.000000
-2.8420861125161129834282	2.8927191881202478640489	2.0281908192511819422066	1.3835792374778226321297	-254.338187	-248.634404	0.393652	1.000000
-2.8531442962627173720591	1.8404788093296757800488	1.7281058873669454811761	1.4793970501626039215637	-254.500796	-248.797013	0.393652	1.000000
-2.8622308824690891881914	1.9115879823532844206113	1.6224123131576246858998	1.9325071179408419563828	-254.687172	-248.983389	0.393652	1.000000
-2.7703259605103860430120	-1.0429270667411179029926	0.6432307461753011823546	1.5776238725110538485552	-255.677064	-249.973281	0.393652	1.000000
-2.9452113052808615023537	0.2171137363157788768842	0.9144393744226931852737	1.2162376048330492128713	-255.148467	-249.444684	0.393652	1.000000
-2.8343741243242659422208	0.1899264579732889701713	2.6025921954018649273621	1.3784092073881228923682	-254.426932	-248.723150	0.393652	1.000000
-2.8554407860256003637289	0.2661098576689236994142	1.3820770752984545826081	1.7820586322339506679668	-254.591086	-248.887303	0.393652	1.000000
-2.8554407860256003637289	0.2661098576689236994142	1.3820770752984545826081	1.7820586322339506679668	-254.591086	-248.887303	0.393652	1.000000
-2.8495286623266737890958	0.0503895609675150679685	1.3825867837934580073522	1.7823609389923134038725	-254.478207	-248.774425	0.393652	1.000000
-2.8608981879098296374764	0.0505455218266552472328	1.6017063925326637807700	1.0217564794653615223297	-254.701201	-248.997418	0.392957	1.000000
-2.8395519754996541017533	0.0498561657207309619211	1.1183478815842884390719	0.9914308579713788649457	-254.358426	-248.654644	0.392957	1.000000
-2.8510757625571514495277	-0.9292698598546100807738	1.1208029865854904905120	1.2009737615426736567770	-254.447500	-248.743717	0.392957	1.000000
-2.8837496459696994044464	0.7504701970352947171250	1.0883429973202523033393	1.0956772388517550531617	-254.601318	-248.897535	0.392957	1.000000
-2.7130958881615989675140	-0.3475924799571228351880	0.6081967674391071110307	0.9490342897937357191651	-255.494955	-249.791172	0.392957	1.000000
-2.9240824206168674059825	1.5629151550385447233538	0.7125846177056045505083	0.9929712300208439756943	-255.229653	-249.525870	0.392957	1.000000
-2.9161453057754660456169	1.5635893004353706992049	1.3580719870488364708905	0.5179535319850581132073	-255.017104	-249.313322	0.392957	1.000000
-2.8613712206632020418340	2.0054692914894989286267	1.0433824143835734865604	1.0119173837496988621609	-254.699837	-248.996054	0.392957	1.000000
-2.8842205054749792125790	2.8469603831574192831511	1.0422570918096576431111	1.0537866003475737652906	-254.601527	-248.897745	0.392957	1.000000
-2.8906158342140919614849	2.8470481107373735163435	1.1655113050856393819288	1.0518460358249432928801	-254.566468	-248.862686	0.392957	1.000000
-2.9670529279583135462417	0.5868926932656071127070	2.7525557340160928809780	0.7608515199232126491324	-254.971965	-249.268182	0.392957	1.000000
-2.9518388512603985773808	0.0151147166102948427024	2.8503714176622794163052	0.7604639748939108212511	-254.971377	-249.267595	0.392957	1.000000
-2.9529955355054648968860	-0.4156002246410004374866	2.4401567585344654531809	0.4218415697812301079495	-254.945658	-249.241875	0.392957	1.000000
-2.9099939874426556940534	2.5955281907960410237024	0.7224367006522094403209	0.3020471061967219816857	-254.832375	-249.128592	0.392957	1.000000
-2.8199800712164870830634	-0.7873898733460205079382	0.7294790097583363497336	0.2997542003244761943392	-254.790289	-249.086506	0.392957	1.000000
-2.8199800712164870830634	-0.7873898733460205079382	0.7294790097583363497336	0.2997542003244761943392	-254.790289	-249.086506	0.392957	1.000000
-3.0032672075006070500081	-1.5136755765759344338761	1.2585364192251704551495	1.8630780599462051227988	-255.518637	-249.814855	0.392957	1.000000
-3.0015490029683942196925	-1.0871788672872069181352	1.2024520162890885988105	1.0356378285965690544401	-255.492277	-249.788494	0.392957	1.000000
-2.9673601636463207142924	2.7783160604931449455535	2.7848364101367240053264	1.8456761183907992585063	-254.971354	-249.267572	0.392957	1.000000
-2.9673601636463207142924	2.7783160604931449455535	2.7848364101367240053264	1.8456761183907992585063	-254.971354	-249.267572	0.392957	1.000000
-2.8632119844253658413891	-0.3929301267883984483120	2.9760262563985255823695	1.8331245541924705566572	-254.673591	-248.969809	0.392957	1.000000
-2.8632119844253658413891	-0.3929301267883984483120	2.9760262563985255823695	1.3655887937041908397617	-254.673591	-248.969809	0.392957	1.000000
-2.8538428500266204146385	-0.3928300114064362524857	1.9353341280355196296625	0.5622454785130936993909	-254.506821	-248.803038	0.392957	1.000000
-2.8806107664818667579709	3.3108689971870965962353	2.4512198030831240380678	0.5541231643777619897406	-254.584256	-248.880473	0.392957	1.000000
-2.8503084101393882932030	3.3104533262345507971247	1.8672165025868403542830	0.5633179501454879112288	-254.440046	-248.736264	0.392957	1.000000
-2.8157975516006206184727	1.5618893060791161353507	2.9760475521860962899723	0.6856036474355071685949	-254.908447	-249.204665	0.392957	1.000000
-2.9185508536779938282280	1.6178096920599978059130	2.0299994358112058989718	0.0880130002453422960462	-255.077366	-249.373583	0.392957	1.000000
-2.8562821633364352535978	1.6177492009851781595842	1.2093088854056357472899	0.1011528720459073521498	-254.566771	-248.862989	0.392957	1.000000
-2.8710221771426378545300	1.6164972457526833871100	1.2294920706320464631744	1.4316007851572276621255	-254.640407	-248.936624	0.392957	1.000000
-2.8484289144960679429630	2.1538264469191092942424	0.9969112390563249492814	0.4123376699488538466021	-254.395782	-248.691999	0.392957	1.000000
-2.9107274045265185691278	3.8829507560375779995354	1.0155631249016472406055	1.8804850556850545295617	-254.852167	-249.148384	0.392957	1.000000
-2.9445158709517627038110	3.7588320182377277234309	1.5357558609454424747298	1.8438507089417894846406	-255.158670	-249.454887	0.392957	1.000000
-2.9066308675341163691996	3.7583123327294511994978	2.2716997310856217318076	1.8553463327902395274549	-254.740951	-249.037169	0.392957	1.000000
-2.9106911002898838702890	3.7976169480721857496519	2.1829464753306737634375	1.7695074692576593378135	-254.852167	-249.148384	0.392957	1.000000
-2.9106911002898838702890	3.7976169480721857496519	2.1829464753306737634375	1.1518739633572114833271	-254.852167	-249.148384	0.392957	1.000000
-2.8316518989525123473072	3.6995457665017670301211	1.6246680877828703071231	1.3666947506872815232271	-254.477534	-248.773752	0.392957	1.000000
-3.0882912348479525377343	3.6926910102488625931016	1.0438181879237045102116	0.6573112762220010285574	-256.230168	-250.526385	0.392957	1.000000
-2.7045515020626016422511	1.2667650780321992876054	0.8004963743111119800488	0.8880901872266728780403	-255.816961	-250.113179	0.392957	1.000000
-2.8100363170061251061327	1.0510442307011103046932	1.1828001910027514664847	0.2852213346511791591809	-255.057166	-249.353383	0.392957	1.000000
-2.7297228532422201929819	-1.9673098055578583931435	1.1890835776269710333253	0.2831755263983534165462	-255.245469	-249.541687	0.392957	1.000000
-2.7330187883388386005379	-1.9100637817125987183431	1.1077050589419403792135	0.3685889777425813140788	-255.256032	-249.552250	0.392957	1.000000
-2.8723846163132868980483	-1.0740549354954387339944	1.0042570194247710801960	1.6623425986889397432122	-254.631229	-248.927446	0.392957	1.000000
-2.8487825500937375977628	-1.0743786955765575186206	0.5493853119256952854954	1.6695042840744493961580	-254.395090	-248.691308	0.392957	1.000000
-2.8487825500937375977628	2.0576606793950986684649	0.5493853119256952854954	1.6695042840744493961580	-254.395090	-248.691308	0.392957	1.000000
-2.8915877713036937102231	1.2937859225717578404158	1.0984638249669069764991	1.7716853565246213353390	-254.585128	-248.881346	0.392957	1.000000
-2.7998859683056589453543	1.3277644834950044216981	1.0653215050315778533729	1.7333244067355426665245	-255.307110	-249.603327	0.392957	1.000000
-2.9697920186551867161029	2.4009865834302894782581	1.4142667541891966731527	1.5884131210123273447721	-254.991188	-249.287406	0.392957	1.000000
-2.8985648697805581619491	-0.4654773779075775941294	1.0445014962536249836234	1.4908685490484738789263	-254.599268	-248.895485	0.392957	1.000000
-2.8930655507856379848874	-0.4650102887120470818161	1.0369713965296420976614	0.9944946937372882711514	-254.557566	-248.853784	0.392957	1.000000
-3.1326629147433431299419	0.7018760902353271546872	1.8673447889261163279429	0.2628078086827307924267	-256.303020	-250.599237	0.392957	1.000000
-3.0413951048039091773489	0.7682625936431857205378	2.9770064822878321564303	0.8198358687999625082909	-255.893217	-250.189434	0.392957	1.000000
-3.0413951048039091773489	0.7682625936431857205378	1.4138547360356485960153	0.8198358687999625082909	-255.893217	-250.189434	0.392957	1.000000
-2.7324854076319460283173	1.9566779328353642863902	0.9512847860638393715504	0.1338220357764347279161	-255.277390	-249.573608	0.392957	1.000000
-2.7105876405469659928826	2.7903924176477770124905	1.4186344969505513269326	0.3954212324290342084332	-255.597895	-249.894112	0.392957	1.000000
-2.7438883808665659458370	0.8107720600077605865863	2.0604242652384332501470	1.8858701275656351015186	-255.547213	-249.843431	0.392957	1.000000
-2.8340869335873679624171	-0.0480961217607236424243	1.5425193098167613303673	1.8316253101967991945287	-254.435394	-248.731611	0.392957	1.000000
-2.8341858920830742540886	-0.0443770470136218286861	1.5425115677214868981082	1.8316278309460947149034	-254.427310	-248.723528	0.392957	1.000000
-2.9180734040910358828569	-0.0471831162370062104361	1.2678513583950330456673	1.8348624571787628401154	-255.064492	-249.360709	0.392957	1.000000
-2.9180734040910358828569	-0.0471831162370062104361	0.5763314496871053682625	1.8348624571787628401154	-255.064492	-249.360709	0.392957	1.000000
-3.0006104414572307703679	-0.5590035313021484153495	2.4312414538513018591459	1.8053270164282007037571	-255.489764	-249.785981	0.392957	1.000000
-2.9984221932588588366286	-0.5588176706362109058546	2.4282451324577283280348	1.6078136160222809003528	-255.367323	-249.663540	0.392957	1.000000
-2.9984221932588588366286	-0.5588176706362109058546	2.6899370910892281827387	1.6078136160222809003528	-255.367323	-249.663540	0.392957	1.000000
-3.0023831866939962864649	-0.6324517385831797122719	2.3897136109517589375173	1.5001884823105413602207	-255.486072	-249.782290	0.392957	1.000000
-2.8235400121232996362153	-0.1108070968365895136998	2.4661367120812016651143	1.9546787043055346977383	-254.712487	-249.008704	0.392957	1.000000
-2.8103586087844605323482	-0.2138078051918232691531	2.4520889516260671037173	1.0143435325660403734105	-255.035471	-249.331689	0.392957	1.000000
-2.7966471750769326121144	-0.1733333699297261443206	2.6034351281920367071621	1.0470508282640922370632	-255.355869	-249.652087	0.392957	1.000000
-3.1151713442963089306659	3.6021925968868542256018	2.8967873927969383096581	1.5039405100546765492453	-256.090899	-250.387116	0.392957	1.000000
-3.1168171102386064141854	3.6020528123988606594708	2.8990409048553011928107	1.6524889369549355944145	-256.085853	-250.382071	0.392957	1.000000
-2.9853196158389261327670	1.1057798628266313212265	1.8548814168889289355491	1.4778736446089000278192	-255.176719	-249.472937	0.392957	1.000000
-2.9628553001035173863897	-1.9622045750583136936029	1.4219370483191942078349	1.4846900970415475295994	-254.968030	-249.264248	0.392957	1.000000
-2.9846223181051332318248	-1.9621680508248819929662	2.1771370586611631381402	1.7186615375416649520446	-255.178238	-249.474456	0.392957	1.000000
-2.8825229929133917572415	-0.5480016850782409854048	1.5197201242520499420152	1.8511284906481397793954	-254.585164	-248.881382	0.392957	1.000000
-2.8765888893115185709348	-0.5480830858270414607247	1.4053548897530132588685	1.8529291034693358142249	-254.603780	-248.899998	0.392957	1.000000
-2.8704263086095838097833	1.5823175544870333730785	1.1372307553813745251148	1.6532968648031971525825	-254.661572	-248.957789	0.392957	1.000000
-2.8704263086095838097833	1.5823175544870333730785	1.1372307553813745251148	1.6532968648031971525825	-254.661572	-248.957789	0.392957	1.000000
-2.7346207981841490486374	0.2690548255312942282913	2.4674907736422446724589	1.1338067993974725311546	-255.307937	-249.604154	0.392957	1.000000
-3.0577059902326384488447	0.4764043005191276325405	2.5475205742961373189814	1.8165943330017508827723	-255.941530	-250.237747	0.392957	1.000000
-3.0133388404308472097171	0.4754099024146641316868	1.6224404173272606310974	0.6325120204975619442322	-255.632106	-249.928324	0.392957	1.000000
-2.9799297669836710689140	-0.1944836502413939405276	1.0414432738561427704838	0.3245658942831488036340	-255.128691	-249.424909	0.392957	1.000000
-2.6607047853566681006043	0.4862367856611837235725	1.6440806520456989758827	1.1313666817879082238107	-257.440459	-251.736677	0.392957	1.000000
-3.2233976965368369427267	1.6638467064583244425791	1.9001519421287378364127	1.2416944095431181604994	-257.744291	-252.040509	0.392957	1.000000
-3.2257280049759198270465	-1.1506002523341605225937	1.9001331334660964689220	1.2519463726402622061329	-257.742571	-252.038789	0.392957	1.000000
-3.1633999040221025822461	0.0502166796474663515437	2.3816061587664170140499	1.9652446080678958040266	-256.556552	-250.852769	0.392957	1.000000
-3.1523499732641888648743	0.0511552146320980241634	0.7250305057138052289289	0.1924322530268156583588	-256.532461	-250.828679	0.392957	1.000000
-3.1323079862155362995679	0.5514471386637912475592	0.6933238808031920719088	0.1308337587354085340685	-256.308776	-250.604994	0.392957	1.000000
-3.0929997579079788749823	2.4036067709210682252774	0.5746603213636486406912	0.5433167451738556419372	-256.277327	-250.573545	0.392957	1.000000
-3.0819882946196046624721	-1.6743614915891067429499	0.5725915157645276032383	0.3603667604248603217876	-256.275456	-250.571674	0.392957	1.000000
-3.0830190756583140121450	-1.6744490418269786236038	0.5740029421651858809739	0.4534060546790071311030	-256.234537	-250.530754	0.392957	1.000000
-2.7058417968773578188291	-0.4343385790200425256025	1.0854352268475884191190	0.2455613854909565463291	-255.737295	-250.033513	0.392957	1.000000
-2.7629381442421769854434	1.0786990647422647349174	2.9257806434981779020177	0.8610924819626948334417	-255.783377	-250.079594	0.392957	1.000000
-2.8196412170189830703748	1.7464206084731983548153	1.6457908455561518490384	0.9773724889679508143203	-254.788761	-249.084978	0.392957	1.000000
-3.2152628807565628576981	2.3650894247725440244778	1.7584398761441575320674	0.9289529574773717213176	-257.623377	-251.919595	0.392957	1.000000
-2.9446433806314957770667	1.3602366926520221834807	0.8219525880087406033425	0.9528539311661999855474	-255.158066	-249.454283	0.392957	1.000000
-2.9685522343341479434287	2.4004785025991650648791	0.8146368328887017007389	0.6140170832208854401202	-255.023362	-249.319579	0.392957	1.000000
-2.7358560835727008253571	2.1081669816282815332897	1.2197089754430459063173	0.4963297540169752108952	-255.305536	-249.601754	0.392957	1.000000
-2.9693014659972187807568	1.5380582470683030749115	1.1057071635926061237143	0.9427622076590599364820	-254.987885	-249.284103	0.392957	1.000000
-2.8801218824870162826812	-1.1671747737917570475474	1.1104617481574414750156	1.7908875359299298857252	-254.581648	-248.877866	0.392957	1.000000
-2.8935745230018281581863	-1.1546495648371293274437	2.8207836707867994796572	0.5967043713494410983600	-254.555524	-248.851742	0.392957	1.000000
-3.1005230660163447531374	-1.6885778842362522134124	2.9922331717381953630763	0.7816660501872506605636	-256.220801	-250.517019	0.392957	1.000000
-3.1005927848173016059263	-1.6885769278723286035415	2.9935768299476492870781	0.7816448950852666888167	-256.214248	-250.510465	0.392957	1.000000
-3.0953631999829163135018	-1.6886076733064914190408	2.8909842693782041855854	0.7824807968900077126406	-256.233706	-250.529924	0.393062	1.000000
-2.9460761681610465601011	-1.6847037686421395541458	2.8986046214318479385952	0.7839190750165941912186	-255.116821	-249.413039	0.393062	1.000000
-2.9712971549886773026117	-0.4490168232825784699891	2.8912671637886653286387	1.5851598182575947770800	-255.021048	-249.317266	0.393062	1.000000
-3.0170233192258608667657	0.2246087209092643699471	1.6706188377124875366064	0.1628287760453857313525	-255.708486	-250.004704	0.393062	1.000000
-2.7552195012002091978331	1.8561830000131140927522	2.3341184754081938379500	1.0032974256914286570463	-255.758995	-250.055213	0.393062	1.000000
-3.0544406163472257453861	2.4843161118780181517707	2.5345153973084020293527	1.3853498247361673012534	-255.858897	-250.155115	0.393062	1.000000
-3.0602398335512863702945	-0.3993921998722775867918	2.1658492265274205124115	1.6616615996704202640188	-255.990744	-250.286962	0.393062	1.000000
-3.0143934651021906390156	-0.3802939070003005239684	2.1304728875131431209411	1.6403352219962759050986	-255.632566	-249.928783	0.393062	1.000000
-2.8655883802916939373517	0.8879514152674896632078	1.4816850426661349882096	1.2368903439573242231120	-254.690887	-248.987104	0.393062	1.000000
-2.8749293283279007127362	-1.8498613805175061486352	2.2702651298320279948939	1.1590733123024850037552	-254.592781	-248.888999	0.393062	1.000000
-2.8767199819767461654862	-1.1771518240225513629582	2.1276442813580556112640	0.2746466440366079897473	-254.588958	-248.885176	0.393062	1.000000
-2.8830561989397716082806	1.0586098688290781488774	2.1324774746511963030571	0.9074684390282770074521	-254.592235	-248.888453	0.393062	1.000000
-2.8934660896579216249336	1.2514938334388401308672	2.1974671919523505181360	0.8454306463043144148628	-254.555524	-248.851742	0.393062	1.000000
-2.9385492294743005281532	1.0134356446577907906459	2.6453102733288980097370	0.3842221901329156974469	-255.162167	-249.458384	0.393062	1.000000
-2.8065182416028426892751	-1.1897792754554410432632	1.3435893309935502681896	1.1048203258900932688391	-255.142860	-249.439078	0.393062	1.000000
-2.9968346091930642138834	-1.7346509795735713943543	0.5942526916418428006850	0.7818665454856775776094	-255.298541	-249.594759	0.393062	1.000000
-2.8539379430717062291478	-1.6795023050199584524478	0.7566600313699151092450	1.1690581735796521378745	-254.506772	-248.802989	0.393062	1.000000
-2.7157647074901589689944	3.5531454848121404310746	1.6638584913149589983306	0.9042426869072286432782	-255.397794	-249.694011	0.393062	1.000000
-2.7248842209364232402891	-1.9495870839198514712365	1.6632893428236450450441	0.9043099767466138416694	-255.325797	-249.622015	0.393062	1.000000
-2.8595137138234942852932	3.4292581498330942935127	2.5101466401848981924161	1.3209670392174197584012	-254.631610	-248.927827	0.393062	1.000000
-2.8672341493427069281097	3.7254105405576183329686	2.5096648080944103931245	0.0521298271501572860198	-254.709468	-249.005685	0.393062	1.000000
-2.8672341493427069281097	3.7254105405576183329686	2.5096648080944103931245	1.4939155395151875183046	-254.709468	-249.005685	0.393062	1.000000
-2.8670870429387615985206	3.7254170190281725716375	2.5095525970244492164340	0.6914880435292538596315	-254.709468	-249.005685	0.393062	1.000000
-2.8577433569185375361599	3.5367483160484374238308	2.8739787270229495419471	0.8602719923547338387593	-254.571220	-248.867438	0.393062	1.000000
-2.8035887416744369460275	3.6151481992875900139950	2.6374748762366890808551	0.3837296137127967354807	-255.222604	-249.518821	0.393062	1.000000
-2.8035887416744369460275	3.6151481992875900139950	2.6374748762366890808551	0.3837296137127967354807	-255.222604	-249.518821	0.393062	1.000000
-2.8034462087201306168538	3.6151544763463903109368	2.6373661537414170297211	0.3694943120310458795075	-255.222240	-249.518458	0.393062	1.000000
-2.6709475659637487154896	2.0518395677207026395195	2.1848774898274685440924	0.1600511721436427836629	-256.923483	-251.219701	0.393062	1.000000
-3.0144414925520890413679	0.5879171895627222088621	2.8857905262375469490621	1.3421222840501725315221	-255.632566	-249.928783	0.393062	1.000000
-3.0564998193287125083373	2.4017599528196322822282	2.8788573197147098170490	0.8210318443190518511443	-255.926898	-250.223115	0.393062	1.000000
-2.9987640763061405024814	-0.7925458594094922926132	0.7435378922018640590608	1.6566565912338295785133	-255.395313	-249.691530	0.393062	1.000000
-2.8179608628748193943636	-1.6719104306746421784169	2.9119950830720764400894	1.4003590441576398983869	-254.880420	-249.176637	0.393062	1.000000
-2.8325699795338707964731	1.6257132072020303859006	2.9110833286506458961185	1.4004668399429456293603	-254.503656	-248.799874	0.393062	1.000000
-2.7359080251738077116386	-0.2195309768220683466211	2.9831578367468525314621	1.5304939460800612849312	-255.306270	-249.602488	0.393062	1.000000
-2.7394031681410435652424	-0.2196849006499154433047	2.9858238915310222338917	1.8795670064227769646692	-255.432199	-249.728417	0.393062	1.000000
-2.7724987588046907660555	-1.8633579419645136532324	2.2555137286118496220411	1.6781473132052329155783	-255.683187	-249.979405	0.393062	1.000000
-2.8803477228456881853447	2.2886369966288349075967	1.4155020417130719234677	0.6503947390390174554398	-254.582745	-248.878963	0.393062	1.000000
-2.9525945055762585766956	1.3692504019363822553856	2.3143342072527199881904	0.3199802617573058172162	-254.943803	-249.240021	0.393062	1.000000
-2.8313152253683444570243	-1.3659733496134407459977	1.3870186782092912558539	0.0690550761356830411497	-254.474049	-248.770267	0.393062	1.000000
-2.9341275959385306748572	0.7448423477470811349122	0.7431821720178002355084	0.5640808537466052152709	-255.209469	-249.505686	0.393062	1.000000
-2.8745536460556495583774	1.0034686326310371384807	1.3843482241487647943501	0.5634053326429764307903	-254.597407	-248.893625	0.393062	1.000000
-2.9773404567621728489257	-0.5510664041827665338147	1.3879326037607215837966	1.3165772350401014900712	-255.077187	-249.373404	0.393062	1.000000
-2.8360634476385842006607	0.8455512297266198906698	1.0426126807749471758768	0.8954298478213233991596	-254.386434	-248.682651	0.393062	1.000000
-2.9787056999729113471176	1.0719910189362817920511	1.5884192921951412191817	0.9991722185588302052039	-255.083684	-249.379902	0.393062	1.000000
-3.0509550429436269602945	3.1974137544322474013825	1.9896473719818197345433	0.6445282109977497064790	-255.820396	-250.116613	0.393062	1.000000
-3.0509550429436269602945	3.1974137544322474013825	1.9896473719818197345433	0.6445282109977497064790	-255.820396	-250.116613	0.393062	1.000000
-3.0715385797871568307471	3.9869888542576426004871	1.9883627542212969352420	0.6446800900312465998354	-256.120360	-250.416577	0.393062	1.000000
-2.9867580566912135253688	3.3869841032776255573822	2.1446678469635926944648	0.6079565707128208318366	-255.168105	-249.464322	0.393062	1.000000
-2.9306237126694698602591	1.9595030411417730942247	1.8691440501137543961363	1.0256083710870100844659	-255.222763	-249.518981	0.393062	1.000000
-2.8733617827807726996525	2.9390670183088594136223	1.9370763780332067582890	1.6933873845958993253902	-254.624396	-248.920613	0.393062	1.000000
-2.9981452851437810913637	0.5847038889243010295615	1.9674770568050117258707	1.6175619159172651695400	-255.360994	-249.657212	0.393062	1.000000
-2.8921264175753433889327	-0.9286480802965060288301	1.4789745493386368124789	0.8356300960684338585693	-254.592936	-248.889154	0.393062	1.000000
-2.8395063080676026245897	-0.4826175472512431730010	1.1868831539449467005198	0.3478031194207756304770	-254.358640	-248.654857	0.393062	1.000000
-2.8259023050680234234733	-1.0044609072175312292075	1.1877321792606789774283	1.2574971990852190639743	-254.603779	-248.899996	0.393062	1.000000
-2.9086037157168407318864	3.0304469997345058196458	0.7399924926889305254463	1.2618679567374659900025	-254.833735	-249.129952	0.393062	1.000000
-3.1853463763627214433427	1.5043293655477469883408	2.3025376110290869391406	1.6602996831132117439012	-256.445978	-250.742196	0.393062	1.000000
-3.1993036512548123084798	1.5044114222482074527676	2.5763476007506822540449	0.7470412741475185303131	-256.810775	-251.106993	0.393062	1.000000
-3.0019530126121596325106	2.4620180393943864594064	2.1100333675002560518408	0.1070880306230515138788	-255.494188	-249.790406	0.393062	1.000000
-2.9667709231296250926846	1.1124491083401619739846	2.1122290803821153204467	0.1068284337526192728784	-254.967928	-249.264145	0.393062	1.000000
-2.8104459824143184221157	0.0632405743990221980155	2.0739638836708369495909	0.8927488181365981212423	-255.036324	-249.332542	0.393062	1.000000
-2.7785929320445119650174	0.5173182342162317981504	1.2843894480401369939671	0.7262549956315170751608	-255.655289	-249.951507	0.393062	1.000000
-2.7639065774610824810509	0.3065625659771861188929	2.7380836693514760682433	1.2442810528912475742658	-255.718045	-250.014263	0.393062	1.000000
-2.7053719666758837547604	0.7037944052942498585068	2.5272539457963341114066	0.2346617597490763262869	-255.802044	-250.098262	0.393062	1.000000
-2.7053719666758837547604	0.7037944052942498585068	2.9791008693327691858599	0.2346617597490763262869	-255.802044	-250.098262	0.393062	1.000000
-2.7053719666758837547604	0.7037944052942498585068	2.9791008693327691858599	0.2346617597490763262869	-255.802044	-250.098262	0.393062	1.000000
-2.6406194964778464395749	0.7034137167936513890254	1.7064163489823824804148	0.2450118560596076799918	-257.856662	-252.152880	0.393062	1.000000
-2.8560054660726597042242	1.3458071555841430999578	2.8991395368359467177299	0.3845582396225438737147	-254.564857	-248.861075	0.393062	1.000000
-2.7564206922687830569885	2.4052891717727344911282	2.4603274888130872710690	0.4626924856815544662147	-255.774294	-250.070512	0.393062	1.000000
-2.7697547203666168513791	2.4046761543594561416626	1.8572672261063933873970	0.0761443123886989259308	-255.668365	-249.964582	0.393062	1.000000
-2.7757960107905494950842	2.1090981522313509977096	1.8618754528336747267048	0.6795106858017943007866	-255.667151	-249.963369	0.393062	1.000000
-2.7624844182760424082801	1.5984715253122478983983	1.8627062288220275210193	0.4349437254911916461708	-255.791769	-250.087987	0.393062	1.000000
-2.8781481430152893175034	2.1453328537348919091698	2.1511501999785327399195	0.4332809888917941165687	-254.589045	-248.885262	0.393062	1.000000
-2.8397190095576423374268	3.3657566265245910663850	1.9411198703392971154358	1.3029582155209802341034	-254.362089	-248.658306	0.393062	1.000000
-2.8309540695651063124672	3.3661426287932099121747	1.9344340751031319225461	0.4275707261976404716108	-254.483436	-248.779654	0.393062	1.000000
-2.9323515303624425598628	3.3634910520599241579021	1.9292582447634731845909	0.4265938312311022273526	-255.181851	-249.478068	0.393062	1.000000
-3.0065792585425179517244	3.1328816557443133206107	2.5143228839309186284368	0.3411985332714402852083	-255.536582	-249.832800	0.393062	1.000000
-3.0934941682199585955004	3.5139078895389022072493	2.6749372258674126712208	0.2867557556984385302989	-256.273978	-250.570196	0.393062	1.000000
-3.1069874431017074911665	-1.7112903161790491424199	0.8626067323331902958472	0.2763873697123299111311	-256.103581	-250.399799	0.393062	1.000000
-3.0968201183430292822152	-0.3419416804203245785487	0.6631469445742251833664	1.0473879017938994007153	-256.221160	-250.517377	0.393062	1.000000
-3.0968201183430292822152	-0.3419416804203245785487	0.7425083161178653856638	1.0473879017938994007153	-256.221160	-250.517377	0.393062	1.000000
-2.7096444451140704323677	-0.3318982502692286451484	0.7659721340637142272811	1.5052813077998288271431	-255.606622	-249.902840	0.393062	1.000000
-2.7248213244076322503417	-0.3320314023648956447410	0.9797122042397050645235	1.4186388170828549970537	-255.325932	-249.622149	0.393062	1.000000
-2.8629946990356058833527	-0.1090254471685804943393	0.6059150812300463373461	1.5825349866314828428671	-254.676239	-248.972457	0.393062	1.000000
-2.9856979415946818257055	0.0712855109441470902176	2.6462350574459301277841	1.5048128663809674510077	-255.205894	-249.502111	0.393062	1.000000
-2.9152422309878862627386	-0.6166386509858396980377	2.6345306043951799424008	0.7060775886909514964529	-254.980981	-249.277199	0.393062	1.000000
-2.9430735494397954887802	-1.3252866132502325591247	2.3618075858827509705407	1.1798865632714470308429	-255.157603	-249.453821	0.393062	1.000000
-2.9583920797585250284101	-1.3253391043040185781621	2.6084788190167103039130	1.7454369555113233847266	-254.918140	-249.214358	0.393062	1.000000
-2.9583920797585250284101	-1.3253391043040185781621	2.6084788190167103039130	1.7454369555113233847266	-254.918140	-249.214358	0.393062	1.000000
-2.9583920797585250284101	-1.3253391043040185781621	2.6084788190167103039130	1.7454369555113233847266	-254.918140	-249.214358	0.393062	1.000000
-2.8817442467026199715008	-0.2749055868466810936823	2.5445925903104380516595	1.4813600103152388953731	-254.580468	-248.876685	0.393062	1.000000
-2.8751915128763974038861	-1.2054050859527520866976	2.5411630147495807285907	1.4933968904376260233846	-254.596646	-248.892863	0.393062	1.000000
-2.8232486435923633827372	-1.2057104650829080227936	1.5308123067503596193006	1.5016994879770075854708	-254.710892	-249.007109	0.393062	1.000000
-3.1887507298710180414503	1.0474634226539454306959	1.2646467403150472019746	1.2580047789312911454829	-256.517528	-250.813746	0.393062	1.000000
-3.1539622372743352229918	-1.9598105209132887782886	1.2676941376375896464168	1.4554686913712659990239	-256.590664	-250.886882	0.393062	1.000000
-3.0024573889921599700870	-1.9558486196237887533300	1.2754276980658096896093	1.4569283366378158461885	-255.488094	-249.784312	0.393062	1.000000
-2.8120281879765314236863	-1.1574347591561615633537	1.6801400320479413785790	0.8818800394995723879177	-255.017061	-249.313279	0.393062	1.000000
-2.9003410248229211099158	-1.5145744703667334274400	1.1398886067670590538370	1.3028295310624120606491	-254.620860	-248.917078	0.393062	1.000000
-2.8825595214398136434397	-1.5146368989537322136130	0.8069619893799903076470	1.2212833325515042304232	-254.585164	-248.881382	0.393062	1.000000
-2.8820587688591108310732	-1.5146148461350783520629	0.8065800210811301385050	1.1712712908527609378950	-254.581402	-248.877620	0.393062	1.000000
-2.7618247020624679954892	3.1794110386933547296451	0.5124585684049384193273	1.1629965288272385848245	-255.742358	-250.038575	0.393062	1.000000
-2.7618247020624679954892	3.1794110386933547296451	0.5124585684049384193273	1.7358045848498584451391	-255.742358	-250.038575	0.393592	1.000000
-2.7907529616553405915624	-0.0459032061282142883618	1.0291167647313688160438	1.8955619613899146180813	-255.404733	-249.700951	0.393592	1.000000
-2.7863149442681121037424	1.2400808524769997287507	0.8120645559033968785556	1.6411943018006243111273	-255.534177	-249.830394	0.393592	1.000000
-2.7873069834687904666737	1.6783420586543946750879	0.8051194844948185158628	0.8177768908392284430420	-255.456945	-249.753163	0.393592	1.000000
-2.9063289618876089193122	-0.9751168053829648574293	0.7836775295551074993483	0.6479867181216230065388	-254.736978	-249.033195	0.393592	1.000000
-2.8956664052433311873358	-0.8926385000641146039158	2.5009241538615207822716	0.6502346129076442826644	-254.590286	-248.886504	0.393592	1.000000
-2.6485918939844457220545	1.8310560745027777418414	1.9604165760978324861696	1.5421623088758960040678	-257.601731	-251.897949	0.393592	1.000000
-2.9989834953512044535273	3.4105633340822927301872	1.8871981249161917659762	1.8039497260136703182809	-255.393802	-249.690020	0.393592	1.000000
-2.9521482315318174904917	0.4138674216138258366016	0.9293505848394134627455	0.7959092719250624448080	-254.955845	-249.252063	0.393592	1.000000
-2.9239238003741547800018	0.3838396187638047907242	0.9534777120222770463442	0.4729906118838613227062	-255.221598	-249.517815	0.393592	1.000000
-2.9361232560251191436862	0.5024651493262446422250	0.9616466364187093995852	1.4603806185281953400334	-255.179948	-249.476165	0.393592	1.000000
-3.0915265029184251233119	-0.1037984640788919138421	1.2988181745830791324892	1.7016849346792324304545	-256.223333	-250.519550	0.393592	1.000000
-3.2104828907035360963107	-0.0288540190771259114078	0.5169656856464933669670	1.3162230472040366002773	-257.365952	-251.662169	0.393592	1.000000
-3.1708635529166251387778	-0.4260599227745357486796	0.9968963751329478206742	0.6187440109022657175331	-256.435559	-250.731777	0.393592	1.000000
-2.7447966247108697146473	-0.9481383840247901151344	0.8581952768092417915824	0.6319314105457095598339	-255.534595	-249.830813	0.393592	1.000000
-2.7754679980814480622087	0.6954039380863422659118	0.6170007232972470889720	0.6717285418602995106241	-255.662145	-249.958363	0.393592	1.000000
-2.7966631307859737276544	0.7180052048160592281789	2.6622700111140127354759	1.0392511454152670857809	-255.355869	-249.652087	0.393592	1.000000
-2.7966631307859737276544	0.7180052048160592281789	2.2981707421601011986922	0.0207726549959397210898	-255.355869	-249.652087	0.393592	1.000000
-2.9741678606927051120579	2.9160784277727391788915	2.3530466798399993777480	0.1396544079321501985458	-255.041474	-249.337692	0.393592	1.000000
-2.7417530180757436752970	0.9393106203335952475442	2.2157227868358031486196	0.8995576824152649031419	-255.467982	-249.764200	0.393592	1.000000
-2.7653602850453715689127	1.3434778360097461291645	2.3107180953042911752959	1.4761994825894677596523	-255.769029	-250.065246	0.393592	1.000000
-3.1118559348810421738563	1.3347371511847754277369	2.5459573260593133525731	1.4699806208138581631317	-256.039552	-250.335770	0.393592	1.000000
-3.1136896677005978517627	2.0954815922406755390739	1.3488912066123297517350	0.0497334357492111994725	-256.045390	-250.341607	0.393592	1.000000
-3.1031006128206430894068	2.4622304162416464023977	2.5017832916243403218459	0.4171389435463580541708	-256.141717	-250.437934	0.393592	1.000000
-3.2034273600530407399845	2.2426330222160610894377	2.5856148196916399761847	1.2826869065491086630004	-256.978661	-251.274879	0.393592	1.000000
-2.7210133253126822516776	2.6978589331974927034707	1.2910796480751334236459	0.7489246554255809540379	-255.329270	-249.625487	0.393592	1.000000
-2.7491390730664364561164	2.6968746454782377419690	1.9690818405164220994408	0.8871634078924489630325	-255.633842	-249.930059	0.393592	1.000000
-2.9546630099125281709860	1.2753937959300825077946	2.7010874554341288700243	0.9661463506900127562460	-254.921708	-249.217926	0.393592	1.000000
-2.9756829257458159432304	-1.2783413363786182426196	2.2935332689995595600863	1.1798788820644920960490	-255.038491	-249.334708	0.393592	1.000000
-2.8432782729097922924666	-1.0342061473412471617195	0.5388980212169752759266	1.2530465873836220680460	-254.349230	-248.645448	0.393592	1.000000
-2.9191613053066163274707	-1.1159792675857804766792	2.0114533978946296244317	1.0984669740927921477436	-255.102751	-249.398969	0.393592	1.000000
-2.9191613053066163274707	0.1227497043154714972957	2.0114533978946296244317	1.0984669740927921477436	-255.102751	-249.398969	0.393592	1.000000
-2.7632721385584626538900	-1.2850189795500259748451	2.0118287841438591279086	0.1456295304598223538939	-255.757745	-250.053962	0.393592	1.000000
-2.8415068968692351880634	-0.6515901696082515570652	1.5499610783266517533008	0.1278703313151317300100	-254.338481	-248.634698	0.393592	1.000000
-2.8415068968692351880634	-1.5622069298506322532205	1.5499610783266517533008	0.1278703313151317300100	-254.338481	-248.634698	0.393592	1.000000
-2.8415068968692351880634	-1.5622069298506322532205	1.5499610783266517533008	1.7111526081071890548202	-254.338481	-248.634698	0.393592	1.000000
-2.8953797138921246734355	-0.6066435972063397574772	1.6107695357187870044413	1.8391735409607348206151	-254.588873	-248.885091	0.393592	1.000000
-2.8503124962149164467462	-1.0549102229105724592984	1.5179297398263673635199	1.6525357195567877965914	-254.440046	-248.736264	0.393592	1.000000
-2.8566822728768945793831	-0.4688969653227448297628	1.6896800172497854486409	1.6401373619204788756321	-254.566681	-248.862898	0.393592	1.000000
-2.9838754271185963240498	-1.2604399471189304815510	0.8176254849163810956014	1.9567011501089077718518	-255.135286	-249.431504	0.393592	1.000000
-2.9915231989117487820806	3.8078283471694485129433	0.9767314316743955782130	1.9552904768980259309075	-255.247971	-249.544189	0.393592	1.000000
-2.9781024175814447829680	-0.7025142092596818876871	2.2690205147092115112173	1.9447641621564417668822	-255.037741	-249.333959	0.393592	1.000000
-2.9781024175814447829680	-0.7025142092596818876871	2.2690205147092115112173	1.4916861876280020915431	-255.037741	-249.333959	0.393592	1.000000
-3.0890745438443785175764	-1.6269158906273701870049	1.6195259678902766964370	1.1422371100860289061529	-256.191571	-250.487788	0.393592	1.000000
-3.0238028490930601854814	-1.2906402182388099220134	2.7685880200098358372429	1.4739834599137786597112	-255.833678	-250.129895	0.393592	1.000000
-2.9787224594161902935241	-1.2906431258437518483362	2.0110454969391495794184	0.7064171596430798283350	-255.083684	-249.379902	0.393592	1.000000
-2.9787224594161902935241	-1.2906431258437518483362	2.0110454969391495794184	0.3083110184727380076453	-255.083684	-249.379902	0.393592	1.000000
-3.0465962737506133706233	-1.0564101321858583304447	2.0130202800134830987133	0.6386681445995199268850	-255.819802	-250.116020	0.393592	1.000000
-2.8117425502641482104593	0.4335987444815061486736	1.8131102884946836972802	0.8280034232857880205358	-255.018651	-249.314869	0.393592	1.000000
-2.8706399788900927028124	1.1923850722616200492610	2.3210754255577135118926	0.9825381004994379052775	-254.660644	-248.956862	0.393592	1.000000
-2.8712002563022371859347	0.8742804433635078531495	1.7251449379303722686529	0.8427075655335201087581	-254.632341	-248.928558	0.393592	1.000000
-2.9130347104334290975203	2.1242113577326300344339	1.8217568991392536492668	0.8269716501735255853589	-254.921944	-249.218162	0.393592	1.000000
-2.9077279727922937802020	-0.1769356724598143415506	1.8218222159660586445540	0.8272367015200291495702	-254.757655	-249.053872	0.393592	1.000000
-2.8923252356664157503019	1.8114484418676148891336	1.5237595872943745511918	0.8227134413971006754451	-254.596715	-248.892933	0.393592	1.000000
-2.8802245027262878274144	1.3454546883207210150601	1.5237327597409573431975	0.8024432229879543410078	-254.578110	-248.874328	0.393592	1.000000
-2.8483372343191661890671	0.2795396070516436015652	1.9032298021311211400075	0.6101808444846696932728	-254.395511	-248.691729	0.393592	1.000000
-3.0014806594825369501223	1.4019019483350587673698	1.8968754594987726758148	0.6072660859073987227319	-255.492277	-249.788494	0.393592	1.000000
-2.6809721873508425282751	0.1695365632410854028755	1.4230122606228237103210	1.4526858271427354196703	-256.522730	-250.818948	0.393592	1.000000
-2.9523971532088304492447	0.8996464487896992379135	1.5595546143877114797505	1.9684192818353041243284	-254.943957	-249.240175	0.393592	1.000000
-2.8009744682124053660743	0.9708453029388901533991	0.5988665629404629209276	1.0436997532586298476076	-255.268971	-249.565189	0.393592	1.000000
-2.9603295901442501225631	1.0883947857872453557349	1.2071271868436270757741	0.6571239351212908585964	-254.950944	-249.247162	0.393592	1.000000
-2.6711847440965197364449	1.2979204745816643740142	1.1115937470548935550596	0.1038016571703112012059	-256.887837	-251.184054	0.393592	1.000000
-2.8441979362690590349416	0.8943375664706391114933	0.6802028274727671686151	1.2512765182674971953247	-254.399156	-248.695374	0.393592	1.000000
-2.7178863051144155349448	1.2862218947279511205295	1.0511914880061088428675	0.4455369569360840276140	-255.368885	-249.665103	0.393592	1.000000
-2.7993995450876951736063	2.4066681017117956820073	2.1484268734502007802689	0.3356121193821545167779	-255.304393	-249.600611	0.393592	1.000000
-2.8363968047622138968222	2.4546491205035656513189	2.2661644956106758996839	1.7279512556668938927373	-254.386673	-248.682890	0.393592	1.000000
-2.8414567684207407971542	2.7257661161779789260606	1.3828824221057864907181	1.8138090916365523508347	-254.403503	-248.699721	0.393592	1.000000
-2.8414567684207407971542	2.7257661161779789260606	0.8163790165113844476963	1.0841977377827853867842	-254.403503	-248.699721	0.393592	1.000000
-2.8414567684207407971542	-1.5915190569359796146642	1.5220482320289792088630	1.0841977377827853867842	-254.403503	-248.699721	0.393592	1.000000
-2.8633269110031092097302	1.6297363082349081153666	1.5963311282518910516615	0.9078374520646119716361	-254.673591	-248.969809	0.393592	1.000000
-2.8736071732807952905375	1.6305334031917315673610	1.6032149341957471211373	0.3761345192114046720455	-254.624117	-248.920335	0.393592	1.000000
-2.8353795251518145725811	2.0705007287991357145529	1.7806062030651399474834	0.4817366892364315367203	-254.469575	-248.765792	0.393592	1.000000
-2.8217195140615900506020	1.9425592377080584949312	1.7812645660225101540419	0.7948645982246941299465	-254.702412	-248.998629	0.393592	1.000000
-2.7615155547346224018668	1.9437116431103533820135	0.5287679949461077111295	1.4158324626263170120666	-255.746475	-250.042693	0.393592	1.000000
-2.8773078681394008704331	2.0154905247435608295348	0.5232553397600125943967	1.4143786636875843587546	-254.583704	-248.879921	0.393592	1.000000
-3.1069287883896601343281	3.0495435388830274270333	0.6922492925457722767746	1.3947718726231310704122	-256.103581	-250.399799	0.393592	1.000000
-2.9537537559603350700854	0.3553160996735608700980	2.1765675994410118576639	1.3741495130473873054200	-254.969230	-249.265448	0.393592	1.000000
-2.9537537559603350700854	0.3553160996735608700980	2.9359902714083356833896	0.7140969340637008944128	-254.969230	-249.265448	0.393592	1.000000
-2.9537537559603350700854	3.0085976712070241489982	2.9359902714083356833896	0.7140969340637008944128	-254.969230	-249.265448	0.393592	1.000000
-2.9575383827726211549702	3.1575075467771815951323	1.7694122146359709812913	0.7139079063595923368979	-254.911042	-249.207259	0.393592	1.000000
-2.9395614348040330909839	2.7570435270228408342064	1.0213649259048640516312	0.7196408403926265462403	-255.191341	-249.487559	0.393592	1.000000
-2.8682700669828600226197	0.7481801285805252943462	0.6012248473591701447560	0.7259220434121171905417	-254.675516	-248.971733	0.393592	1.000000
-2.8318908507621149972522	-0.6831960227444217048642	0.6016726130347848089386	0.7277390467946307506253	-254.506501	-248.802718	0.393592	1.000000
-2.8539207736441158935747	-1.8785844834982214912600	0.5944025825219201308869	0.1512548303777968561334	-254.506772	-248.802989	0.393592	1.000000
-2.8648399376015625250602	-0.2159421027668617654172	0.5024415986381908227898	0.2750246605473723460200	-254.716036	-249.012254	0.393592	1.000000
-2.9233306126202314167983	-0.3121132108118734316271	1.7982336584615190577807	0.1710503198864084528630	-255.205157	-249.501375	0.393592	1.000000
-2.8985982850488904993824	-1.5064638360634405866989	1.8764375227003244894775	0.3605876705515464464291	-254.587747	-248.883964	0.393592	1.000000
-2.8985982850488904993824	-1.5064638360634405866989	2.5677246238643847142669	0.3605876705515464464291	-254.587747	-248.883964	0.393592	1.000000
-2.9014741271698820668234	1.2005085364887679855173	2.7900247209717874419255	0.1868734667407772886971	-254.627864	-248.924081	0.393592	1.000000
-2.8085721175280462524881	0.3458074636634560494741	2.7036288033811373132664	1.1599904536329341819823	-255.113012	-249.409230	0.393592	1.000000
-2.8398537031387625084733	-0.2248836814705285902516	2.7259988366972440765323	0.7226174078473341921836	-254.361603	-248.657821	0.393592	1.000000
-3.0274522605392668594959	2.0659690184926278178068	2.6477238408062309105162	0.3245316717044639531764	-255.903311	-250.199529	0.393592	1.000000
-2.8654653582556135482662	1.9831011714357456021673	2.0434487877654983201126	1.2810753804722503357283	-254.690971	-248.987189	0.393592	1.000000
-2.9852015520394155068118	-0.6474311124200009537333	2.6985314677205525235593	1.7921578494303109785335	-255.173917	-249.470134	0.393592	1.000000
-3.0567827638846294391328	3.9747821052310507994321	1.2246151596148020512800	1.9520432903443816208267	-255.926940	-250.223158	0.393592	1.000000
-2.9219123238284603338855	2.9890279616806076923297	0.8671453644645764624599	1.2937536382240941712496	-255.188000	-249.484218	0.393592	1.000000
-2.9067385624437704905176	3.1416669656752653772003	0.8095696049888528866845	1.9942205866493063481926	-254.743260	-249.039478	0.393592	1.000000
-2.9391727328741414915214	3.1410461209062376930490	1.4843373063807137057779	1.9882379270484709099520	-255.175717	-249.471934	0.393592	1.000000
-2.9448077908353451626056	3.3627630355329327649372	1.4842679484946115220367	1.9879564773516429365685	-255.160740	-249.456957	0.393592	1.000000
-2.7519205458271041031537	3.1935215597227957218252	2.1375803122871639416758	1.6284006190867403862654	-255.734700	-250.030917	0.393592	1.000000
-2.8982432176139667490133	-1.1194721262115232551793	1.6817993794286179021213	1.6341192063294724956535	-254.597060	-248.893277	0.392900	1.000000
-2.8982432176139667490133	-1.1194721262115232551793	1.6817993794286179021213	1.8788354113255414379324	-254.597060	-248.893277	0.392900	1.000000
-2.8879606908051886904332	3.0119269412893947546195	1.6683929428231694114260	1.0361034613744977139760	-254.603439	-248.899657	0.392900	1.000000
-2.9194687352625785514704	2.8705044372680026398825	1.0297241447413252313225	1.3709731858494349499011	-255.106050	-249.402267	0.392900	1.000000
-3.2250748951042140788559	3.8771639536004256498813	0.8417726943555335905600	0.8671247314574347386795	-257.713112	-252.009329	0.392900	1.000000
-3.0919928156399199004056	0.9810848372708669273834	0.8969650253497746250630	0.3807127942916060936440	-256.198641	-250.494859	0.392900	1.000000
-3.1154612271775743437274	1.9160876293605539899545	0.8961197157774228871929	0.3806423111539083414812	-256.094864	-250.391081	0.392900	1.000000
-2.7753058757740385331658	0.4731112727495704328717	1.1103646999337453138423	0.4533912287130208440544	-255.684084	-249.980302	0.392900	1.000000
-2.9048090090788978301362	-0.8778593767589210061786	1.4255170442057953916759	0.3881273058196568759293	-254.670277	-248.966494	0.392900	1.000000
-2.7148173714208034823514	3.3821191815239668443382	1.2478948908048443922070	0.6988256733815607635307	-255.414257	-249.710475	0.392900	1.000000
-2.7860322755315638509899	2.6155300332164861387696	1.2711607119188066405968	0.5667127532093501063315	-255.538124	-249.834341	0.392900	1.000000
-2.8828021836179420489543	2.6130968502705305134270	1.2665248244375406638795	0.5656052452326123525239	-254.594615	-248.890833	0.392900	1.000000
-2.8917279151183139518366	3.1184672511157995877795	1.2611691887560212421704	0.2576270576376484267023	-254.584753	-248.880970	0.392900	1.000000
-2.8917279151183139518366	3.1948476470799231918818	2.1369643156750774970476	0.2576270576376484267023	-254.584753	-248.880970	0.392900	1.000000
-2.8460267288479172975713	3.1951299265639785396331	1.1790720497260349652890	0.2734231801314773724343	-254.362960	-248.659178	0.392900	1.000000
-2.8412208090739365928812	3.1951596109696782654908	1.0783404548166553027500	0.2750842945059742139513	-254.404268	-248.700486	0.392900	1.000000
-2.8412208090739365928812	3.1951596109696782654908	1.0783404548166553027500	0.2750842945059742139513	-254.404268	-248.700486	0.392900	1.000000
-2.8412208090739365928812	3.1951596109696782654908	2.6969877360985092806800	0.2750842945059742139513	-254.404268	-248.700486	0.392900	1.000000
-3.0734513038972646192803	0.3648842946148773136450	2.6850202440658423874709	0.2718284129883942190631	-256.163209	-250.459427	0.392900	1.000000
-3.0705160344403110705969	-1.4044604724982860943783	2.4989546009654923786059	0.0717607215970896827884	-256.128622	-250.424840	0.392900	1.000000
-3.0323376562846582338295	-1.4132970275591074660326	2.4143814629960798079367	0.9692657375719512247159	-255.974559	-250.270776	0.392900	1.000000
-3.0345499805927524938909	-1.4133362805977509601973	0.8434324195802092027918	1.1505826855124916541229	-256.012280	-250.308497	0.392900	1.000000
-3.0515603605834460410051	1.3118237920243203120663	2.3091295076779787542876	0.2453382169530408940528	-255.827292	-250.123509	0.392900	1.000000
-2.8000752852790804503513	3.5895451460065439519553	2.3691940491005771818323	0.3676643648424302579514	-255.299601	-249.595819	0.392900	1.000000
-2.9202688527185989286750	-0.1422188708614315899581	2.8338720807415467284329	0.4991932608230973955621	-255.135021	-249.431238	0.392900	1.000000
-2.8869941688633611320824	-0.3564709981823644957544	2.6831441383502743214251	1.2584316853074770659049	-254.591069	-248.887286	0.392900	1.000000
-2.8684537016172155787785	-0.1571762621024062056563	2.2945378103419167281629	1.2648399979928450775901	-254.674918	-248.971135	0.392900	1.000000
-2.8559852474700155866572	-0.7645993460045350520460	2.3628415436406924321489	1.2194301088357555329367	-254.564857	-248.861075	0.392900	1.000000
-2.8339976601472893769085	-0.7644694794107823598850	1.1465686984020859728872	1.2693168404196761844815	-254.438300	-248.734517	0.392900	1.000000
-3.1472510220739486896946	-1.2974772581253481984476	1.0088713447110684295893	1.8226507112443057767592	-256.449005	-250.745223	0.392900	1.000000
-3.1687245377342971863754	-1.2974292528593447393348	1.7659385457813661091109	0.5298338116426577482088	-256.445015	-250.741232	0.392900	1.000000
-3.0194625506775185641573	-1.7991251778095609381580	2.4034990725709386438780	0.6966298743483505528928	-255.757739	-250.053957	0.392900	1.000000
-3.0258125808042732884928	-1.5461342206310897395838	2.9823970447608112444016	0.6966108031791284904699	-255.838470	-250.134688	0.392900	1.000000
-3.0269517478358332063237	-1.5461544327524987529898	2.9838822993947777817425	0.7899742800442488555035	-255.905165	-250.201383	0.392900	1.000000
-3.0104023147609857424811	-1.5459604717322130706947	2.7386182454930914076385	1.5671805390733020146854	-255.577505	-249.873723	0.392900	1.000000
-2.6960919281966484462032	-0.7587126165449682435593	1.5324465184537638950957	1.5839186135906599961487	-256.087005	-250.383222	0.392900	1.000000
-2.7578720421722935363107	0.3080933729015599142897	1.6187363007072144149845	1.3321129776599911487267	-255.776751	-250.072968	0.392900	1.000000
-3.2713137833746155358483	-1.3062991579100933225988	1.4146663880529493084737	1.7556613298408592083177	-258.259074	-252.555292	0.392900	1.000000
-2.9310141135949487889434	-1.2985673516786089276565	0.5175619726369127260313	1.7740865533734371251029	-255.223063	-249.519281	0.392900	1.000000
-2.9310141135949487889434	-1.2985673516786089276565	0.5175619726369127260313	1.7740865533734371251029	-255.223063	-249.519281	0.392900	1.000000
-3.1229729930068983456692	-1.4023543535540670124107	2.3676559228650857491516	1.1779488661595034493246	-256.178438	-250.474656	0.392900	1.000000
-2.9479220091167057660186	3.6517903226195200794280	1.6674207277189889708779	1.8250201997831880795786	-255.080563	-249.376781	0.392900	1.000000
-2.9479220091167057660186	3.6517903226195200794280	1.6674207277189889708779	1.8250201997831880795786	-255.080563	-249.376781	0.392900	1.000000
-2.9302499155022569965467	3.6521038767268554359191	1.6443797177480345972356	0.3766565642312651451817	-255.234976	-249.531194	0.392900	1.000000
-2.9067000841844246039614	3.6521547157727738408539	0.9899778534891643388960	1.0580915636269603297137	-254.740676	-249.036893	0.392900	1.000000
-2.8983858303719460813852	3.1085813473902907944080	0.9974145455278807803623	1.4947188522932415288835	-254.599707	-248.895924	0.392900	1.000000
-2.9381281503905753993422	3.5575495429745958020362	1.1184199838618931188705	1.5942205917584673091625	-255.150432	-249.446649	0.392900	1.000000
-2.9381281503905753993422	3.5575495429745958020362	1.1184199838618931188705	1.5942205917584673091625	-255.150432	-249.446649	0.392900	1.000000
-2.7751639705665849255922	0.1066104535305889555730	1.0255462651089559678041	0.4828604847907594366241	-255.684084	-249.980302	0.392900	1.000000
-2.6952214349423564421215	-0.5902677885918725664283	0.5771113318078262555133	0.6157894910940543420352	-256.101962	-250.398179	0.392900	1.000000
-2.7004339430100294805470	-0.5902999843445007055465	0.6863649764436381417454	1.0859008795083897602751	-255.941845	-250.238062	0.392900	1.000000
-2.6798578334579836734974	1.9492919045648804399207	0.8949342936208004584131	1.0825710932317171852901	-256.529760	-250.825978	0.392900	1.000000
-2.7749814859715402626250	1.8955019562018837753214	0.8903772721398430789463	1.0814824262481632644040	-255.675852	-249.972070	0.392900	1.000000
-2.7881679500385772030313	1.9203288078813669503830	0.9169889813834124492331	0.4938616314339265844779	-255.463493	-249.759711	0.392900	1.000000
-2.9511375057627637907842	3.2493383901728396523367	1.2565414057764772159942	0.3443962720604349381226	-255.014737	-249.310955	0.392900	1.000000
-3.0302880039603454775943	3.4907986811433135976301	2.5890626222639538944748	1.1520211074635224868246	-255.948619	-250.244836	0.392900	1.000000
-2.8935149212240531824136	1.8320816667647925601869	1.4587799288296663391407	1.3335192323804918590469	-254.555524	-248.851742	0.392900	1.000000
-2.8935149212240531824136	0.8504706542732716201272	2.6289106461563296335271	1.3335192323804918590469	-254.555524	-248.851742	0.392900	1.000000
-2.9052852320115416517865	1.1334396412029998923998	2.6347379995354995863011	1.7158926636667899412458	-254.720382	-249.016599	0.392900	1.000000
-2.8253065620292732162966	1.1340569771939756904544	1.1679962266656065406067	1.4603939110715618010516	-254.605047	-248.901264	0.392900	1.000000
-2.7357438540745042665492	1.0053568228107161441898	1.0908860282687187215345	1.5876796552240164395187	-255.305609	-249.601826	0.392900	1.000000
-2.8242500438148048225173	0.9199258220345180037114	1.1098245702461893014146	1.9147879544188217693090	-254.622961	-248.919179	0.392900	1.000000
-2.8242500438148048225173	0.9199258220345180037114	1.1098245702461893014146	0.2121325156433486736063	-254.622961	-248.919179	0.392900	1.000000
-2.8201073537461884832567	0.9199514099133150324406	0.7598247207592375707108	0.2135643918180864242462	-254.791707	-249.087925	0.392900	1.000000
-2.9490553035628761513465	-0.4355184076596003150961	1.2783337178131766176392	0.5186017548219152839550	-255.042155	-249.338373	0.392900	1.000000
-2.9198080982272225369911	0.9011954881669916872511	2.2842926384065584954897	0.9724986150496547354649	-255.117553	-249.413771	0.392900	1.000000
-2.9038348995849627698362	0.9012941487629063663789	1.9494960020269114231439	0.9780195790106019915200	-254.669198	-248.965415	0.392900	1.000000
-2.9008927040209369074830	1.4857549438612862591214	1.9907558075470386249606	1.0861620637563120794766	-254.621477	-248.917695	0.392900	1.000000
-3.0521139527381175859944	3.9028561536462307302031	1.1548420041017035675424	0.6639827750853039001200	-255.845951	-250.142168	0.392900	1.000000
-2.9961497375496084494273	3.9796559853256989747194	1.0439019967591329773882	0.7732213596410718592367	-255.296805	-249.593022	0.392900	1.000000
-2.9715264284725684262867	2.9986410282383846315213	1.0447889046281382263714	0.7732953113050550220109	-255.021392	-249.317609	0.392900	1.000000
-3.0079189754649036103729	3.8882358005193538019739	0.6748793128216533654395	0.4133684898044058253497	-255.542304	-249.838522	0.392900	1.000000
-2.9968392835647392757892	3.6300827553804602132459	0.7513391079390973059660	0.3860228104027548234889	-255.298541	-249.594759	0.392900	1.000000
-3.0040083035214717455119	3.6300556331960103229051	0.9307603065792281471502	0.2614502601112097535108	-255.506605	-249.802823	0.392900	1.000000
-2.7161776014139458190755	0.5893616069185658723484	0.8255324620648407663026	0.2110529135596223015980	-255.422487	-249.718705	0.392900	1.000000
-2.7872999517123879797964	1.4850060751429337013718	1.4732274590668323899223	0.4807439174641396917309	-255.456945	-249.753163	0.392900	1.000000
-2.8212047606193721982493	3.4127564846325366687552	2.3781201796732074349450	1.0458451289888730517674	-254.701655	-248.997872	0.392900	1.000000
-2.8259729019004091732370	3.8965143963030155482841	2.3680728178917864745756	0.4417136170808814710220	-254.603610	-248.899828	0.392900	1.000000
-2.8084725425175958157809	3.8456928163492123395883	2.3398824036318335295448	0.7283341654237507345471	-255.113161	-249.409379	0.392900	1.000000
-2.8107011753234529827239	3.8456532739505999707319	2.3427881120227946887269	0.9109877198595879299603	-255.043489	-249.339707	0.392900	1.000000
-2.9649735675730206629908	2.9978133171416381230756	2.9347833785515469173788	0.1687894853938411987571	-254.955603	-249.251820	0.392900	1.000000
-3.0447092660690349141817	3.6339871337780982329946	2.8240183610280618076160	1.3701621466449607211757	-255.838509	-250.134726	0.392900	1.000000
-2.7144686997359963598342	2.5951593708282869599202	1.8551869121968838083347	1.0595538048921333551533	-255.466694	-249.762912	0.392900	1.000000
-2.7376669702861673449945	3.1375537397081378898633	0.9889912770241883199773	0.7971732177505447269894	-255.377614	-249.673831	0.392900	1.000000
-2.8310773709321077618029	3.1369767778861032958559	2.9468638759660574777399	0.8847751405423029957831	-254.484981	-248.781198	0.392900	1.000000
-2.8310773709321077618029	3.1369767778861032958559	2.3870853800974889402653	0.8847751405423029957831	-254.484981	-248.781198	0.392900	1.000000
-2.7905442001395619477933	0.3058830003241710393524	1.3884451281187006888018	0.1852017191221668745982	-255.408904	-249.705121	0.392900	1.000000
-2.9811570086842062998755	2.9565601168752166927334	2.5270224755717354270246	0.5823988047724162342433	-255.112547	-249.408765	0.392900	1.000000
-2.8546869306327109505617	1.0108031667841119727314	2.5753886258681557563932	0.5827512618566790258967	-254.507448	-248.803666	0.392900	1.000000
-2.8546869306327109505617	1.0108031667841119727314	2.5753886258681557563932	1.2601337240625420932361	-254.507448	-248.803666	0.392900	1.000000
-2.8476313213281856384640	0.8032916666064702226890	1.0938741787838790475718	1.4241332643813791047904	-254.381025	-248.677243	0.392900	1.000000
-2.7328986292588943740611	-0.3632046447940275313293	0.9358603411364788682292	0.9092720791857692441695	-255.255682	-249.551899	0.392900	1.000000
-2.7328986292588943740611	-0.3632046447940275313293	0.9358603411364788682292	1.0581990969466472662930	-255.255682	-249.551899	0.392900	1.000000
-2.8744169873713509844038	0.3879479130337721293209	2.4206586377682146604684	1.1620616530572813740463	-254.593196	-248.889413	0.392900	1.000000
-2.8744169873713509844038	0.3879479130337721293209	2.4206586377682146604684	1.1620616530572813740463	-254.593196	-248.889413	0.392900	1.000000
-2.8240952649530823848067	-1.1919268212473921320083	2.4081854288777515549214	0.2883164337508645203023	-254.624268	-248.920485	0.392900	1.000000
-2.9186346639435978289612	0.6612528302910707367346	2.4037490652029451787541	0.2688103615306514093675	-255.080012	-249.376229	0.392900	1.000000
-2.9515968089364008619668	0.6604240299889456711213	0.6118688618325536232589	0.2684331178271922024869	-255.021998	-249.318215	0.392900	1.000000
-2.9515968089364008619668	0.6604240299889456711213	2.7191307451071136114251	0.2684331178271922024869	-255.021998	-249.318215	0.392900	1.000000
-2.8098262597347800628711	0.5586533489881505554209	2.1191470684296076498754	0.4368973609070909702723	-255.054198	-249.350416	0.392900	1.000000
